code,title,title_tokenized,description,description_tokenized,title_en,description_en,kw,kw_en
01111,การปลูกข้าวโพดที่ใช้เมล็ดแก่,การ|ปลูก|ข้าวโพด|ที่|ใช้|เมล็ด|แก่,การปลูกข้าวโพดที่เก็บเกี่ยวเมล็ดแก่มาใช้ประโยชน์เพื่อเป็นวัตถุดิบในการผลิต แป้ง น้ำมัน หรืออาหารเช้าจากธัญพืช คอร์นเฟล็กซ์ แต่ไม่รวมถึง การปลูกข้าวโพดที่กินฝักสด เช่น ข้าวโพดหวาน ข้าวโพดฝักอ่อน ดูกิจกรรม 01132 การปลูกข้าวโพดที่ใช้เป็นอาหารสัตว์ดูกิจกรรม 01191,การ|ปลูก|ข้าวโพด|ที่|เก็บเกี่ยว|เมล็ด|แก่|มา|ใช้ประโยชน์|เพื่อ|เป็น|วัตถุดิบ|ใน|การผลิต| |แป้ง| |น้ำมัน| |หรือ|อาหารเช้า|จาก|ธัญพืช| |คอร์น|เฟล็กซ์| |แต่|ไม่|รวมถึง| |การ|ปลูก|ข้าวโพด|ที่|กิน|ฝัก|สด| |เช่น| |ข้าวโพด|หวาน| |ข้าวโพด|ฝัก|อ่อน| |ดู|กิจกรรม| |01132| |การ|ปลูก|ข้าวโพด|ที่|ใช้|เป็น|อาหารสัตว์|ดู|กิจกรรม| |01191,growing of corn on an old grain,"it didn &apos;t include the corn of corn , the maize , the corn , the croc , the corn , the corn , the corn , the corn , the green ears , the stuxnet , the stuxnet , the stuxnet , the stuxnet cultivation of corn that was part of the work of lagri .",ปลูกข้าวโพด|ดูกิจกรรม|เป็นวัตถุดิบ|การผลิต|แป้ง|น้ำมัน|อาหารเช้า,grow corn|watch the activity|it &apos;s a material .|manufacture of|flour .|oil .|breakfast .
01112,การปลูกธัญพืช ยกเว้น ข้าวและข้าวโพด,การ|ปลูก|ธัญพืช| |ยกเว้น| |ข้าว|และ|ข้าวโพด,การปลูกข้าวฟ่าง ข้าวสาลีข้าวบาร์เลย์ข้าวไรย์ข้าวโอ๊ต ลูกเดือย และธัญพืชอื่น ๆ แต่ไม่รวมถึง การปลูกข้าว ดูหมู่ย่อย 0112 การปลูกข้าวโพดที่ใช้เมล็ดแก่ ดูกิจกรรม 01111 การปลูกข้าวโพดที่กินฝักสด เช่น ข้าวโพดหวาน ข้าวโพดฝักอ่อน ดูกิจกรรม 01132 การปลูกข้าวโพดที่ใช้เป็นอาหารสัตว์ดูกิจกรรม 01191,การ|ปลูก|ข้าวฟ่าง| |ข้าวสาลี|ข้าวบาร์เลย์|ข้าวไรย์|ข้าวโอ๊ต| |ลูกเดือย| |และ|ธัญพืช|อื่น| |ๆ| |แต่|ไม่|รวมถึง| |การ|ปลูก|ข้าว| |ดู|หมู่|ย่อย| |0112| |การ|ปลูก|ข้าวโพด|ที่|ใช้|เมล็ด|แก่| |ดู|กิจกรรม| |01111| |การ|ปลูก|ข้าวโพด|ที่|กิน|ฝัก|สด| |เช่น| |ข้าวโพด|หวาน| |ข้าวโพด|ฝัก|อ่อน| |ดู|กิจกรรม| |01132| |การ|ปลูก|ข้าวโพด|ที่|ใช้|เป็น|อาหารสัตว์|ดู|กิจกรรม| |01191,growing of cereals except rice and corn,"and not with the grain , nor with the grain , nor with the grain , nor with the grain , nor with the grain , nor with the stuxnet , with the corn , and with the grain , and with the grain , and with the grain , and with the grain , and with the poring of the corn , and with the stuye , and with that which is with the great corn , and with which is with the great corn , and with which is with which is with the great .",ปลูกข้าวโพด|ดูกิจกรรม|ข้าวสาลีข้าวบาร์เลย์ข้าวไรย์ข้าวโอ๊ต|ลูกเดือย|ธัญพืชอื่น,"grow corn|watch the activity|wheat , barley , rye , oats .|spurs|other cereal ."
01113,การปลูกพืชตระกูลถั่ว,การ|ปลูก|พืช|ตระกูล|ถั่ว,การปลูกถั่วเขียว ถั่วลันเตา ถั่วบีน ถั่วปากอ้า ถั่วหัวช้าง ถั่วมะแฮะ ถั่วสด ชิคพี คาวพี ถั่วเลนทิล ถั่วลูพิน ถั่วพีเจียน และพืชตระกูลถั่วอื่น ๆ แต่ไม่รวมถึง การปลูกถั่วเหลือง ดูกิจกรรม 01114 การปลูกถั่วลิสง ดูกิจกรรม 01115 การปลูกถั่วฝักยาว ถั่วแขก ดูกิจกรรม 01132,การ|ปลูก|ถั่วเขียว| |ถั่วลันเตา| |ถั่ว|บี|น| |ถั่ว|ปาก|อ้า| |ถั่ว|หัว|ช้าง| |ถั่ว|มะ|แฮะ| |ถั่ว|สด| |ชิค|พี| |คาว|พี| |ถั่ว|เลน|ทิล| |ถั่ว|ลูพิน| |ถั่ว|พี|เจียน| |และ|พืช|ตระกูล|ถั่ว|อื่น| |ๆ| |แต่|ไม่|รวมถึง| |การ|ปลูก|ถั่วเหลือง| |ดู|กิจกรรม| |01114| |การ|ปลูก|ถั่วลิสง| |ดู|กิจกรรม| |01115| |การ|ปลูก|ถั่วฝักยาว| |ถั่ว|แขก| |ดู|กิจกรรม| |01132,growing of leguminous crops,"the growing of green beans , beans , beans , beans , lentils , beans , beans , beans , beans , lentils , beans , beans , lentils , beans , beans , lentils , beans , beans , beans , beans , beans , and other tribes , doesn &apos;t include soybean and solaring .",ดูกิจกรรม|ถั่วลันเตา|ถั่วบี|ถั่วปากอ้า|ถั่วหัวช้าง|ถั่วมะแฮะ|ถั่วสด|ชิคพี|คาวพี|ถั่วเลนทิล|ถั่วลูพิน|ถั่วพีเจียน,"watch the activity|- le pea .|beans , b .|the peas are ... open ...|elephant head|that &apos;s nuts .|fresh peas .|&quot; chick &quot; ?|bull !|beans , lentils .|lentils|pigeon peas"
01114,การปลูกถั่วเหลือง,การ|ปลูก|ถั่วเหลือง,การปลูกถั่วเหลือง แต่ไม่รวมถึง การปลูกพืชน้ำมัน ยกเว้น ถั่วเหลือง ดูกิจกรรม 01115,การ|ปลูก|ถั่วเหลือง| |แต่|ไม่|รวมถึง| |การ|ปลูก|พืช|น้ำมัน| |ยกเว้น| |ถั่วเหลือง| |ดู|กิจกรรม| |01115,growing of soybean paste,"growing of soybean , but not including growing of oil , except soybean , watch stuxnet activity .",ปลูกพืชน้ำมัน|ถั่วเหลือง|ยกเว้น,cultivate oil plants|soybean :|except ...
01115,การปลูกพืชน้ำมัน ยกเว้น ถั่วเหลือง,การ|ปลูก|พืช|น้ำมัน| |ยกเว้น| |ถั่วเหลือง,การปลูกพืชน้ำมัน เช่น ถั่วลิสง ดอกคำฝอย ดอกทานตะวัน งา ละหุ่ง ลินสีด มัสตาร์ด ไนเจอร์เรป และพืชอื่น ๆ ที่ให้น้ำมัน แต่ไม่รวมถึง การปลูกถั่วเหลือง ดูกิจกรรม 01114 การปลูกไม้ยืนต้นที่ให้น้ำมัน เช่น ปาล์มน้ำมัน มะพร้าว ดูหมู่ย่อย 0126,การ|ปลูก|พืช|น้ำมัน| |เช่น| |ถั่วลิสง| |ดอก|คำฝอย| |ดอกทานตะวัน| |งา| |ละหุ่ง| |ลินสีด| |มัสตาร์ด| |ไนเจอร์|เร|ป| |และ|พืช|อื่น| |ๆ| |ที่|ให้|น้ำมัน| |แต่|ไม่|รวมถึง| |การ|ปลูก|ถั่วเหลือง| |ดู|กิจกรรม| |01114| |การ|ปลูก|ไม้ยืนต้น|ที่|ให้|น้ำมัน| |เช่น| |ปาล์ม|น้ำมัน| |มะพร้าว| |ดู|หมู่|ย่อย| |0126,growing of oil crops except soybean :,"growing of oil , such as peanuts , wine , mustard , niger , mustard , and other plants that are oil , but not growing in the process of growing soybean .",น้ำมัน|ถั่วลิสง|มะพร้าว|ดอกคำฝอย|ดอกทานตะวัน|งา|ละหุ่ง|ลินสีด|มัสตาร์ด,oil .|peanuts .|- coconut .|safflower|sunflowers .|sesame seed|ricin .|linens|mustard seed
01121,การปลูกข้าวเจ้า,การ|ปลูก|ข้าวเจ้า,การปลูกข้าวเจ้า,การ|ปลูก|ข้าวเจ้า,rice cultivation,rice cultivation,ปลูกข้าวเจ้า,plant the rice crop
01122,การปลูกข้าวเหนียว,การ|ปลูก|ข้าวเหนียว,การปลูกข้าวเหนียว,การ|ปลูก|ข้าวเหนียว,growing of sticky rice,growing of sticky rice,ปลูกข้าวเหนียว,grow sticky rice
01131,การปลูกพืชผักกินใบและพืชผักกินต้น,การ|ปลูก|พืชผัก|กิน|ใบ|และ|พืชผัก|กิน|ต้น,การปลูกพืชผักกินใบหรือพืชผักกินต้น เช่น ผักคะน้า ผักบุ้ง ผักกาด ผักสลัด กะหล่ำปลีกะหล่ำดอก หน่อไม้ฝรั่ง บรอกโคลีอาติโชก ชิโครี่ ผักโขม และ พืชผักกินใบและพืชผักกินต้นอื่น ๆ,การ|ปลูก|พืชผัก|กิน|ใบ|หรือ|พืชผัก|กิน|ต้น| |เช่น| |ผัก|คะน้า| |ผักบุ้ง| |ผักกาด| |ผักสลัด| |กะหล่ำปลี|กะหล่ำ|ดอก| |หน่อไม้ฝรั่ง| |บร|อก|โค|ลี|อา|ติ|โชก| |ชิ|โค|รี่| |ผักโขม| |และ| |พืชผัก|กิน|ใบ|และ|พืชผัก|กิน|ต้น|อื่น| |ๆ,growing of leafy or stem vegetables,"growing of leafy or vegetable vegetables such as lettuce , lettuce , lettuce , lettuce , lettuce , lettuce , cabbage , lettuce , lettuce , lettuce , lettuce , lettuce , and vegetables and other edible vegetables",พืชผักกินต้น|ใบ|ผักกาด|ผักสลัด|กะหล่ำปลีกะหล่ำดอก|หน่อไม้ฝรั่ง|บรอกโคลี|อาติโชก|ชิโครี่,leafy vegetables|two leaves .|- lettuce !|lettuce for the salad|cabbage cauliflower .|asparagus .|bronco ?|artichoke .|chicory .
01132,การปลูกพืชผักกินผล รวมถึงแตงชนิดต่าง ๆ,การ|ปลูก|พืชผัก|กิน|ผล| |รวมถึง|แตง|ชนิด|ต่าง ๆ,การปลูกพืชผักกินผล เช่น มะเขือม่วง มะเขือเทศ มะเขือยาว ฟัก ฟักทอง ข้าวโพด ที่กินฝักสด เช่น ข้าวโพดฝักอ่อน ข้าวโพดหวาน ข้าวโพดข้าวเหนียว ถั่วฝักยาว ถั่วแขก แตงร้าน แตงกวา แตงโม แคนตาลูป รวมทั้งแตงและพืชผัก กินผลชนิดอื่น ๆ แต่ไม่รวมถึง การปลูกข้าวโพดที่ใช้เมล็ดแก่ ดูกิจกรรม 01111 การปลูกข้าวโพดที่ใช้เป็นอาหารสัตว์ดูกิจกรรม 01191,การ|ปลูก|พืชผัก|กิน|ผล| |เช่น| |มะเขือ|ม่วง| |มะเขือเทศ| |มะเขือ|ยาว| |ฟัก| |ฟักทอง| |ข้าวโพด| |ที่|กิน|ฝัก|สด| |เช่น| |ข้าวโพด|ฝัก|อ่อน| |ข้าวโพด|หวาน| |ข้าวโพด|ข้าวเหนียว| |ถั่วฝักยาว| |ถั่ว|แขก| |แตง|ร้าน| |แตงกวา| |แตงโม| |แคนตาลูป| |รวมทั้ง|แตง|และ|พืชผัก| |กิน|ผล|ชนิด|อื่น| |ๆ| |แต่|ไม่|รวมถึง| |การ|ปลูก|ข้าวโพด|ที่|ใช้|เมล็ด|แก่| |ดู|กิจกรรม| |01111| |การ|ปลูก|ข้าวโพด|ที่|ใช้|เป็น|อาหารสัตว์|ดู|กิจกรรม| |01191,"growing of vegetables , eating and other kinds of cucumbers","growing of vegetables such as eggplants , tomatoes , tomatoes , tomatoes , eggplants , corn , corn , corn , corn , corn , corn , corn , corn , corn , cucumbers , cucumbers , melons , melons , melons , melons , melons , cucumbers , melons , melons , melons , and cantilty crops .",ปลูกข้าวโพด|มะเขือม่วง|ดูกิจกรรม|มะเขือเทศ|มะเขือยาว|ฟัก|ฟักทอง|ข้าวโพด|กินฝักสด|ข้าวโพดฝักอ่อน|ข้าวโพดหวาน|ข้าวโพดข้าวเหนียว|ถั่วฝักยาว|ถั่วแขก|แตงร้าน|แตงกวา|แตงโม|แคนตาลูป|รวมทั้งแตง,"grow corn|eggplant|watch the activity|tomatoes .|eggplant|fuck !|- pumpkin .|corn .|eat fresh pods|a young ear corn|sweet corn|corn is sticky rice .|lentils|the beans , the guests .|- a store ?|- cucumber .|a watermelon .|cantaloupe|included is the melon ."
01133,การปลูกพืชผักกินหัว,การ|ปลูก|พืชผัก|กิน|หัว,การปลูกพืชผักกินหัว เช่น แครอท เทอร์นิป กระเทียม หอม หอมหัวใหญ่ หอมแดง และการปลูกพืชผักกินหัวอื่น ๆ,การ|ปลูก|พืชผัก|กิน|หัว| |เช่น| |แครอท| |เท|อร|์|นิ|ป| |กระเทียม| |หอม| |หอมหัวใหญ่| |หอมแดง| |และ|การ|ปลูก|พืชผัก|กิน|หัว|อื่น| |ๆ,growing of leafy vegetables,"growing of leafy vegetables such as carrots turnids , onions , onions , onions , onions , and growing other vegetables",ปลูกพืชผักกิน|เทอรนิ|กระเทียม|หอม,grow a garden of edible vegetables|turniin .|garlic|smells good .
01134,การปลูกพืชจำพวกรากและหัว ยกเว้นมันสำปะหลัง,การ|ปลูก|พืช|จำพวก|ราก|และ|หัว| |ยกเว้น|มันสำปะหลัง,การปลูกพืชจำพวกรากและหัวที่ให้สตาร์ชและอินนูลินสูง เช่น มันฝรั่ง มันเทศ เผือก กลอย มันเสา ท้าวยายม่อม และพืชจำพวกรากและหัวอื่น ๆ,การ|ปลูก|พืช|จำพวก|ราก|และ|หัว|ที่|ให้|สตาร์|ช|และ|อิน|นู|ลิ|น|สูง| |เช่น| |มันฝรั่ง| |มันเทศ| |เผือก| |กลอย| |มันเสา| |ท้าว|ยาย|ม่อม| |และ|พืช|จำพวก|ราก|และ|หัว|อื่น| |ๆ,growing of root and head crops except cassava,"growing of roots and heads for starovs and inns such as sweet potato , white water , and damra , and the roots and other heads .",หัว|พืชจำพวกราก|สตาร์|ท้าวยายม่อม|นูลิสูง|มันฝรั่ง|มันเทศ|เผือก|กลอย|มันเสา,heads .|root plant|star .|dam-cham .|nulli high .|potatoes .|sweet potatoes .|albino. ed .|- he &apos;s gone .|it &apos;s a pillar .
01135,การปลูกมันสำปะหลัง,การ|ปลูก|มันสำปะหลัง,การปลูกมันสำปะหลัง,การ|ปลูก|มันสำปะหลัง,cassava cultivation,cassava cultivation,ปลูกมันสำปะหลัง,plant the cassava
01136,การเพาะเห็ด,การ|เพาะ|เห็ด,การปลูกเห็ดชนิดมัชรูม เช่น เห็ดหอม เห็ดฟาง เห็ดนางฟ้า ฯลฯ และเห็ด ชนิดทรัฟเฟิล แต่ไม่รวมถึง การเพาะเชื้อเห็ดส่าเห็ด ดูกิจกรรม 01302,การ|ปลูก|เห็ด|ชนิด|มัช|รูม| |เช่น| |เห็ด|หอม| |เห็ด|ฟาง| |เห็ด|นางฟ้า| |ฯลฯ| |และ|เห็ด| |ชนิด|ทรัฟเฟิล| |แต่|ไม่|รวมถึง| |การ|เพาะเชื้อ|เห็ด|ส่าเห็ด| |ดู|กิจกรรม| |01302,growing of mushrooms,"growing of caps , rooms such as mushrooms , mushrooms , mushrooms , fairies and truffles , but not including the culture of agite-mushroom , including the culture of corn and stupedi .",รูม|เพาะเชื้อเห็ดส่าเห็ด|เห็ดหอม|ชนิดทรัฟเฟิล|เห็ดฟาง|เห็ดนางฟ้า|เห็ด,"room .|culture , yeast , mushroom .|fragrant mushrooms|- it &apos;s truffle .|straw mushroom|fairy mushrooms .|mushrooms ."
01139,การปลูกพืชผักอื่น ๆ ซึ่งมิได้จัดประเภทไว้ในที่อื่น,การ|ปลูก|พืชผัก|อื่น| |ๆ| |ซึ่ง|มิได้|จัด|ประเภท|ไว้|ใน|ที่อื่น,การปลูกพืชผักกินดอก เช่น แค โสน ขจร ฯลฯ การปลูกพืชที่มีเมล็ด ยกเว้น เมล็ดหัวผักกาด การปลูกชูการ์บีทและพืชผักอื่น ๆ ซึ่งมิได้จัดประเภทไว้ในที่อื่น แต่ไม่รวมถึง การปลูกพริกและพริกไทย พริกในตระกูลแคปซิกัม และพืชที่ใช้เป็น เครื่องเทศและพืชน้ำมันหอมระเหยอื่น ๆ ดูหมู่ย่อย 0128 การปลูกหัวผักกาดที่ให้เมล็ด ดูกิจกรรม 01199,การ|ปลูก|พืชผัก|กินดอก| |เช่น| |แค| |โสน| |ขจร| |ฯลฯ| |การ|ปลูก|พืช|ที่|มี|เมล็ด| |ยกเว้น| |เมล็ด|หัวผักกาด| |การ|ปลูก|ชู|การ|์|บีท|และ|พืชผัก|อื่น| |ๆ| |ซึ่ง|มิได้|จัด|ประเภท|ไว้|ใน|ที่อื่น| |แต่|ไม่|รวมถึง| |การ|ปลูก|พริก|และ|พริกไทย| |พริก|ใน|ตระกูล|แคป|ซิ|กัม| |และ|พืช|ที่|ใช้|เป็น| |เครื่องเทศ|และ|พืช|น้ำมัน|หอม|ระเหย|อื่น| |ๆ| |ดู|หมู่|ย่อย| |0128| |การ|ปลูก|หัวผักกาด|ที่|ให้|เมล็ด| |ดู|กิจกรรม| |01199,growing of other vegetables n.e.c,"growing of vegetables such as canning , etc . , as the growing of seed , except the growing of beet , and the growing of other vegetables not included , but not the growing of chili peppers and pepper in the cigamm , and other aromatic crops , and the brigham , and the poring of brims , and the poring of poring .",แค|เมล็ด|โสน|ปลูกหัวผักกาด|ขจร|ปลูกพืช|มีเมล็ด|ยกเว้น|เมล็ดหัวผักกาด|ปลูกชู|บีท|พืชผักอื่น|จัดประเภทไว้|ที่อื่น|ปลูกพริก|พริกไทย|พริก|ตระกูลแคปซิกัม|พืช|ใช้เป็น|เครื่องเทศ|พืชน้ำมันหอม|ระเหยอื่น|ดูหมู่ย่อย,claire .|seeds ?|jason !|grow some beet|no .|grow a plant|there are seeds .|except ...|beet seeds|grow shu|beets !|other vegetables|sort out|somewhere else .|grow hot peppers|pepper .|chili peppers .|the casigan family .|plants .|use as|spices .|vegetable oil|vaporize others .|watch the subgroup .
01140,การปลูกอ้อย,การ|ปลูก|อ้อย,การปลูกอ้อยเคี้ยวหรืออ้อยโรงงาน แต่ไม่รวมถึง การปลูกชูการ์บีท ดูกิจกรรม 01139,การ|ปลูก|อ้อย|เคี้ยว|หรือ|อ้อย|โรงงาน| |แต่|ไม่|รวมถึง| |การ|ปลูก|ชู|การ|์|บีท| |ดู|กิจกรรม| |01139,growing of sugar cane,"and with which the cane was grown , and with which the cane was made , and not with which the solong crop was grown , and with which lagri was not included .",อ้อยโรงงาน|บีท|ปลูกชู,a factory cane|beets !|grow shu
01150,การปลูกยาสูบ,การ|ปลูก|ยาสูบ,การปลูกยาสูบซึ่งมิได้ใช้ในโรงงานอุตสาหกรรม ก้านใบยา ยาเส้นที่ผ่านการบ่มแล้ว,การ|ปลูก|ยาสูบ|ซึ่ง|มิได้|ใช้|ใน|โรงงานอุตสาหกรรม| |ก้าน|ใบยา| |ยาเส้น|ที่|ผ่าน|การบ่ม|แล้ว,growing of tobacco,growing of unmanufactured tobacco,โรงงานอุตสาหกรรม|ยาเส้น|ก้านใบยา,an industrial plant|a tobacco pipe|- it &apos;s a drug supply chain .
01161,การปลูกฝ้าย,การ|ปลูก|ฝ้าย,การปลูกฝ้าย รวมถึงการหีบฝ้ายที่ดำเนินการในแหล่งเดียวกัน แต่ไม่รวมถึง การหีบฝ้าย โดยได้รับค่าตอบแทนหรือตามสัญญาจ้าง ดูกิจกรรม 01630,การ|ปลูก|ฝ้าย| |รวมถึง|การ|หีบฝ้าย|ที่|ดำเนินการ|ใน|แหล่ง|เดียวกัน| |แต่|ไม่|รวมถึง| |การ|หีบฝ้าย| |โดย|ได้รับ|ค่าตอบแทน|หรือ|ตาม|สัญญาจ้าง| |ดู|กิจกรรม| |01630,the cultivation of cotton,growing of cotton including a cotton phonograph carried on the same place but not including the gorging of cotton on a fee or contract basis,หีบฝ้าย|สัญญาจ้าง,cotton ginning|a contract fee
01169,การปลูกพืชเส้นใยอื่น ๆ ซึ่งมิได้จัดประเภทไว้ในที่อื่น,การ|ปลูก|พืช|เส้นใย|อื่น| |ๆ| |ซึ่ง|มิได้|จัด|ประเภท|ไว้|ใน|ที่อื่น,การปลูกปอ ปอกระเจา ปอแก้ว ปอเทืองและพืชอื่น ๆ ที่ให้เส้นใยเพื่อทำ สิ่งทอ การปลูกแฟลกส์และป่านศรนารายณ์ ป่านมานิลา ป่านอะบากา ป่านรามี และพืชเส้นใยอื่น ๆ ซึ่งมิได้จัดประเภทไว้ในที่อื่น การนำพืชแช่น้ำหรือตากน้ำค้าง เพื่อผลิตเส้นใยสิ่งทอ ปอกระเจา แฟลกส์หรือใยมะพร้าว,การ|ปลูก|ปอ| |ปอ|กระเจา| |ปอ|แก้ว| |ปอ|เทือ|ง|และ|พืช|อื่น| |ๆ| |ที่|ให้|เส้นใย|เพื่อ|ทำ| |สิ่งทอ| |การ|ปลูก|แฟลกส์|และ|ป่าน|ศรนารายณ์| |ป่าน|มา|นิ|ลา| |ป่าน|อะ|บา|กา| |ป่า|นรา|มี| |และ|พืช|เส้นใย|อื่น| |ๆ| |ซึ่ง|มิได้|จัด|ประเภท|ไว้|ใน|ที่อื่น| |การนำ|พืช|แช่น้ำ|หรือ|ตาก|น้ำค้าง| |เพื่อ|ผลิต|เส้นใย|สิ่งทอ| |ปอ|กระเจา| |แฟลกส์|หรือ|ใย|มะพร้าว,growing of other fibre crops not elsewhere classified,"growing of jute jute jute and other textile fibres as well as of textile fibres : growing , growing , growing , and growing of textile fibres , along with along with other crops , and other plants and shrubs , which are not classified in other places , where dew or dew is used to produce cotton fibers , or cocoons .",ปอกระเจา|แฟลกส์|พืชอื่น|เส้นใย|ทำ|สิ่งทอ|ปลูกแฟลกส์|ป่านศรนารายณ์|ป่าน|นิลา|ป่านอะบากา|ป่านรามี|พืชเส้นใย|จัดประเภทไว้|ที่อื่น|การนำพืชแช่น้ำ,jute jute|sex flack .|other plants .|fiber .|- yeah .|textiles|grow a sex crop|of course they do .|flax .|nicola .|flax .|- the rafts have ...|a fibre plant|sort out|somewhere else .|water bath
01191,การปลูกข้าวโพดเลี้ยงสัตว์,การ|ปลูก|ข้าวโพด|เลี้ยงสัตว์,การปลูกข้าวโพดเลี้ยงสัตว์ แต่ไม่รวมถึง การปลูกข้าวโพดที่ใช้เมล็ดแก่ ดูกิจกรรม 01111 การปลูกข้าวโพดที่กินฝักสด เช่น ข้าวโพดหวาน ข้าวโพดฝักอ่อน ดูกิจกรรม 01132,การ|ปลูก|ข้าวโพด|เลี้ยงสัตว์| |แต่|ไม่|รวมถึง| |การ|ปลูก|ข้าวโพด|ที่|ใช้|เมล็ด|แก่| |ดู|กิจกรรม| |01111| |การ|ปลูก|ข้าวโพด|ที่|กิน|ฝัก|สด| |เช่น| |ข้าวโพด|หวาน| |ข้าวโพด|ฝัก|อ่อน| |ดู|กิจกรรม| |01132,growing of corn and livestock,"and not to the growing of corn , but not to the growing of corn , which was with the stroke of death , with the stuxnet , with the growing of corn growing of green ears of corn , as well as with thin corn , with a long way of looking .",ปลูกข้าวโพด|ดูกิจกรรม,grow corn|watch the activity
01192,การปลูกพืชล้มลุกที่ใช้เป็นอาหารสัตว์ยกเว้น ข้าวโพดเลี้ยงสัตว์,การ|ปลูก|พืชล้มลุก|ที่|ใช้|เป็น|อาหารสัตว์|ยกเว้น| |ข้าวโพด|เลี้ยงสัตว์,การปลูกสวีด แมนโกลด์ พืชหัวสด โคลเวอร์ อัลฟาฟา เซนฟอน หญ้าชนิดอื่น ๆ ที่ใช้เป็นอาหารสัตว์,การ|ปลูก|ส|วี|ด| |แมน|โกลด์| |พืช|หัว|สด| |โคล|เวอร์| |อัล|ฟา|ฟา| |เซน|ฟอน| |หญ้า|ชนิด|อื่น| |ๆ| |ที่|ใช้|เป็น|อาหารสัตว์,growing of non-perennial crops except maize and livestock,"growing of snobbish men gold , fresh plants , clover , alfalfa , grass , other kinds of fodder ...",แมนโกลด์|หญ้าชนิด|พืชหัวสด|เซนฟอน|โคลเวอร์|อัลฟาฟา,man gold .|type of grass|fresh head plants .|senfonzie .|clover ?|alpha ...
01193,การปลูกกล้วยไม้,การ|ปลูก|กล้วยไม้,การปลูกกล้วยไม้พันธุ์ต่าง ๆ แต่ไม่รวมถึง การปลูกไม้ดอกอื่น ๆ ดูกิจกรรม 01194 การขยายพันธุ์กล้วยไม้ดูกิจกรรม 01302,การ|ปลูก|กล้วยไม้|พันธุ์|ต่าง ๆ| |แต่|ไม่|รวมถึง| |การ|ปลูก|ไม้ดอก|อื่น| |ๆ| |ดู|กิจกรรม| |01194| |การ|ขยายพันธุ์|กล้วยไม้|ดู|กิจกรรม| |01302,growing of orchids,"not including the other kind of growing of orchids , or the sort of donkey activity , or stuxed , or lagring , or gook , or gook , or gook .",ปลูกไม้ดอก|ขยายพันธุ์กล้วยไม้ดู|ดูกิจกรรม,"grow a flower|breeds orchids , look .|watch the activity"
01194,การปลูกไม้ดอกอื่น ๆ ยกเว้น กล้วยไม้,การ|ปลูก|ไม้ดอก|อื่น| |ๆ| |ยกเว้น| |กล้วยไม้,การปลูกไม้ดอก เช่น มะลิ ดาวเรือง กุหลาบ การผลิตไม้ตัดดอกและ กล้าไม้ดอก รวมถึงการปลูกไม้ดอกเพื่อเก็บเมล็ดพันธุ์ แต่ไม่รวมถึง การปลูกกล้วยไม้ดูกิจกรรม 01193 การทำสวนไม้ประดับ ดูกิจกรรม 01301 กระบวนการจัดการเมล็ดพันธุ์เพื่อการขยายพันธุ์ดูกิจกรรม 01640,การ|ปลูก|ไม้ดอก| |เช่น| |มะลิ| |ดาวเรือง| |กุหลาบ| |การผลิต|ไม้|ตัด|ดอก|และ| |กล้า|ไม้ดอก| |รวมถึง|การ|ปลูก|ไม้ดอก|เพื่อ|เก็บ|เมล็ดพันธุ์| |แต่|ไม่|รวมถึง| |การ|ปลูก|กล้วยไม้|ดู|กิจกรรม| |01193| |การ|ทำสวน|ไม้ประดับ| |ดู|กิจกรรม| |01301| |กระบวนการ|จัดการ|เมล็ดพันธุ์|เพื่อ|การ|ขยายพันธุ์|ดู|กิจกรรม| |01640,growing of other flowers except orchids,"the growing of jasmine , the rose , the rose , the flower , the flower , and not the growing of the seed , but the doing of the great , and the doing of stuxnet , and the doing of the stuxnet , and the doing of the stuxnet , and the doing of the stuxnet , and not including the growing of the orchids .",ปลูกไม้ดอก|กิจกรรม|กุหลาบ|การผลิตไม้ตัด,grow a flower|activities|roses .|manufacture of cut timber
01199,การปลูกพืชล้มลุกชนิดอื่น ๆ ซึ่งมิได้จัดประเภทไว้ในที่อื่น,การ|ปลูก|พืชล้มลุก|ชนิด|อื่น| |ๆ| |ซึ่ง|มิได้|จัด|ประเภท|ไว้|ใน|ที่อื่น,การปลูกพืชเพื่อเอาเมล็ดมาใช้เป็นอาหารสัตว์ เช่น เมล็ดหัวผักกาด ยกเว้น เมล็ดของชูการ์ บีท เมล็ดของพืชอื่น ๆ ที่ใช้เป็นอาหารสัตว์ และการปลูก พืชล้มลุกชนิดอื่น ๆ ซึ่งมิได้จัดประเภทไว้ในที่อื่น แต่ไม่รวมถึง การปลูกชูการ์บีทเพื่อเอาเมล็ดพันธุ์ดูกิจกรรม 01139 การปลูกพืชล้มลุกที่เป็นเครื่องเทศ เครื่องหอม ยารักษาโรคและพืชทาง เภสัชภัณฑ์ดูหมู่ย่อย 0128 กระบวนการจัดการเมล็ดพันธุ์เพื่อการขยายพันธุ์ดูกิจกรรม 01640,การ|ปลูก|พืช|เพื่อ|เอา|เมล็ด|มา|ใช้|เป็น|อาหารสัตว์| |เช่น| |เมล็ด|หัวผักกาด| |ยกเว้น| |เมล็ด|ของ|ชู|การ|์| |บีท| |เมล็ด|ของ|พืช|อื่น| |ๆ| |ที่|ใช้|เป็น|อาหารสัตว์| |และ|การ|ปลูก| |พืชล้มลุก|ชนิด|อื่น| |ๆ| |ซึ่ง|มิได้|จัด|ประเภท|ไว้|ใน|ที่อื่น| |แต่|ไม่|รวมถึง| |การ|ปลูก|ชู|การ|์|บีท|เพื่อ|เอา|เมล็ดพันธุ์|ดู|กิจกรรม| |01139| |การ|ปลูก|พืชล้มลุก|ที่|เป็น|เครื่องเทศ| |เครื่องหอม| |ยารักษาโรค|และ|พืช|ทาง| |เภสัช|ภัณฑ์|ดู|หมู่|ย่อย| |0128| |กระบวนการ|จัดการ|เมล็ดพันธุ์|เพื่อ|การ|ขยายพันธุ์|ดู|กิจกรรม| |01640,growing of other non-perennial crops n.e.c,"the growing of seeds , such as the seed of the beet seeds , and the growing of other plants , and the growing of other non-perennial crops , not included elsewhere but the growing of beaker , not including the growing of herbs , and not the growing of grille , and the doing of grille , etc . , etc . , etc . , etc . , etc . , etc .",ใช้เป็นอาหารสัตว์|บีท|เมล็ด|กิจกรรม|เอาเมล็ด|จัดประเภทไว้|เครื่องหอม|ยารักษาโรค|พืชทาง|เภสัชภัณฑ์ดู|หมู่ย่อย,feed on animals|beets !|seeds ?|activities|take the seeds .|sort out|incense .|a cure for disease|a field of plants|pharmaceutical products .|subgroup
01210,การทำสวนองุ่น,การ|ทำสวน|องุ่น,การปลูกองุ่นในสวนเพื่อผลิตไวน์และรับประทานสด แต่ไม่รวมถึง การผลิตไวน์ดูหมู่ย่อย 1102,การ|ปลูก|องุ่น|ใน|สวน|เพื่อ|ผลิต|ไวน์|และ|รับประทาน|สด| |แต่|ไม่|รวมถึง| |การผลิต|ไวน์|ดู|หมู่|ย่อย| |1102,a vineyard .,"and with the production of wine , and with the production of wine , and with the portage of the one with the one end of the sea , and with the one end of the sea .",สวน|การผลิตไวน์ดู|ผลิตไวน์|รับประทานสด,the garden .|the production of wine looks like ...|make wine|eat fresh
01221,การปลูกสับปะรด,การ|ปลูก|สับปะรด,การปลูกสับปะรดภูเก็ต สับปะรดศรีราชาและสับปะรดอื่น ๆ,การ|ปลูก|สับปะรด|ภูเก็ต| |สับปะรด|ศรีราชา|และ|สับปะรด|อื่น| |ๆ,growing of pineapples,"growing of pineapples , pineapples , kings , and other pineapple .",สับปะรดศรีราชา,"- pineapple racha , king ."
01222,การปลูกทุเรียน,การ|ปลูก|ทุเรียน,การปลูกทุเรียนหมอนทอง ทุเรียนก้านยาว ทุเรียนชะนีและทุเรียนอื่น ๆ,การ|ปลูก|ทุเรียน|หมอนทอง| |ทุเรียน|ก้านยาว| |ทุเรียน|ชะนี|และ|ทุเรียน|อื่น| |ๆ,growing of durians,growing of durians and durians and other durians and durians,ทุเรียนก้านยาว|ทุเรียนชะนี,durian stalk .|durians
01223,การปลูกลำไย,การ|ปลูก|ลำไย,การปลูกลำไย,การ|ปลูก|ลำไย,the growing of longan,the growing of longan,ปลูกลำไย,longan grow .
01224,การปลูกมะม่วง,การ|ปลูก|มะม่วง,การปลูกมะม่วงน้ำดอกไม้มะม่วงมหาชนก มะม่วงเขียวเสวย และมะม่วงอื่น ๆ,การ|ปลูก|มะม่วง|น้ำดอกไม้|มะม่วง|มหา|ชนก| |มะม่วง|เขียวเสวย| |และ|มะม่วง|อื่น| |ๆ,growing of mangoes,growing of mangoes and mangoes and mangoes and mangoes and mangoes,มหาชนก|มะม่วงเขียวเสวย,"father .|sir , sir , sir , sir , sir , sir ."
01225,การปลูกกล้วย,การ|ปลูก|กล้วย,การปลูกกล้วยหอม กล้วยน้ำว้า เพลนเทน และกล้วยอื่น ๆ,การ|ปลูก|กล้วยหอม| |กล้วยน้ำว้า| |เพ|ลน|เท|น| |และ|กล้วย|อื่น| |ๆ,growing of bananas,growing of banana bananas fruit banana fruit cakes and other banana leaves,กล้วยน้ำว้า|เพลนเท,bite me .|penicila ?
01226,การปลูกมังคุด,การ|ปลูก|มังคุด,การปลูกมังคุด,การ|ปลูก|มังคุด,growing of mangostin,growing of mangostin,ปลูกมังคุด,grow a mangostin
01227,การปลูกเงาะ,การ|ปลูก|เงาะ,การปลูกเงาะ,การ|ปลูก|เงาะ,the growth of rambutan,the growth of rambutan,ปลูกเงาะ,grow the rambutan
01228,การปลูกลิ้นจี,การ|ปลูก|ลิ้น|จี,การปลูกลิ้นจี,การ|ปลูก|ลิ้น|จี,"growing of tongues , g .","growing of tongues , g .",ปลูกลิ้นจี,"grow a tongue , a g ."
01229,การปลูกไม้ผลเมืองร้อนและกึ่งร้อนอื่น ๆ ซึ่งมิได้จัดประเภทไว้ในที่อื่น,การ|ปลูก|ไม้|ผล|เมืองร้อน|และ|กึ่ง|ร้อน|อื่น| |ๆ| |ซึ่ง|มิได้|จัด|ประเภท|ไว้|ใน|ที่อื่น,การปลูกมะละกอ อโวคาโด มะเดื่อ อินทผาลัม พุทราและไม้ผลเมืองร้อน และกึ่งร้อนอื่น ๆ ซึ่งมิได้จัดประเภทไว้ในที่อื่น,การ|ปลูก|มะละกอ| |อโวคาโด| |มะเดื่อ| |อินทผาลัม| |พุทรา|และ|ไม้|ผล|เมืองร้อน| |และ|กึ่ง|ร้อน|อื่น| |ๆ| |ซึ่ง|มิได้|จัด|ประเภท|ไว้|ใน|ที่อื่น,growing of tropical and subtropical fruits n.e.c,"growing of papayas , fruit , and palm trees , and tropical and subtropical fruits , not elsewhere classified",อโวคาโด|จัดประเภทไว้|มะเดื่อ|กึ่งร้อน|อินทผาลัม|พุทรา|ไม้ผลเมืองร้อน,avocados|sort out|fig .|half hot .|date palms|jujubes ?|tropical fruits
01231,การปลูกส้ม,การ|ปลูก|ส้ม,การปลูกส้มเขียวหวาน ส้มสายน้ำผึ้ง ส้มโชกุน ส้มแมนดาริน ส้มเช้ง ส้มจีน ส้มคลีเมนไทล์และส้มอื่น ๆ,การ|ปลูก|ส้มเขียวหวาน| |ส้ม|สายน้ำผึ้ง| |ส้ม|โชกุน| |ส้ม|แมนดาริน| |ส้มเช้ง| |ส้ม|จีน| |ส้ม|คลี|เมน|ไท|ล์|และ|ส้ม|อื่น| |ๆ,growing of oranges,"tangerine orange , orange , orange , mandarin , mandarin , mandarin , mandarin , mandarin , orange , orange , orange , orange , orange .",ส้มสายน้ำผึ้ง|ล์|ส้มโชกุน|ส้มคลีเมนไท|ส้มแมนดาริน|ส้มเช้ง|ส้มจีน,honeysuckle|- l .|shogunate .|oranges clementine .|mandarin oranges|oranges .|chinese oranges
01239,การปลูกไม้ผลตระกูลส้มอื่น ๆ ซึ่งมิได้จัดประเภทไว้ในที่อื่น,การ|ปลูก|ไม้|ผล|ตระกูล|ส้ม|อื่น| |ๆ| |ซึ่ง|มิได้|จัด|ประเภท|ไว้|ใน|ที่อื่น,การปลูกมะนาวและไลม์ มะกรูด การปลูกส้มโอและเกรปฟรุทและไม้ผลอื่น ๆ ในประเภทส้มและมะนาว,การ|ปลูก|มะนาว|และ|ไลม์| |มะกรูด| |การ|ปลูก|ส้มโอ|และ|เก|รปฟ|รุ|ท|และ|ไม้|ผล|อื่น| |ๆ| |ใน|ประเภท|ส้ม|และ|มะนาว,the cultivation of other citrus fruits not elsewhere classified,"growing of lemons and crocs , growing of grapefruit and poops and other fruits of oranges and lemons",ไลม์|ประเภทส้ม|มะกรูด|ไม้ผล|ปลูกส้มโอ|เกรปฟรุ,lyme disease|orange type|bergamot .|a fruit stick|grow a grapefruit|- who &apos;s the keeper ?
01241,การปลูกไม้ผลตระกูลแอปเปิ้ล,การ|ปลูก|ไม้|ผล|ตระกูล|แอปเปิ้ล,การปลูกแอปเปิ้ล แพร์และไม้ผลอื่น ๆ ตระกูลแอปเปิ้ล,การ|ปลูก|แอปเปิ้ล| |แพร์|และ|ไม้|ผล|อื่น| |ๆ| |ตระกูล|แอปเปิ้ล,growing of fruit trees,growing of apple pear and other fruit families of apples,แพร์|ไม้ผล,pears .|a fruit stick
01249,การปลูกไม้ผลเมืองหนาวอื่น ๆ ซึ่งมิได้จัดประเภทไว้ในที่อื่น,การ|ปลูก|ไม้|ผล|เมือง|หนาว|อื่น| |ๆ| |ซึ่ง|มิได้|จัด|ประเภท|ไว้|ใน|ที่อื่น,การปลูกแอปริคอต เชอร์รี่ และเชอร์รี่ที่มีรสเปรี้ยว ลูกท้อ ลูกพีชและเนคทารีน ลูกพลัม และลูกพรุน รวมถึงไม้ผลอื่น ๆ ในประเภทเดียวกัน,การ|ปลูก|แอ|ปริ|คอ|ต| |เชอร์รี่| |และ|เชอร์รี่|ที่|มี|รสเปรี้ยว| |ลูก|ท้อ| |ลูก|พีช|และ|เน|คทา|รี|น| |ลูก|พลัม| |และ|ลูก|พรุน| |รวมถึง|ไม้|ผล|อื่น| |ๆ| |ใน|ประเภท|เดียวกัน,other cold fruits are not elsewhere classified .,"growing of apricot cherry and sour cherries : peach and neonatine , plum and prunes , as well as other fruits in the same class .",เชอร์รี่|ไม้ผล|ลูกพรุน|คอ|ลูกพีช|เนคทารี|ลูกพลัม,cheri .|a fruit stick|prune juice|neck .|peaches !|nectine .|plum ...
01251,การปลูกไม้ผลเปลือกแข็งที่กินได,การ|ปลูก|ไม้|ผล|เปลือก|แข็ง|ที่|กิน|ได,การปลูกอัลมอนด์มะม่วงหิมพานต์เกาลัด เฮเซลนัต ถั่วพิตาชิโอ วอลนัต และ ไม้ผลที่มีเปลือกแข็งอื่น ๆ,การ|ปลูก|อัลมอนด์|มะม่วงหิมพานต์|เกาลัด| |เฮ|เซ|ลนัต| |ถั่ว|พิ|ตา|ชิ|โอ| |วอลนัต| |และ| |ไม้|ผล|ที่|มี|เปลือก|แข็ง|อื่น| |ๆ,growing of edible nuts,"growing of cashew nuts , chestnuts , heli-nuts , peas , walnuts , and other nuts",เฮเซลนัต|ไม้ผล|ถั่วพิตาชิ|วอลนัต|โอ,- hazel . - natto ?|a fruit stick|pistachios .|walnut|oh .
01252,การปลูกไม้ผลที่มีต้นเป็นพุ่ม,การ|ปลูก|ไม้|ผล|ที่|มี|ต้น|เป็น|พุ่ม,การปลูกสตรอเบอร์รี่ บลูเบอร์รี่ เคอร์แรนต์กูสเบอร์รี่ กีวีฟรุต ราสเบอรี่และ ไม้ผลที่มีต้นเป็นพุ่มอื่น ๆ,การ|ปลูก|สตรอเบอร์รี่| |บลูเบอร์รี่| |เค|อร|์แรนต์|กู|ส|เบอร์|รี่| |กีวี|ฟรุต| |รา|สเบอ|รี่|และ| |ไม้|ผล|ที่|มี|ต้น|เป็น|พุ่ม|อื่น| |ๆ,bush cultivation,"growing of strawberries , blueberries , fruit , strawberries , raspberries , and other bush fruits",บลูเบอร์รี่|มีต้นเป็น|เคอร์แรนต์กู|ไม้ผล|เบอร์รี่|กีวีฟรุต|ราสเบอรี่,- blueberry .|there &apos;s a tree .|currants|a fruit stick|berry .|kiwi fruit|raspberry .
01259,การปลูกไม้ผลยืนต้นอื่น ๆ ซึ่งมิได้จัดประเภทไว้ในทื่อื่น,การ|ปลูก|ไม้|ผล|ยืนต้น|อื่น| |ๆ| |ซึ่ง|มิได้|จัด|ประเภท|ไว้|ใน|ทื่อ|ื่น,การปลูกถั่วโลคัสและไม้ผลยืนต้นอื่น ๆ ซึ่งมิได้จัดประเภทไว้ในที่อื่น,การ|ปลูก|ถั่ว|โล|คัส|และ|ไม้|ผล|ยืนต้น|อื่น| |ๆ| |ซึ่ง|มิได้|จัด|ประเภท|ไว้|ใน|ที่อื่น,the cultivation of other standing timber not immovables,the growing of other kinds of peanuts and pod-faced fruits n.e.c,ไม้ผลยืนต้น|จัดประเภทไว้,perennial wood|sort out
01261,การปลูกปาล์มน้ำมัน,การ|ปลูก|ปาล์ม|น้ำมัน,การปลูกปาล์มชนิดที่ให้น้ำมัน แต่ไม่รวมถึง การปลูกปาล์มชนิดที่ใช้เพื่อการประดับตกแต่ง ดูกิจกรรม 01301,การ|ปลูก|ปาล์ม|ชนิด|ที่|ให้|น้ำมัน| |แต่|ไม่|รวมถึง| |การ|ปลูก|ปาล์ม|ชนิด|ที่|ใช้|เพื่อ|การ|ประดับ|ตกแต่ง| |ดู|กิจกรรม| |01301,growing of oil palm,it was not included in the growing of the kind of palm trees used to decorate the work of lagook .,ปลูกปาล์มชนิด|ประดับตกแต่ง,grow palm trees|emblazoned
01262,การปลูกมะพร้าว,การ|ปลูก|มะพร้าว,การปลูกมะพร้าวทั้งชนิดที่ใช้เป็นวัตถุดิบในการผลิตน้ำมันมะพร้าวและเพื่อ วัตถุประสงค์อื่น เช่น มะพร้าวน้ำหอม มะพร้าวกะทิ,การ|ปลูก|มะพร้าว|ทั้ง|ชนิด|ที่|ใช้|เป็น|วัตถุดิบ|ใน|การผลิต|น้ำมัน|มะพร้าว|และ|เพื่อ| |วัตถุประสงค์|อื่น| |เช่น| |มะพร้าว|น้ำหอม| |มะพร้าว|กะทิ,growing of coconuts,growing of coconuts of both types of materials for the manufacture of coconut oil and for other purposes such as coconut coconut coconut perfume coconut coconut coconuts,ชนิด|มะพร้าวน้ำหอม|ใช้เป็นวัตถุดิบ|วัตถุประสงค์อื่น|การผลิตน้ำมันมะพร้าว,"mime type|coconuts , perfume ...|be used as a material|other purposes|manufacture of coconut oil"
01269,การปลูกไม้ยืนต้นอื่น ๆ ที่ให้น้ำมันซึ่งมิได้จัดประเภทไว้ในที่อื่น,การ|ปลูก|ไม้ยืนต้น|อื่น| |ๆ| |ที่|ให้|น้ำมัน|ซึ่ง|มิได้|จัด|ประเภท|ไว้|ใน|ที่อื่น,การปลูกมะกอก การปลูกสบู่ดำ และการปลูกไม้ยืนต้นอื่น ๆ ที่ให้น้ำมัน ซึ่งมิได้จัดประเภทไว้ในที่อื่น,การ|ปลูก|มะกอก| |การ|ปลูก|สบู่|ดำ| |และ|การ|ปลูก|ไม้ยืนต้น|อื่น| |ๆ| |ที่|ให้|น้ำมัน| |ซึ่ง|มิได้|จัด|ประเภท|ไว้|ใน|ที่อื่น,other standing growing of oil is not elsewhere classified,"growing of olives , growing of black soap and other standing areas of oil is not elsewhere classified",ปลูกสบู่ดำ|จัดประเภทไว้|ปลูกไม้ยืนต้น|น้ำมัน,grow black soap|sort out|grow a tree|oil .
01271,การทำไร่ชา,การ|ทำไร่|ชา,การปลูกชา ชาจีน ชาเขียว ชามาเต้และชาอื่น ๆ,การ|ปลูก|ชา| |ชา|จีน| |ชาเขียว| |ชา|มา|เต้|และ|ชา|อื่น| |ๆ,the cultivation of tea,growing of tea chinese tea green tea tea matte and other tea,ชาจีน|เต้|ชาเขียว|ชา,chinese tea|dante .|green tea|tea .
01272,การทำไร่กาแฟ,การ|ทำไร่|กาแฟ,การทำไร่กาแฟ,การ|ทำไร่|กาแฟ,coffee farming,coffee farming,ทำไร่กาแฟ,till we get the coffee .
01279,การปลูกพืชอื่น ๆ ที่นำไปทำเครื่องดื่มซึ่งมิได้จัดประเภทไว้ในที่อื่น,การ|ปลูก|พืช|อื่น| |ๆ| |ที่|นำ|ไป|ทำ|เครื่องดื่ม|ซึ่ง|มิได้|จัด|ประเภท|ไว้|ใน|ที่อื่น,การปลูกโกโก้การปลูกพืชที่ใช้ทำเครื่องดื่มสมุนไพร เช่น เก็กฮวย กระเจี๊ยบแดง หม่อน และพืชอื่น ๆ ที่นำไปทำเครื่องดื่ม ซึ่งมิได้จัดประเภทไว้ในที่อื่น แต่ไม่รวมถึง การปลูกต้นหม่อนเพื่อเลี้ยงไหม ดูกิจกรรม 01492,การ|ปลูก|โกโก้|การ|ปลูก|พืช|ที่|ใช้|ทำ|เครื่องดื่ม|สมุนไพร| |เช่น| |เก็กฮวย| |กระเจี๊ยบ|แดง| |หม่อน| |และ|พืช|อื่น| |ๆ| |ที่|นำ|ไป|ทำ|เครื่องดื่ม| |ซึ่ง|มิได้|จัด|ประเภท|ไว้|ใน|ที่อื่น| |แต่|ไม่|รวมถึง| |การ|ปลูก|ต้น|หม่อน|เพื่อ|เลี้ยง|ไหม| |ดู|กิจกรรม| |01492,the cultivation of other beverage products not elsewhere classified,"growing of cocoa plants such as geo-guol , gumio-gur , and other plants that are used to make a beverage not elsewhere , but not to grow a mulberry tree .",ปลูกพืช|เลี้ยง|ใช้ทำเครื่องดื่ม|ปลูกต้นหม่อน|สมุนไพร|เก็กฮวย|กระเจี๊ยบแดง|หม่อน|พืชอื่น|ทำเครื่องดื่ม|จัดประเภทไว้|ที่อื่น,"grow a plant|raise him .|be used to make a drink|plant mulberry trees|herbs .|chrysanthemum|gumbo , red !|mulberry .|other plants .|make a drink|sort out|somewhere else ."
01281,การปลูกพริก,การ|ปลูก|พริก,การปลูกพริกขี้หนู พริกชี้ฟ้าแดงและเขียว พริกเหลือง พริกหนุ่ม พริกหวาน และพริกหยวก ฯลฯ แต่ไม่รวมถึง การแปรรูปพริก เช่น พริกแห้ง พริกป่น ดูกิจกรรม 10771,การ|ปลูก|พริกขี้หนู| |พริกชี้ฟ้า|แดง|และ|เขียว| |พริกเหลือง| |พริก|หนุ่ม| |พริก|หวาน| |และ|พริกหยวก| |ฯลฯ| |แต่|ไม่|รวมถึง| |การ|แปรรูป|พริก| |เช่น| |พริก|แห้ง| |พริกป่น| |ดู|กิจกรรม| |10771,growing of pepper,"growing of pepper , pepper , red pepper , pepper , green peppers , green peppers , pepper , and green peppers , etc . , but it didn &apos;t include the process of pasting such pepper as pastured pepper , and it seems to be the work of lafrost .",พริกชี้ฟ้าแดง|พริกป่น|เขียว|พริกแห้ง|พริกเหลือง|พริกหนุ่ม|พริกหวาน|พริกหยวก|แปรรูปพริก,"pepper , pepper , red .|cayenne pepper .|green .|dry pepper|malady. yellow .|chill. chilli .|sweet pepper|green peppers .|process the peppers"
01282,การปลูกพริกไทย,การ|ปลูก|พริกไทย,การปลูกพริกไทย แต่ไม่รวมถึง การแปรรูปพริกไทย ดูกิจกรรม 10771,การ|ปลูก|พริกไทย| |แต่|ไม่|รวมถึง| |การ|แปรรูป|พริกไทย| |ดู|กิจกรรม| |10771,growing of pepper,the growing of pepper but not including the process of pepper watching stuxnet activity including stuxnet stuxnet stuxnet stuxnet activity,แปรรูปพริกไทย,pepper processing
01289,การปลูกพืชอื่น ๆ ประเภทเครื่องเทศ เครื่องหอม ยารักษาโรคและพืชทาง เภสัชภัณฑ์ซึ่งมิได้จัดประเภทไว้ในที่อื่น,การ|ปลูก|พืช|อื่น| |ๆ| |ประเภท|เครื่องเทศ| |เครื่องหอม| |ยารักษาโรค|และ|พืช|ทาง| |เภสัช|ภัณฑ์|ซึ่ง|มิได้|จัด|ประเภท|ไว้|ใน|ที่อื่น,การปลูกพืชล้มลุกและพืชยืนต้นที่ใช้เป็นเครื่องเทศ เครื่องหอมและยารักษาโรค การปลูกลูกจันทน์เทศ ดอกจันทน์เทศและกระวาน การปลูกผักชียี่หร่า โป๊ยกั๊ก เทียนข้าวเปลือก อบเชย กานพลู การปลูกวานิลา มัสตาร์ด หญ้าฝรั่น ฮอฟ มินท์การปลูกขิง ข่า ตะไคร้ขมิ้น การปลูกมะขามแขก ฟ้าทะลายโจรเหงือกปลาหมอ และการปลูกพืชที่ใช้เป็นเครื่องเทศ เครื่องหอมและยารักษาโรค การปลูกพืชเสพติด ยกเว้น ยาสูบ เช่น กัญชา ฝิ่น กระท่อม การปลูกพืช ที่ใช้ในการผลิตน้ำหอม ใช้ในทางเภสัชภัณฑ์หรือใช้ในการป้องกันแมลงและ กำจัดเชื้อราหรือวัตถุประสงค์ที่คล้ายกัน แต่ไม่รวมถึง การปลูกยาสูบ ดูกิจกรรม 01150,การ|ปลูก|พืชล้มลุก|และ|พืช|ยืนต้น|ที่|ใช้|เป็น|เครื่องเทศ| |เครื่องหอม|และ|ยารักษาโรค| |การ|ปลูก|ลูก|จันทน์เทศ| |ดอก|จันทน์เทศ|และ|กระวาน| |การ|ปลูก|ผักชี|ยี่หร่า| |โป๊|ย|กั๊ก| |เทียนข้าวเปลือก| |อบเชย| |กานพลู| |การ|ปลูก|วานิลา| |มัสตาร์ด| |หญ้าฝรั่น| |ฮอฟ| |มินท์|การ|ปลูก|ขิง| |ข่า| |ตะไคร้|ขมิ้น| |การ|ปลูก|มะขามแขก| |ฟ้า|ทะลาย|โจร|เหงือกปลาหมอ| |และ|การ|ปลูก|พืช|ที่|ใช้|เป็น|เครื่องเทศ| |เครื่องหอม|และ|ยารักษาโรค| |การ|ปลูก|พืช|เสพติด| |ยกเว้น| |ยาสูบ| |เช่น| |กัญชา| |ฝิ่น| |กระท่อม| |การ|ปลูก|พืช| |ที่|ใช้|ใน|การผลิต|น้ำหอม| |ใช้|ใน|ทาง|เภสัช|ภัณฑ์|หรือ|ใช้|ใน|การป้องกัน|แมลง|และ| |กำจัด|เชื้อรา|หรือ|วัตถุประสงค์|ที่|คล้าย|กัน| |แต่|ไม่|รวมถึง| |การ|ปลูก|ยาสูบ| |ดู|กิจกรรม| |01150,growing of other kinds of spices aromatic drug and pharmaceutical crops not elsewhere classified,"growing of non-perennial herbs and rose as spice and rose as spice and rose as a rose of nutmeg , nutmeg , garga , canopus , capac , capac , ewing , the growing of the women , the pac , the growing of the grass , the hanging of the grass , the hanging of the grass , the hanging of the herbs , the opium and the pipe , the cultivation of the weed , the cultivation of the medicine of the medicine , the cultivation of the medicine , the cultivation of the medicine , the cultivation of the medicine of the medicine , the medicine , the medicine , the medicine , the medicine , the medicine , the medicine , the medicines , the methods of the medicines , the medicines , and the methods of the medicines , the medicines , and the methods of the medicines , the methods of the medicines , and the medicines , and the methods of which are not to control .",ปลูกพืช|ยารักษาโรค|ใช้เป็นเครื่องเทศ|ปลูกยาสูบ|พืชยืนต้น|วัตถุประสงค์|กระวาน|ปลูกผักชียี่หร่า|โป๊กั๊ก|เทียนข้าวเปลือก|อบเชย|กานพลู|ปลูกวานิลา|มัสตาร์ด|หญ้าฝรั่น|ฮอฟ|มินท์|ปลูกขิง|ข่า|ตะไคร้ขมิ้น|ปลูกมะขามแขก|ยาสูบ|กัญชา|การป้องกันแมลง|กำจัดเชื้อรา,"grow a plant|a cure for disease|use sth as a spice|grow tobacco|a perennial plant|a purpose .|cardamom .|plant fennel weeds|porn .|aniki campana|cinnamon .|cloves|grow vanilla|mustard seed|a year later , a year later , a year later , a year later , came to the temple .|- hoffman .|mint !|grow ginger|the news ...|lemon meringerate .|grow a guest white|tobacco .|marijuana .|insect protection|get rid of the mold"
01291,การปลูกต้นยางพารา,การ|ปลูก|ต้น|ยางพารา,การปลูกต้นยางพารา เพื่อการกรีดน้ำยางและการแปรรูปน้ำยางดิบ แต่ไม่รวมถึง การเก็บหาน้ำยางไม้หรือยางไม้ที่คล้ายน้ำยางพาราที่อยู่ในป่า ดูกิจกรรม 02300,การ|ปลูก|ต้น|ยางพารา| |เพื่อ|การ|กรีด|น้ำยาง|และ|การ|แปรรูป|น้ำยาง|ดิบ| |แต่|ไม่|รวมถึง| |การ|เก็บ|หา|น้ำ|ยางไม้|หรือ|ยางไม้|ที่|คล้าย|น้ำ|ยางพารา|ที่อยู่|ใน|ป่า| |ดู|กิจกรรม| |02300,rubber plantation cultivation,growing of rubber trees for cutting through rubber and processing of raw rubber and not including the collecting of tree sap or rubber-like gums found in the forest activities of mukhlook etc,ยางไม้|กรีดน้ำยาง|ป่า|แปรรูปน้ำยางดิบ|ที่อยู่,the tree sap ...|cut through the latex|the forest .|the processing of raw rubber|an address .
01292,การปลูกพืชที่ใช้ในการถักสาน,การ|ปลูก|พืช|ที่|ใช้|ใน|การ|ถัก|สาน,การปลูกไผ่ หวาย อ้อ กก และพืชที่ใช้ในการถักสานอื่น ๆ แต่ไม่รวมถึง การเก็บหาไผ่ หวาย อ้อ กก และพืชที่ใช้ในการถักสานอื่น ๆ ที่ขึ้นในป่าหรือ ที่เกิดขึ้นในธรรมชาติดูกิจกรรม 02300,การ|ปลูก|ไผ่| |หวาย| |อ้อ| |กก| |และ|พืช|ที่|ใช้|ใน|การ|ถัก|สาน|อื่น| |ๆ| |แต่|ไม่|รวมถึง| |การ|เก็บ|หา|ไผ่| |หวาย| |อ้อ| |กก| |และ|พืช|ที่|ใช้|ใน|การ|ถัก|สาน|อื่น| |ๆ| |ที่|ขึ้น|ใน|ป่า|หรือ| |ที่|เกิดขึ้น|ใน|ธรรมชาติ|ดู|กิจกรรม| |02300,weaving of plants,growing of bamboo rattan reeds and other knitting plants but not including bamboo and rattan reeds and other types of crockery in the forest or in nature watch stuye stuxnet,หวาย|ถักสาน|เกิดขึ้น,wicker !|knit a weave|come into existence
01299,การปลูกพืชยืนต้นประเภทอื่น ๆ ซึ่งมิได้จัดประเภทไว้ในที่อื่น,การ|ปลูก|พืช|ยืนต้น|ประเภท|อื่น| |ๆ| |ซึ่ง|มิได้|จัด|ประเภท|ไว้|ใน|ที่อื่น,การปลูกต้นไม้เพื่อนำมาแยกน้ำยางไม้ เช่น การปลูกต้นเมเปิล การปลูกต้นสน และต้นสนที่ใช้ประดับในงานคริสต์มาส และการปลูกพืชยืนต้นประเภทอื่น ๆ ซึ่งมิได้จัดประเภทไว้ในที่อื่น,การ|ปลูก|ต้นไม้|เพื่อ|นำมา|แยก|น้ำ|ยางไม้| |เช่น| |การ|ปลูก|ต้น|เมเปิล| |การ|ปลูก|ต้นสน| |และ|ต้นสน|ที่|ใช้|ประดับ|ใน|งาน|คริสต์มาส| |และ|การ|ปลูก|พืช|ยืนต้น|ประเภท|อื่น| |ๆ| |ซึ่ง|มิได้|จัด|ประเภท|ไว้|ใน|ที่อื่น,growing of other perennial crops not elsewhere classified,growing of tree roots of sap such as growing of maple trees growing of pine trees and pine trees in the christmas season and growing of other perennial crops not elsewhere classified,นำมาแยกน้ำ|จัดประเภทไว้|ยางไม้|ปลูกพืชยืนต้นประเภท|ปลูกต้นเมเปิล|ปลูกต้นสน|ต้นสน|ใช้ประดับ|งานคริสต์มาส,bring water separately|sort out|the tree sap ...|grow two kinds of perennial crops|plant a maple|grow a pine tree|pine tree|be decorated with|the christmas party .
01301,การทำสวนไม้ประดับ,การ|ทำสวน|ไม้ประดับ,การปลูกไม้ประดับภายใต้โรงเรือนหรือกลางแจ้ง รวมถึงการย้ายปลูกหญ้า,การ|ปลูก|ไม้ประดับ|ภายใต้|โรงเรือน|หรือ|กลางแจ้ง| |รวมถึง|การ|ย้าย|ปลูก|หญ้า,gardening of plants,growing of rubber plants under house or outdoors including the removal of grass,กลางแจ้ง,in the open air
01302,การปลูกพืช การเพาะพันธุ์และการขยายพันธุ์พืชอื่น ๆ,การ|ปลูก|พืช| |การ|เพาะพันธุ์|และ|การ|ขยาย|พันธุ์พืช|อื่น| |ๆ,การเพาะและขยายพันธุ์พืช เช่น การตัดกิ่งชำ การแยกหน่อ การเพาะเมล็ด สำหรับการขยายพันธุ์พืชโดยตรง การตอนหรือการขยายกิ่งของพืชที่เลือกไว้ เพื่อนำไปขยายพันธุ์ต่อไป นอกจากนั้นยังรวมถึงการปลูกพืชใช้ขยายพันธุ์ การปลูกต้นไม้ที่มีหัว หัวใต้ดินและราก การตัดกิ่งชำและการตอนเพื่อนำไป ขยายพันธุ์ รวมทั้งการเพาะเชื้อเห็ดชนิดต่าง ๆและการดำเนินงานเกี่ยวกับ การเพาะชำกล้าไม้ยกเว้น การเพาะชำกล้าไม้ป่า,การ|เพาะ|และ|ขยาย|พันธุ์พืช| |เช่น| |การ|ตัด|กิ่ง|ชำ| |การ|แยก|หน่อ| |การ|เพาะ|เมล็ด| |สำหรับ|การ|ขยาย|พันธุ์พืช|โดยตรง| |การตอน|หรือ|การ|ขยาย|กิ่ง|ของ|พืช|ที่|เลือก|ไว้| |เพื่อ|นำ|ไป|ขยายพันธุ์|ต่อไป| |นอกจากนั้น|ยัง|รวมถึง|การ|ปลูก|พืช|ใช้|ขยายพันธุ์| |การ|ปลูก|ต้นไม้|ที่|มีหัว| |หัว|ใต้ดิน|และ|ราก| |การ|ตัด|กิ่ง|ชำ|และ|การตอน|เพื่อ|นำ|ไป| |ขยายพันธุ์| |รวมทั้ง|การ|เพาะเชื้อ|เห็ด|ชนิด|ต่าง ๆ|และ|การ|ดำเนินงาน|เกี่ยวกับ| |การ|เพาะชำ|กล้าไม้|ยกเว้น| |การ|เพาะชำ|กล้าไม้|ป่า,"growing of plants , breeding and propagation","planting and growing of plants such as cuttings , cuttings , cultivation of seeds for direct propagation or for further growth of the selected plants as well as planting , planting , planting , planting , planting , raising of plants on the ground , planting , planting and trimming and rearing of plants as well as other types of culture and cultivation of vegetables and cultivation of tree products except forest branches",ขยายพันธุ์|ตัดกิ่งชำ|การตอน|เพาะชำกล้าไม้ยกเว้น|ขยายพันธุ์พืช,"breeding ?|cut out one &apos; s branches|a gesture of|tree nurseries , except ...|grow a plant"
01411,การเลี้ยงโคนมและโคเนื้อ,การ|เลี้ยง|โคนม|และ|โคเนื้อ,การเลี้ยง การเพาะพันธุ์และการผสมพันธุ์โคนมและโคเนื้อ การผลิตน้ำนมดิบ จากโคนม รวมถึงการผลิตน้ำเชื้อของสัตว์ดังกล่าว แต่ไม่รวมถึง กระบวนการผลิตนม ดูหมู่ย่อย 1050,การ|เลี้ยง| |การ|เพาะพันธุ์|และ|การ|ผสมพันธุ์|โคนม|และ|โคเนื้อ| |การผลิต|น้ำนม|ดิบ| |จาก|โคนม| |รวมถึง|การผลิต|น้ำเชื้อ|ของ|สัตว์|ดังกล่าว| |แต่|ไม่|รวมถึง| |กระบวนการผลิต|นม| |ดู|หมู่|ย่อย| |1050,dairy and cow cattle,"the breeding and breeding of milk and cow ’ s milk and cow ’ s milk production include the production of sperm from milk milk and the production of its sperm , but not including the production of lafrost .",เพาะพันธุ์|กระบวนการผลิตนม|ผสมพันธุ์โคนม|สัตว์ดังกล่าว|โคเนื้อ|การผลิตน้ำนมดิบ|โคนม|การผลิตน้ำเชื้อ,breed|the processing of milk|breed a dairy cow|such an animal .|- beef cattle .|manufacture of raw milk|dairy cattle|manufacture of sperm
01412,การเลี้ยงกระบือนมและกระบือเนื้อ,การ|เลี้ยง|กระบือ|นม|และ|กระบือ|เนื้อ,การเลี้ยง การเพาะพันธุ์และการผสมพันธุ์กระบือนมและกระบือเนื้อ การผลิต น้ำนมดิบจากกระบือนม รวมถึงการผลิตน้ำเชื้อสัตว์ดังกล่าว แต่ไม่รวมถึง กระบวนการผลิตนม ดูหมู่ย่อย 1050,การ|เลี้ยง| |การ|เพาะพันธุ์|และ|การ|ผสมพันธุ์|กระบือ|นม|และ|กระบือ|เนื้อ| |การผลิต| |น้ำนม|ดิบ|จาก|กระบือ|นม| |รวมถึง|การผลิต|น้ำเชื้อ|สัตว์|ดังกล่าว| |แต่|ไม่|รวมถึง| |กระบวนการผลิต|นม| |ดู|หมู่|ย่อย| |1050,raising of buffalo milk and buffalo,raising of the breeding and breeding of buffalo milk and buffalo meat production of raw milk from buffalo milk and the production of sperm sperm and the production of their sperm include not as much as the body of lagri with lagri,เพาะพันธุ์|กระบวนการผลิตนม|ผสมพันธุ์กระบือนม|การผลิตน้ำเชื้อสัตว์|กระบือเนื้อ|การผลิต|น้ำนมดิบ|กระบือนม,breed|the processing of milk|breed buffalo milk|manufacture of sperm animals|buffalo meat|manufacture of|raw milk|buffalo milk
01419,การเลี้ยงโคและกระบือเพื่อวัตถุประสงค์อื่น ๆ ซึ่งมิได้จัดประเภทไว้ในที่อื่น,การ|เลี้ยง|โค|และ|กระบือ|เพื่อ|วัตถุประสงค์|อื่น| |ๆ| |ซึ่ง|มิได้|จัด|ประเภท|ไว้|ใน|ที่อื่น,การเลี้ยง การเพาะพันธุ์ และการผสมพันธุ์โคและกระบือเพื่อการอนุรักษ์ การท่องเที่ยวและการกีฬา รวมถึงการผลิตน้ำเชื้อของโคและกระบือเพื่อ วัตถุประสงค์อื่น ๆ ซึ่งมิได้จัดประเภทไว้ในที่อื่น,การ|เลี้ยง| |การ|เพาะพันธุ์| |และ|การ|ผสมพันธุ์|โค|และ|กระบือ|เพื่อ|การอนุรักษ์| |การท่องเที่ยว|และ|การกีฬา| |รวมถึง|การผลิต|น้ำเชื้อ|ของ|โค|และ|กระบือ|เพื่อ| |วัตถุประสงค์|อื่น| |ๆ| |ซึ่ง|มิได้|จัด|ประเภท|ไว้|ใน|ที่อื่น,raising of cows and buffaloes for other purposes is not elsewhere classified .,raising of breeding and breeding and buffalo for conservation of tourism and sports and the production of sperm and buffalo for other purposes is not elsewhere classified,กระบือ|เพาะพันธุ์|จัดประเภทไว้|การกีฬา,buffaloes|breed|sort out|sports .
01420,การเลี้ยงม้า ลา ล่อ ม้าล่อและสัตว์อื่น ๆ ที่คล้ายม้า,การ|เลี้ยง|ม้า| |ลา| |ล่อ| |ม้าล่อ|และ|สัตว์|อื่น| |ๆ| |ที่|คล้าย|ม้า,การเลี้ยงและการเพาะพันธุ์ม้า ลา ล่อ ม้าล่อ และสัตว์อื่น ๆ ที่คล้ายม้า แต่ไม่รวมถึง การดำเนินงานเกี่ยวกับคอกม้าแข่งและม้าสำหรับขี่ ดูหมู่ย่อย 9319,การ|เลี้ยง|และ|การ|เพาะพันธุ์|ม้า| |ลา| |ล่อ| |ม้าล่อ| |และ|สัตว์|อื่น| |ๆ| |ที่|คล้าย|ม้า| |แต่|ไม่|รวมถึง| |การ|ดำเนินงาน|เกี่ยวกับ|คอก|ม้าแข่ง|และ|ม้า|สำหรับ|ขี่| |ดู|หมู่|ย่อย| |9319,"raising of horses , mules , and other creatures of horses","and the wild horses , and the mules , and other beasts like horses ; but they did not perform the work of the corhorses , and horses , with which they rode ; and with that which was with him , and with a great slaughter .",เพาะพันธุ์ม้า|ขี่|ลา|ม้า|ล่อ|ม้าล่อ|สัตว์อื่น|คล้ายม้า|ดำเนินงานเกี่ยวกับคอก|ม้าแข่ง,breed a horse|ride .|goodbye .|a horse .|a mule .|a mule .|other animals .|like a horse|carry out a work on a stable|a race horse
01430,การเลี้ยงอูฐที่มีโหนกเดียวและอูฐที่มีสองโหนก,การ|เลี้ยง|อูฐ|ที่|มี|โหนก|เดียว|และ|อูฐ|ที่|มี|สอง|โหนก,การเลี้ยงและเพาะพันธุ์อูฐที่มีโหนกเดียวและอูฐที่มีสองโหนก,การ|เลี้ยง|และ|เพาะพันธุ์|อูฐ|ที่|มี|โหนก|เดียว|และ|อูฐ|ที่|มี|สอง|โหนก,raising of camels and camelids,raising and breeding of camels and camelids,เพาะพันธุ์อูฐ|อูฐ|มีโหนก,breed camels|a camel ?|there &apos;s a hump .
01441,การเลี้ยงแกะ,การ|เลี้ยง|แกะ,การเลี้ยง การเพาะพันธุ์การผสมพันธุ์การผลิตน้ำนมดิบ และการผลิตขนแกะหยาบ แต่ไม่รวมถึง การตัดขนแกะ โดยได้รับค่าตอบแทนหรือตามสัญญาจ้าง ดูกิจกรรม 01629 การผลิตขนแกะซึ่งเป็นผลพลอยได้จากการฆ่าแกะ ดูกิจกรรม 10111 กระบวนการผลิตนม ดูหมู่ย่อย 1050,การ|เลี้ยง| |การ|เพาะพันธุ์|การ|ผสมพันธุ์|การผลิต|น้ำนม|ดิบ| |และ|การผลิต|ขน|แกะ|หยาบ| |แต่|ไม่|รวมถึง| |การ|ตัด|ขน|แกะ| |โดย|ได้รับ|ค่าตอบแทน|หรือ|ตาม|สัญญาจ้าง| |ดู|กิจกรรม| |01629| |การผลิต|ขน|แกะ|ซึ่ง|เป็น|ผลพลอยได้|จาก|การ|ฆ่า|แกะ| |ดู|กิจกรรม| |10111| |กระบวนการผลิต|นม| |ดู|หมู่|ย่อย| |1050,raising of sheep,"the breeding , the breeding , the production of raw milk and not the production of sheep not included on a fee or a fee basis but also saw the activities of lagri , the production of the sheep , the spoils of the slaughter of the sheep .",ดูกิจกรรม|การผลิตขนแกะ|เพาะพันธุ์|กระบวนการผลิตนม|ผสมพันธุ์การผลิตน้ำนม,watch the activity|manufacture of wool|breed|the processing of milk|breeding of milk
01442,การเลี้ยงแพะ,การ|เลี้ยง|แพะ,การเลี้ยง การเพาะพันธุ์การผสมพันธุ์และการผลิตน้ำนมดิบที่ได้จากแพะ แต่ไม่รวมถึง กระบวนการผลิตนม ดูหมู่ย่อย 1050,การ|เลี้ยง| |การ|เพาะพันธุ์|การ|ผสมพันธุ์|และ|การผลิต|น้ำนม|ดิบ|ที่|ได้|จาก|แพะ| |แต่|ไม่|รวมถึง| |กระบวนการผลิต|นม| |ดู|หมู่|ย่อย| |1050,goat ’ s farming,"the breeding , breeding , breeding , breeding , and production of raw milk produced from the goats , not including the production of milk .",เพาะพันธุ์|กระบวนการผลิตนม|ผสมพันธุ์|แพะ|การผลิตน้ำนมดิบ,breed|the processing of milk|mate ?|goat .|manufacture of raw milk
01450,การเลี้ยงสุกร,การ|เลี้ยง|สุกร,การเลี้ยงและการเพาะพันธุ์สุกร,การ|เลี้ยง|และ|การ|เพาะพันธุ์|สุกร,raising of swine,raising and breeding of swine,เลี้ยง|เพาะพันธุ์สุกร,raise him .|breed swine
01461,การเลี้ยงไก่ไข่,การ|เลี้ยง|ไก่|ไข่,การเลี้ยง การเพาะพันธุ์ การผสมพันธุ์ไก่ไข่ การดำเนินงานเกี่ยวกับโรงฟักไข่ และการผลิตไข่ไก่สด แต่ไม่รวมถึง การเลี้ยง การเพาะพันธุ์และการผสมพันธุ์ไก่งวง ไก่ชน ไก่ต๊อกไก่แจ้ ดูกิจกรรม 01469,การ|เลี้ยง| |การ|เพาะพันธุ์| |การ|ผสมพันธุ์|ไก่|ไข่| |การ|ดำเนินงาน|เกี่ยวกับ|โรง|ฟักไข่| |และ|การผลิต|ไข่ไก่|สด| |แต่|ไม่|รวมถึง| |การ|เลี้ยง| |การ|เพาะพันธุ์|และ|การ|ผสมพันธุ์|ไก่งวง| |ไก่ชน| |ไก่|ต๊อก|ไก่แจ้| |ดู|กิจกรรม| |01469,raising of chickens and eggs,"raising of the breeding of chickens , eggs , eggs , eggs , eggs , eggs , eggs production , but not the raising of breeding and breeding of poultry , poultry , fowl , bird , bird figure , donkey , donkey , etc .",เพาะพันธุ์|ไก่ต๊อกไก่แจ้|ไก่ชน|ฟักไข่,"breed|dduk hen , cuckoo .|game cock|incubate eggs"
01462,การเลี้ยงไก่เนื้อ,การ|เลี้ยง|ไก่|เนื้อ,การเลี้ยง การเพาะพันธุ์และการผสมพันธุ์ไก่เนื้อ แต่ไม่รวมถึง การเลี้ยง การเพาะพันธุ์และการผสมพันธุ์ไก่งวง ไก่ชน ไก่ต๊อกไก่แจ้ ดูกิจกรรม 01469,การ|เลี้ยง| |การ|เพาะพันธุ์|และ|การ|ผสมพันธุ์|ไก่|เนื้อ| |แต่|ไม่|รวมถึง| |การ|เลี้ยง| |การ|เพาะพันธุ์|และ|การ|ผสมพันธุ์|ไก่งวง| |ไก่ชน| |ไก่|ต๊อก|ไก่แจ้| |ดู|กิจกรรม| |01469,the treat of chicken meat,"breeding and breeding and breeding of poultry , but not including raising of breeding and breeding , turkey , banked , banked , banked , bandy , and bay .",เพาะพันธุ์|ไก่ต๊อกไก่แจ้|ไก่ชน,"breed|dduk hen , cuckoo .|game cock"
01463,การเลี้ยงเป็ด,การ|เลี้ยง|เป็ด,การเลี้ยง การเพาะพันธุ์และการผสมพันธุ์เป็ดไข่ เป็ดเนื้อ เป็ดเทศ การดำเนินงาน เกี่ยวกับโรงฟักไข่เป็ด การผลิตไข่เป็ด,การ|เลี้ยง| |การ|เพาะพันธุ์|และ|การ|ผสมพันธุ์|เป็ด|ไข่| |เป็ด|เนื้อ| |เป็ดเทศ| |การ|ดำเนินงาน| |เกี่ยวกับ|โรง|ฟักไข่|เป็ด| |การผลิต|ไข่|เป็ด,raising of ducks,raising of breeding and breeding of poultry and poultry : poultry and duck meat is a work of poultry eggs hatchling,เพาะพันธุ์|เป็ด|ผสมพันธุ์เป็ดไข่|เกี่ยวกับโรงฟักไข่|เป็ดเนื้อ|เป็ดเทศ|ดำเนินงาน,breed|duck !|breed an egg duck|about the incubators .|a meat duck|it &apos;s a good day .|carry out a task
01469,การเลี้ยงสัตว์ปีกอื่น ๆ ซึ่งมิได้จัดประเภทไว้ในที่อื่น,การ|เลี้ยง|สัตว์ปีก|อื่น| |ๆ| |ซึ่ง|มิได้|จัด|ประเภท|ไว้|ใน|ที่อื่น,การเลี้ยง การเพาะพันธุ์และการผสมพันธุ์ รวมถึงการดำเนินงานเกี่ยวกับ โรงฟักไข่ สัตว์ปีกอื่น ๆ ซึ่งมิได้จัดประเภทไว้ในที่อื่น การเลี้ยง การเพาะพันธุ์ และการผสมพันธุ์ไก่พื้นเมือง เช่น ไก่ต๊อกไก่แจ้ไก่ชน ไก่อูไก่ตะเภา ไก่เบตง ไก่งวง ห่าน และการผลิตไข่ของสัตว์ดังกล่าว แต่ไม่รวมถึง การเลี้ยง การเพาะพันธุ์และการผสมพันธุ์ไก่ไข่และไก่เนื้อ ดูกิจกรรม 01461 และ 01462 การผลิตขนแข็งหรือขนอ่อน ซึ่งเป็นผลิตภัณฑ์พลอยได้จากการฆ่าสัตว์ปีก ดูกิจกรรม 10120,การ|เลี้ยง| |การ|เพาะพันธุ์|และ|การ|ผสมพันธุ์| |รวมถึง|การ|ดำเนินงาน|เกี่ยวกับ| |โรง|ฟักไข่| |สัตว์ปีก|อื่น| |ๆ| |ซึ่ง|มิได้|จัด|ประเภท|ไว้|ใน|ที่อื่น| |การ|เลี้ยง| |การ|เพาะพันธุ์| |และ|การ|ผสมพันธุ์|ไก่|พื้นเมือง| |เช่น| |ไก่|ต๊อก|ไก่แจ้|ไก่ชน| |ไก่อู|ไก่|ตะเภา| |ไก่|เบตง| |ไก่งวง| |ห่าน| |และ|การผลิต|ไข่|ของ|สัตว์|ดังกล่าว| |แต่|ไม่|รวมถึง| |การ|เลี้ยง| |การ|เพาะพันธุ์|และ|การ|ผสมพันธุ์|ไก่|ไข่|และ|ไก่|เนื้อ| |ดู|กิจกรรม| |01461| |และ| |01462| |การผลิต|ขน|แข็ง|หรือ|ขนอ่อน| |ซึ่ง|เป็น|ผลิตภัณฑ์|พลอย|ได้|จาก|การ|ฆ่า|สัตว์ปีก| |ดู|กิจกรรม| |10120,raising of other poultry not elsewhere classified,"the breeding and breeding of other poultry eggs and eggs includes not classified elsewhere : breeding and breeding of aborigines such as chicken birds as well as chicken birds , chicken guinea fowl , and the production of the wild chicken , and the breeding of the wild beast , and the breeding of the wild beast , and the rearing of the wild beast , and the rearing of the wild beast .",เพาะพันธุ์|ดูกิจกรรม|เลี้ยง|โรงฟักไข่|สัตว์ปีกอื่น|ไก่ต๊อกไก่แจ้|ไก่ชน|ไก่อูไก่ตะเภา|ไก่เบตง|ไก่งวง|ห่าน|ขนอ่อน,"breed|watch the activity|raise him .|incubators|another bird|dduk hen , cuckoo .|game cock|guinea hen ’ s guinea hen boat|beong chicken|turkey .|goose !|floss is weak ."
01491,การเลี้ยงนกกระจอกเทศและนกอีม,การ|เลี้ยง|นกกระจอกเทศ|และ|นก|อี|ม,การเลี้ยง การเพาะพันธุ์และการผสมพันธุ์รวมถึง การดำเนินงานเกี่ยวกับโรงฟักไข่ นกกระจอกเทศและนกอีมู การผลิตผลิตภัณฑ์จากเนื้อ หนังและขน นกกระจอกเทศ และนกอีมูที่ดำเนินการภายในฟาร์ม,การ|เลี้ยง| |การ|เพาะพันธุ์|และ|การ|ผสมพันธุ์|รวมถึง| |การ|ดำเนินงาน|เกี่ยวกับ|โรง|ฟักไข่| |นกกระจอกเทศ|และ|นก|อีมู| |การผลิต|ผลิตภัณฑ์|จาก|เนื้อ| |หนัง|และ|ขน| |นกกระจอกเทศ| |และ|นก|อีมู|ที่|ดำเนินการ|ภายใน|ฟาร์ม,ostriches and birds,raising of breeding and breeding and operation of ostrich eggs and emu production of meat fur and ostrich eggs carried on the farm,นกอีมู|นกกระจอกเทศ|เพาะพันธุ์|ดำเนินการ|ผสมพันธุ์รวมถึง,"emu|ostrich !|breed|carry out|mate , including ..."
01492,การเลี้ยงไหม ผีเสื้อและแมลง,การ|เลี้ยง|ไหม| |ผีเสื้อ|และ|แมลง,การเลี้ยง และการขยายพันธุ์ไหม ผีเสื้อและแมลง การผลิตไข่ไหม รังไหมดิบ รวมถึงการปลูกต้นหม่อนเพื่อเลี้ยงไหม แต่ไม่รวมถึง การปลูกหม่อนเพื่อใช้ทำเครื่องดื่ม ดูกิจกรรม 01279 การแปรรูปไหมที่ไม่ได้ดำเนินการต่อเนื่องจากการเลี้ยงไหม ดูหมวดย่อย 13,การ|เลี้ยง| |และ|การ|ขยายพันธุ์|ไหม| |ผีเสื้อ|และ|แมลง| |การผลิต|ไข่|ไหม| |รัง|ไหม|ดิบ| |รวมถึง|การ|ปลูก|ต้น|หม่อน|เพื่อ|เลี้ยง|ไหม| |แต่|ไม่|รวมถึง| |การ|ปลูก|หม่อน|เพื่อ|ใช้|ทำ|เครื่องดื่ม| |ดู|กิจกรรม| |01279| |การ|แปรรูป|ไหม|ที่|ไม่|ได้|ดำเนิน|การต่อเนื่อง|จาก|การ|เลี้ยง|ไหม| |ดู|หมวด|ย่อย| |13,raising of butterflies and insects,"the raising and breeding of silk , butterflies , silk , silk , cocoons , and the cultivation of mulberry trees , but not the growing of mulberry trees , to make a drink , to see the activity of lamusky .",เลี้ยง|แมลง|การผลิตไข่|รัง|ดูกิจกรรม,raise him .|bugs .|manufacture of eggs|nest .|watch the activity
01493,การเลี้ยงผึ้ง,การ|เลี้ยง|ผึ้ง,การเลี้ยง และการขยายพันธุ์ผึ้ง การผลิตน้ำผึ้ง ขี้ผึ้ง และผลิตภัณฑ์พลอยได้ จากการเลี้ยงผึ้ง แต่ไม่รวมถึง การผลิตน้ำผึ้งแท้ที่ผ่านกระบวนการแปรรูป เช่น ผ่านการฆ่าเชื้อ ซึ่งมิได้ดำเนินการต่อเนื่องจากการเลี้ยงผึ้ง ดูกิจกรรม 10779,การ|เลี้ยง| |และ|การ|ขยายพันธุ์|ผึ้ง| |การผลิต|น้ำผึ้ง| |ขี้ผึ้ง| |และ|ผลิตภัณฑ์|พลอย|ได้| |จาก|การ|เลี้ยง|ผึ้ง| |แต่|ไม่|รวมถึง| |การผลิต|น้ำผึ้ง|แท้|ที่|ผ่าน|กระบวนการ|แปรรูป| |เช่น| |ผ่าน|การ|ฆ่าเชื้อ| |ซึ่ง|มิได้|ดำเนิน|การต่อเนื่อง|จาก|การ|เลี้ยง|ผึ้ง| |ดู|กิจกรรม| |10779,raising of bees,"raising and breeding of bees , honey , wax and gem products , but not the production of true honey processed such as disinfection , which has not been carried out by the time of the sale of bees , including the mukhloma activities .",เลี้ยงผึ้ง|ขยายพันธุ์ผึ้ง|การผลิตน้ำผึ้ง,raise a bee|breed bees|manufacture of honey
01494,การเลี้ยงนกนางแอ่น,การ|เลี้ยง|นก|นางแอ่น,การเลี้ยง และการขยายพันธุ์นกนางแอ่น การดำเนินกิจการของบ้านหรือคอนโด เพื่อเลี้ยงนกนางแอ่น การผลิตผลิตภัณฑ์ที่ได้จากการเลี้ยงนกนางแอ่น เช่น รังนกดิบ แต่ไม่รวมถึง การผลิตรังนก ที่นำมาตกแต่ง ทำความสะอาดและบรรจุภาชนะ เช่น รังนกแห้ง รังนกกึ่งสำเร็จรูป รังนกสดพร้อมปรุง ดูกิจกรรม 10134 การผลิตเครื่องดื่มรังนกสำเร็จรูป ดูกิจกรรม 10799,การ|เลี้ยง| |และ|การ|ขยายพันธุ์|นก|นางแอ่น| |การ|ดำเนินกิจการ|ของ|บ้าน|หรือ|คอนโด| |เพื่อ|เลี้ยง|นก|นางแอ่น| |การผลิต|ผลิตภัณฑ์|ที่|ได้|จาก|การ|เลี้ยง|นก|นางแอ่น| |เช่น| |รังนก|ดิบ| |แต่|ไม่|รวมถึง| |การผลิต|รังนก| |ที่|นำมา|ตกแต่ง| |ทำความสะอาด|และ|บรรจุ|ภาชนะ| |เช่น| |รังนก|แห้ง| |รังนก|กึ่ง|สำเร็จรูป| |รังนก|สด|พร้อม|ปรุง| |ดู|กิจกรรม| |10134| |การผลิต|เครื่องดื่ม|รังนก|สำเร็จรูป| |ดู|กิจกรรม| |10799,the feeding of swallows,"and the breeding of swallows , the operating of houses , or the condos , to feed the swallow , the making of the swallow , the making of the swallow , but not the making of a bird &apos;s nest , nor the making of a bird &apos;s nest , nor the making of a well-made bird , such as a bird &apos;s nest , a bird &apos;s nest , or a bird &apos;s nest , or a bird , or a bird , or a bird , or a gook , or a poring , or a poring of poring .",สำเร็จรูป|เลี้ยงนกนางแอ่น|ขยายพันธุ์นกนางแอ่น|ดูกิจกรรม|ดำเนินกิจการ|นำมาตกแต่ง|ทำความสะอาด|บรรจุภาชนะ,off the peg|keep a swallow|breed swallows|watch the activity|run a business|bring in the decorations|clean up .|pack a container
01495,การทำฟาร์มง,การทำฟาร์ม|ง,การเลี้ยง การผสมพันธุ์และการผลิตผลิตภัณฑ์จากเนื้อหรือหนังงูจากฟาร์มเลี้ยง,การ|เลี้ยง| |การ|ผสมพันธุ์|และ|การผลิต|ผลิตภัณฑ์|จาก|เนื้อ|หรือ|หนัง|งู|จาก|ฟาร์ม|เลี้ยง,farming .,breeding and production of dairy products or hides from farms,ผสมพันธุ์|หนังงู|การผลิตผลิตภัณฑ์|เนื้อ,mate ?|snake skin|manufacture of products|meat .
01496,การทำฟาร์มสัตว์เลี้ยง ยกเว้น สัตว์น้ำ,การทำฟาร์ม|สัตว์เลี้ยง| |ยกเว้น| |สัตว์น้ำ,การเลี้ยง รวมถึงการคัดสายพันธุ์การเพาะพันธุ์และการผสมพันธุ์สัตว์เลี้ยง เช่น สุนัข แมว นก นกแก้วเล็ก นกหงส์หยก นกเขา นกกรงหัวจุก ฯลฯ หนูแฮมสเตอร์ และการทำฟาร์มสัตว์เลี้ยงอื่น ๆ แต่ไม่รวมถึง กิจกรรมการดูแลสัตว์เลี้ยง เช่น การฝึกสัตว์เลี้ยง การตัดแต่งขนสัตว์เลี้ยง ดูกิจกรรม 96302,การ|เลี้ยง| |รวมถึง|การ|คัด|สายพันธุ์|การ|เพาะพันธุ์|และ|การผสมพันธุ์สัตว์|เลี้ยง| |เช่น| |สุนัข| |แมว| |นก| |นกแก้ว|เล็ก| |นก|หงส์หยก| |นกเขา| |นก|กรง|หัวจุก| |ฯลฯ| |หนู|แฮมสเตอร์| |และ|การทำฟาร์ม|สัตว์เลี้ยง|อื่น| |ๆ| |แต่|ไม่|รวมถึง| |กิจ|กรรมการ|ดูแล|สัตว์เลี้ยง| |เช่น| |การ|ฝึก|สัตว์เลี้ยง| |การ|ตัดแต่ง|ขน|สัตว์เลี้ยง| |ดู|กิจกรรม| |96302,farming except on the run,"the raising includes the selection of species breeding and breeding of animals such as cats cats cats parakeets birds parakeets birds , parakeets , mice birds , mice birds , mice birds , mice , and other animals , and farming activities as well as pet grooming animals , including wild animals , etc . , etc .",คัดสายพันธุ์|ตัดแต่งขนสัตว์เลี้ยง|เพาะพันธุ์|ฝึกสัตว์เลี้ยง|การผสมพันธุ์สัตว์เลี้ยง|สุนัข|แมว|นก|นกแก้วเล็ก|นกหงส์หยก|นกเขา|นกกรงหัวจุก|แฮมสเตอร์|การทำฟาร์มสัตว์เลี้ยง|กิจกรรมการดูแล|สัตว์เลี้ยง,"rule out a species|trim the animals|breed|train a pet|breeding|a dog .|cats !|birds .|a small parrot .|the parakeets|dove !|- a bird , a poop head .|a hamster ?|farming .|activities of oversight|pets ?"
01499,การเลี้ยงสัตว์ประเภทอื่น ๆ ซึ่งมิได้จัดประเภทไว้ในที่อื่น,การ|เลี้ยงสัตว์|ประเภท|อื่น| |ๆ| |ซึ่ง|มิได้|จัด|ประเภท|ไว้|ใน|ที่อื่น,การเลี้ยงและการเพาะพันธุ์สัตว์กึ่งสัตว์เลี้ยง กระต่ายและสัตว์มีขนประเภทอื่น ๆ นกกระทาและนกอื่น ๆ ยกเว้น นกที่เป็นสัตว์เลี้ยงและนกนางแอ่น การทำฟาร์ม ไส้เดือน ทาก หอย ที่อาศัยบนบก การเลี้ยงและการผสมพันธุ์สัตว์ล่า การเลี้ยงสัตว์ประเภทอื่น ๆ ซึ่งมิได้จัดประเภทไว้ในที่อื่น แต่ไม่รวมถึง การเลี้ยงนกนางแอ่น ดูกิจกรรม 01494 การผลิตหนังขนสัตว์ที่ได้จากการล่าสัตว์และการดักสัตว์ดูกิจกรรม 01700 การเพาะเลี้ยงเม่นทะเล กบ จระเข้ดูหมู่ย่อย 0321 และ 0322 การเพาะเลี้ยงสัตว์น้ำ ดูหมู่ย่อย 0321 และ 0322,การ|เลี้ยง|และ|การ|เพาะพันธุ์|สัตว์|กึ่ง|สัตว์เลี้ยง| |กระต่าย|และ|สัตว์|มี|ขน|ประเภท|อื่น| |ๆ| |นก|กระทา|และ|นก|อื่น| |ๆ| |ยกเว้น| |นก|ที่|เป็น|สัตว์เลี้ยง|และ|นก|นางแอ่น| |การทำฟาร์ม| |ไส้เดือน| |ทาก| |หอย| |ที่|อาศัย|บน|บก| |การ|เลี้ยง|และ|การผสมพันธุ์สัตว์|ล่า| |การ|เลี้ยงสัตว์|ประเภท|อื่น| |ๆ| |ซึ่ง|มิได้|จัด|ประเภท|ไว้|ใน|ที่อื่น| |แต่|ไม่|รวมถึง| |การ|เลี้ยง|นก|นางแอ่น| |ดู|กิจกรรม| |01494| |การผลิต|หนัง|ขนสัตว์|ที่|ได้|จาก|การล่าสัตว์|และ|การ|ดัก|สัตว์|ดู|กิจกรรม| |01700| |การ|เพาะเลี้ยง|เม่นทะเล| |กบ| |จระเข้|ดู|หมู่|ย่อย| |0321| |และ| |0322| |การ|เพาะเลี้ยงสัตว์น้ำ| |ดู|หมู่|ย่อย| |0321| |และ| |0322,other types of raising n.e.c,"and of breeding and breeding of semi-livestock , and of birds , and of birds , and of birds , and of birds , and of birds , as well as birds , and as birds , and as birds , and as well as birds , and as birds that live on the surface of the earth , and as well as the conservation of nature , not only of other types of animals , but also the movement of wild animals , and also the slaughter of wild beasts and wild beasts and wild beasts .",เลี้ยง|เพาะเลี้ยงสัตว์น้ำ|จระเข้ดูหมู่|กระต่าย|สัตว์มี|ขนประเภท|นกกระทา|นกอื่น|ยกเว้น|นก|เป็นสัตว์เลี้ยง|นกนางแอ่น|การทำฟาร์ม|ไส้เดือน|ทาก|หอย|จัดประเภทไว้|ที่อื่น|เลี้ยงนกนางแอ่น|ดูกิจกรรม|การผลิตหนังขนสัตว์|การล่าสัตว์|ดักสัตว์ดู|กิจกรรม|เพาะเลี้ยงเม่นทะเล|กบ,raise him .|aquaculture|alligators !|a rabbit .|animals have ...|hair type|quail|another bird .|except ...|birds .|be a pet|swallows !|farming .|worms .|a slug .|oysters .|sort out|somewhere else .|keep a swallow|watch the activity|production of fur skins|hunting .|- trap the animals .|activities|eating sea urchin|frogs .
01500,การทำฟาร์มผสมผสาน,การทำฟาร์ม|ผสมผสาน,การผสมผสานระหว่างการเพาะปลูกและการเลี้ยงสัตว์เข้าด้วยกันโดยไม่เจาะจง ว่าจะเป็นการปลูกพืชผลหรือเลี้ยงสัตว์ประเภทใดเป็นพิเศษ ขนาดของ การดำเนินงานโดยรวมของฟาร์มดังกล่าวนี้ มิใช่ปัจจัยกำหนดลักษณะของฟาร์ม แต่ถ้าการผลิตพืชผลหรือสัตว์ในหมู่นี้มีปริมาณเกินกว่าร้อยละ 66 ของมาตรฐาน การผลิตโดยรวมแล้วกิจกรรมนี้จะไม่จัดไว้ในหมู่ย่อยนี้แต่จะจัดไว้ในหมู่ย่อย ของการเพาะปลูกพืชผลหรือการเลี้ยงสัตว์แยกออกมาโดยเฉพาะ แต่ไม่รวมถึง การปลูกพืชผสมผสาน ดูหมู่ใหญ่ 011และ 012 การเลี้ยงปศุสัตว์ผสมผสาน ดูหมู่ใหญ่014,การ|ผสมผสาน|ระหว่าง|การ|เพาะปลูก|และ|การ|เลี้ยงสัตว์|เข้าด้วยกัน|โดย|ไม่|เจาะจง| |ว่า|จะ|เป็นการ|ปลูก|พืชผล|หรือ|เลี้ยงสัตว์|ประเภท|ใด|เป็นพิเศษ| |ขนาด|ของ| |การ|ดำเนินงาน|โดยรวม|ของ|ฟาร์ม|ดังกล่าว|นี้| |มิใช่|ปัจจัย|กำหนด|ลักษณะ|ของ|ฟาร์ม| |แต่|ถ้า|การผลิต|พืชผล|หรือ|สัตว์|ใน|หมู่นี้|มี|ปริมาณ|เกิน|กว่า|ร้อยละ| |66| |ของ|มาตรฐาน| |การผลิต|โดยรวม|แล้ว|กิจกรรม|นี้|จะ|ไม่|จัด|ไว้|ใน|หมู่|ย่อย|นี้|แต่|จะ|จัด|ไว้|ใน|หมู่|ย่อย| |ของ|การ|เพาะปลูก|พืชผล|หรือ|การ|เลี้ยงสัตว์|แยก|ออกมา|โดยเฉพาะ| |แต่|ไม่|รวมถึง| |การ|ปลูก|พืช|ผสมผสาน| |ดู|หมู่|ใหญ่| |011|และ| |012| |การเลี้ยงปศุสัตว์|ผสมผสาน| |ดู|หมู่|ใหญ่|014,mixed farming,"whatever kind of farm production or production is not required to produce a specific type of farm , but if the production of crops has been more than % of the scale of the scale of the scale of the scale of the scale of the scale of the scale of the scale of the scale of the scale of the scale , then this activity will not be included in the crop , nor will it be included among the great crop .",หมู่ย่อย|ดูหมู่ใหญ่|เพาะปลูก|เลี้ยงสัตว์เข้าด้วยกัน|เจาะจง|เป็นการปลูกพืชผล|เลี้ยงสัตว์ประเภท|ใดเป็นพิเศษ|ขนาด|ดำเนินงานโดยรวม|ฟาร์มดังกล่าว|มิใช่ปัจจัยกำหนด|ลักษณะ|ฟาร์ม|การผลิตพืชผล|สัตว์|หมู่นี้มีปริมาณ|ร้อยละ|มาตรฐาน,subgroup|look at the big group .|grow a farm|feed one &apos; s animals together|specific .|it was a cultivation of crops .|keep a variety of animals|anything in particular ?|b4|carry out a general undertaking|the farm .|not a determining factor|look ...|a farm .|manufacture of crops|animals .|there has been a lot recently .|10 % .|standard
01611,การควบคุมแมลงและสัตว์ศัตรูพืช,การควบคุม|แมลง|และ|สัตว์|ศัตรูพืช,การควบคุมแมลงและสัตว์ศัตรูพืชซึ่งเกี่ยวข้องกับการเกษตร โดยได้รับค่าตอบแทน หรือตามสัญญาจ้าง การพ่นยาฆ่าแมลงและกำจัดวัชพืช รวมทั้งการฉีดพ่น ทางอากาศ และการรมยาเพื่อควบคุมกำจัดศัตรูพืช,การควบคุม|แมลง|และ|สัตว์|ศัตรูพืช|ซึ่ง|เกี่ยวข้อง|กับ|การเกษตร| |โดย|ได้รับ|ค่าตอบแทน| |หรือ|ตาม|สัญญาจ้าง| |การพ่น|ยาฆ่าแมลง|และ|กำจัด|วัชพืช| |รวมทั้ง|การ|ฉีด|พ่น| |ทางอากาศ| |และ|การ|รมยา|เพื่อ|ควบคุม|กำจัด|ศัตรูพืช,pest control,the control of insects and pests related to agriculture on a fee or contract of spraying and weeds including spraying and fussing over pests and pesticides,สัตว์ศัตรูพืช|รมยา|การเกษตร|ทางอากาศ|ได้รับค่าตอบแทน|สัญญาจ้าง|การพ่นยาฆ่าแมลง|กำจัดวัชพืช|ฉีดพ่น,pests|fumigated .|agriculture .|by air|be paid for|a contract fee|crop-dusting|weed out the weeds|spray out
01612,การดำเนินการเกี่ยวกับอุปกรณ์การให้น้ำและเครื่องมือชลประทานทางการเกษตร,การ|ดำเนินการ|เกี่ยวกับ|อุปกรณ์|การ|ให้น้ำ|และ|เครื่องมือ|ชลประทาน|ทาง|การเกษตร,กิจกรรมการดำเนินการเกี่ยวกับอุปกรณ์การให้น้ำและเครื่องมือชลประทาน ทางการเกษตร โดยได้รับค่าตอบแทนหรือตามสัญญาจ้าง เช่น อุปกรณ์ให้น้ำ แบบฉีดฝอย สปริงเกอร์ อุปกรณ์ให้น้ำแบบน้ำหยดทั้งทางผิวดินและใต้ดิน,กิจ|กรรมการ|ดำเนินการ|เกี่ยวกับ|อุปกรณ์|การ|ให้น้ำ|และ|เครื่องมือ|ชลประทาน| |ทาง|การเกษตร| |โดย|ได้รับ|ค่าตอบแทน|หรือ|ตาม|สัญญาจ้าง| |เช่น| |อุปกรณ์|ให้น้ำ| |แบบ|ฉีด|ฝอย| |สปริง|เก|อร|์| |อุปกรณ์|ให้น้ำ|แบบ|น้ำ|หยด|ทั้ง|ทาง|ผิว|ดิน|และ|ใต้ดิน,operation of agricultural irrigation equipment and equipment,activities of water and irrigation equipment on a fee or contract basis such as water sprinklers and land and land and land water equipment,เกี่ยวกับอุปกรณ์|ทางผิวดิน|ให้น้ำ|หยด|เครื่องมือชลประทาน|ทางการเกษตร|ได้รับค่าตอบแทน|สัญญาจ้าง|อุปกรณ์ให้น้ำ|แบบฉีดฝอย|สปริงเกอร|อุปกรณ์ให้น้ำแบบน้ำ,about the device .|on the surface|water .|drops .|an irrigation equipment|in agriculture|be paid for|a contract fee|water supplies|- it &apos;s a squirt .|springer .|water water supplies
01619,กิจกรรมสนับสนุนการผลิตพืชผล ซึ่งมิได้จัดประเภทไว้ในที่อื่น,กิจกรรม|สนับสนุน|การผลิต|พืชผล| |ซึ่ง|มิได้|จัด|ประเภท|ไว้|ใน|ที่อื่น,กิจกรรมทางการเกษตร โดยได้รับค่าตอบแทนหรือตามสัญญาจ้าง การเตรียม พื้นที่เพาะปลูก การปลูก การให้ปุ๋ย การตัดแต่งกิ่งก้านต้นไม้ผลและไม้เถา การปักดำข้าวและกล้าหัวผักกาด การเก็บเกี่ยว การจัดหาเครื่องจักรกล ทางการเกษตรพร้อมผู้ควบคุมและคนงาน การดูแลรักษาที่ดินให้อยู่ในสภาพดี เพื่อการใช้งานทางการเกษตร แต่ไม่รวมถึง กิจกรรมของนักวิชาการเกษตรและนักเศรษฐศาสตร์การเกษตร ดูกิจกรรม 74902 กิจกรรมของนักภูมิสถาปัตยกรรม ดูกิจกรรม 71101 การจัดการแสดงผลผลิตทางการเกษตร ดูกิจกรรม 82302,กิจกรรม|ทาง|การเกษตร| |โดย|ได้รับ|ค่าตอบแทน|หรือ|ตาม|สัญญาจ้าง| |การ|เตรียม| |พื้นที่เพาะปลูก| |การ|ปลูก| |การ|ให้|ปุ๋ย| |การ|ตัดแต่ง|กิ่งก้าน|ต้นไม้|ผล|และ|ไม้|เถา| |การ|ปักดำ|ข้าว|และ|กล้า|หัวผักกาด| |การ|เก็บเกี่ยว| |การ|จัดหา|เครื่องจักรกล| |ทาง|การเกษตร|พร้อม|ผู้ควบคุม|และ|คนงาน| |การ|ดูแลรักษา|ที่ดิน|ให้|อยู่|ใน|สภาพ|ดี| |เพื่อ|การใช้งาน|ทาง|การเกษตร| |แต่|ไม่|รวมถึง| |กิจกรรม|ของ|นักวิชาการ|เกษตร|และ|นักเศรษฐศาสตร์|การเกษตร| |ดู|กิจกรรม| |74902| |กิจกรรม|ของ|นัก|ภูมิสถาปัตยกรรม| |ดู|กิจกรรม| |71101| |การ|จัด|การแสดง|ผลผลิต|ทาง|การเกษตร| |ดู|กิจกรรม| |82302,support activities for the manufacture of crops not elsewhere classified,agricultural activities on a fee or fee basis or on a fee basis or on a fee basis : planting and growing of growing crops and vines and planting and planting and planting and planting and planting and planting and cultivating agricultural products with those who care for the conditions of farm workers and those who care for the conditions of agriculture but not the activities of agriculture and the activities of agriculture and the part of an agricultural profession,ดูกิจกรรม|กิจกรรม|ได้รับค่าตอบแทน|สัญญาจ้าง|เตรียม|พื้นที่เพาะปลูก|ปลูก|ให้ปุ๋ย|ตัดแต่งกิ่งก้านต้นไม้ผล|ไม้เถา|ปักดำข้าว|กล้าหัวผักกาด|เก็บเกี่ยว|จัดหาเครื่องจักรกล|ทางการเกษตร|ผู้ควบคุม|คนงาน|ดูแลรักษาที่ดิน,watch the activity|activities|be paid for|a contract fee|stand by .|arable land|grow|give it the fertilizer .|trim the branches of a tree|- it &apos;s a vine .|trans-ship of rice|have a thick head of beet|harvest .|equip a machine|in agriculture|operator|a worker ?|maintain a land
01621,กิจกรรมสนับสนุนการแพร่พันธุ์สัตว,กิจกรรม|สนับสนุน|การ|แพร่พันธุ์|สัตว,ิจกรรมสนับสนุนการแพร่พันธุ์การเพาะพันธุ์การผสมพันธุ์และการผสมเทียม รวมถึงการบริการพ่อแม่พันธุ์สัตว์โดยได้รับค่าตอบแทนหรือตามสัญญาจ้าง แต่ไม่รวมถึง กิจกรรมการผสมพันธุ์สัตว์ที่ดำเนินการโดยฟาร์มเลี้ยงสัตว์ ได้จัดประเภทไว้ ตามชนิดของสัตว์ที่เลี้ยง,ิจ|กรรม|สนับสนุน|การ|แพร่พันธุ์|การ|เพาะพันธุ์|การ|ผสมพันธุ์|และ|การ|ผสมเทียม| |รวมถึง|การ|บริการ|พ่อ|แม่พันธุ์|สัตว์|โดย|ได้รับ|ค่าตอบแทน|หรือ|ตาม|สัญญาจ้าง| |แต่|ไม่|รวมถึง| |กิจกรรม|การผสมพันธุ์สัตว์|ที่|ดำเนินการ|โดย|ฟาร์ม|เลี้ยงสัตว์| |ได้|จัด|ประเภท|ไว้| |ตาม|ชนิด|ของ|สัตว์|ที่|เลี้ยง,animal reproduction activities,"reproductive breeding , breeding , breeding , breeding , breeding and artificial and artificial insemination includes a fee or fee basis but not as well as the provision of breeding of animals carried on a variety of animals",แพร่พันธุ์|สัตว์|เพาะพันธุ์|ชนิด|ผสมพันธุ์|ผสมเทียม|บริการพ่อแม่พันธุ์สัตว์|ได้รับค่าตอบแทน|สัญญาจ้าง|กิจกรรมการผสมพันธุ์สัตว์|ดำเนินการ|ฟาร์มเลี้ยงสัตว์|จัดประเภท,breed out|animals .|breed|mime type|mate ?|artificial insemination|meat daddy serves .|be paid for|a contract fee|breeding activities|carry out|a farm for cattle|sort out
01629,กิจกรรมสนับสนุนการเลี้ยงสัตว์อื่น ๆ ซึ่งมิได้จัดประเภทไว้ในที่อื่น,กิจกรรม|สนับสนุน|การ|เลี้ยงสัตว์|อื่น| |ๆ| |ซึ่ง|มิได้|จัด|ประเภท|ไว้|ใน|ที่อื่น,การบริการทดสอบฝูงสัตว์ บริการต้อนฝูงสัตว์ บริการตอนไก่ การทำความสะอาด เล้าไก่ การบริการตัดขนแกะ ฯลฯ โดยได้รับค่าตอบแทนหรือตามสัญญาจ้าง การจัดที่พักและอาหารให้สัตว์ การดูแลสัตว์ในฟาร์ม รวมถึงกิจกรรมของ ช่างทำเกือกม้า แต่ไม่รวมถึง การจัดที่พักชั่วคราวให้สัตว์เลี้ยง ดูกิจกรรม 96302,การ|บริการ|ทดสอบ|ฝูง|สัตว์| |บริการ|ต้อน|ฝูง|สัตว์| |บริการ|ตอน|ไก่| |การ|ทำความสะอาด| |เล้า|ไก่| |การ|บริการ|ตัด|ขน|แกะ| |ฯลฯ| |โดย|ได้รับ|ค่าตอบแทน|หรือ|ตาม|สัญญาจ้าง| |การ|จัด|ที่พัก|และ|อาหาร|ให้|สัตว์| |การ|ดูแล|สัตว์|ใน|ฟาร์ม| |รวมถึง|กิจกรรม|ของ| |ช่าง|ทำ|เกือกม้า| |แต่|ไม่|รวมถึง| |การ|จัด|ที่พัก|ชั่วคราว|ให้|สัตว์เลี้ยง| |ดู|กิจกรรม| |96302,other animal support activities not elsewhere classified,activities of farm animals including horse care services with a variety of domestic and earmarked chicken cleaning services etc,สัตว์|สัตว์เลี้ยง|จัดที่พักชั่วคราว|เล้าไก่|บริการตัดขน|แกะ|ได้รับค่าตอบแทน|สัญญาจ้าง|กิจกรรม|ช่างทำเกือกม้า,animals .|pets ?|put up a temporary residence|a chicken coop|shearing service|sheep .|be paid for|a contract fee|activities|a farrier .
01630,กิจกรรมหลังการเก็บเกี่ยวพืชผล,กิจกรรม|หลัง|การ|เก็บเกี่ยว|พืชผล,การเตรียมพืชผลเพื่อการจำหน่าย เช่น การทำความสะอาด การตัดแต่ง การคัดแยกขนาด การกำจัดเชื้อโรค การหีบฝ้าย การเตรียมใบยาสูบ การเตรียม เมล็ดโกโก้และการเคลือบผลไม้ด้วยขี้ผึ้ง การทำให้ผักและผลไม้แห้งด้วยการ ตากแดด แต่ไม่รวมถึง การเตรียมผลิตผลทางการเกษตรโดยผู้ผลิต ดูหมู่ย่อยที่เกี่ยวข้องกับเรื่องนี้ ในหมู่ใหญ่011 หรือ 012 การถนอมผลไม้และผัก รวมถึงการบดแห้ง ดูหมู่ย่อย 1030 การบ่มและอบใบยาสูบ ดูหมู่ย่อย 1200 กิจกรรมการตลาดของพ่อค้าและสมาคมพ่อค้า ดูหมวดย่อย 46 การขายส่งวัตถุดิบทางการเกษตร ดูหมู่ย่อย 4620,การ|เตรียม|พืชผล|เพื่อ|การ|จำหน่าย| |เช่น| |การ|ทำความสะอาด| |การ|ตัดแต่ง| |การ|คัดแยก|ขนาด| |การ|กำจัด|เชื้อโรค| |การ|หีบฝ้าย| |การ|เตรียม|ใบ|ยาสูบ| |การ|เตรียม| |เมล็ด|โกโก้|และ|การเคลือบ|ผลไม้|ด้วย|ขี้ผึ้ง| |การ|ทำให้|ผัก|และ|ผลไม้|แห้ง|ด้วย|การ| |ตากแดด| |แต่|ไม่|รวมถึง| |การ|เตรียม|ผลิตผล|ทาง|การเกษตร|โดย|ผู้ผลิต| |ดู|หมู่|ย่อย|ที่|เกี่ยวข้อง|กับ|เรื่อง|นี้| |ใน|หมู่|ใหญ่|011| |หรือ| |012| |การถนอม|ผลไม้|และ|ผัก| |รวมถึง|การ|บด|แห้ง| |ดู|หมู่|ย่อย| |1030| |การบ่ม|และ|อบ|ใบ|ยาสูบ| |ดู|หมู่|ย่อย| |1200| |กิจกรรม|การตลาด|ของ|พ่อค้า|และ|สมาคม|พ่อค้า| |ดู|หมวด|ย่อย| |46| |การ|ขายส่ง|วัตถุดิบ|ทาง|การเกษตร| |ดู|หมู่|ย่อย| |4620,post-harvest crop activities,"preparing the crops for distribution such as the cleaning of materials : the cutting process of cotton , preparing the tobacco , preparing the grain , preparing the fruit , making the fruit of the ointment , making and making the fruit of the fruit , making the fruit dry , making the produce out of the ground , not including the production of the agricultural products of the agricultural products , with which are not prepared with a small range of leaves , and with heavy equipment and with heavy equipment , and with heavy equipment , and with heavy equipment and with heavy equipment , and with heavy equipment , and with heavy equipment , and with heavy equipment .",ดูหมู่ย่อย|ผัก|จำหน่าย|ทำความสะอาด|ตัดแต่ง|คัดแยกขนาด|กำจัดเชื้อโรค|หีบฝ้าย|เตรียมใบยาสูบ|เตรียม|เมล็ดโกโก้|ดูหมู่|กิจกรรมการตลาด|พ่อค้า|สมาคมพ่อค้า,watch the subgroup .|vegetable ?|be on sale|clean up .|trim up|sort out the size|eradicate the disease|cotton ginning|prepare the tobacco leaf .|stand by .|cacao bean|look in the group .|marketing activities|a merchant .|the association of commerce
01640,กระบวนการจัดการเมล็ดพันธุ์เพื่อการขยายพันธุ,กระบวนการ|จัดการ|เมล็ดพันธุ์|เพื่อ|การ|ขยาย|พันธุ,กิจกรรมทั้งหลายหลังการเก็บเกี่ยวซึ่งมีวัตถุประสงค์เพื่อการพัฒนาคุณภาพ ของเมล็ดพืชที่จะใช้ในการขยายพันธุ์ด้วยวิธีการแยกสิ่งที่มิใช่เมล็ด เมล็ดที่มี ขนาดเล็กเกินไป เมล็ดที่เสียหายเพราะเครื่องจักรหรือแมลง และเมล็ดที่ยัง ไม่แก่จัดออกไป นอกจากนั้น ยังขจัดความชื้นเพื่อให้ปลอดภัยแก่การเก็บรักษา ดังนั้น หมู่ย่อยนี้จึงรวมกิจกรรมต่าง ๆ คือ การทำให้แห้ง การทำความสะอาด การคัดแยกขนาด และการจัดการกับเมล็ดพันธุ์ จนกระทั่งได้รับการตีตราประทับ เพื่อรับรองคุณภาพ กิจกรรมการตัดแต่งพันธุกรรมเมล็ดพืชก็รวมอยู่ในหมู่ย่อยนี้ด้วย แต่ไม่รวมถึง การเพาะเมล็ด ดูหมู่ใหญ่011 และ 012 กระบวนการจัดการกับเมล็ดเพื่อสกัดน้ำมัน ดูหมู่ใหญ่104 การวิจัยเพื่อการพัฒนาหรือการตัดแต่งพันธุกรรมเพื่อสร้างสายพันธุ์ชนิดใหม่ ๆ ดูหมู่ย่อย 7210,กิจกรรม|ทั้งหลาย|หลัง|การ|เก็บเกี่ยว|ซึ่ง|มี|วัตถุประสงค์|เพื่อ|การพัฒนา|คุณภาพ| |ของ|เมล็ด|พืช|ที่จะ|ใช้|ใน|การ|ขยายพันธุ์|ด้วย|วิธีการ|แยก|สิ่ง|ที่|มิใช่|เมล็ด| |เมล็ด|ที่|มี| |ขนาดเล็ก|เกินไป| |เมล็ด|ที่|เสียหาย|เพราะ|เครื่องจักร|หรือ|แมลง| |และ|เมล็ด|ที่|ยัง| |ไม่|แก่จัด|ออก|ไป| |นอกจากนั้น| |ยัง|ขจัด|ความชื้น|เพื่อให้|ปลอดภัย|แก่|การ|เก็บรักษา| |ดังนั้น| |หมู่|ย่อย|นี้|จึง|รวม|กิจกรรม|ต่าง ๆ| |คือ| |การ|ทำให้|แห้ง| |การ|ทำความสะอาด| |การ|คัดแยก|ขนาด| |และ|การ|จัดการ|กับ|เมล็ดพันธุ์| |จนกระทั่ง|ได้รับ|การ|ตี|ตราประทับ| |เพื่อ|รับรอง|คุณภาพ| |กิจ|กรรมการ|ตัดแต่ง|พันธุกรรม|เมล็ด|พืช|ก็|รวม|อยู่|ใน|หมู่|ย่อย|นี้|ด้วย| |แต่|ไม่|รวมถึง| |การ|เพาะ|เมล็ด| |ดู|หมู่|ใหญ่|011| |และ| |012| |กระบวนการ|จัดการ|กับ|เมล็ด|เพื่อ|สกัด|น้ำมัน| |ดู|หมู่|ใหญ่|104| |การวิจัย|เพื่อ|การพัฒนา|หรือ|การ|ตัดแต่ง|พันธุกรรม|เพื่อ|สร้าง|สายพันธุ์|ชนิด|ใหม่| |ๆ| |ดู|หมู่|ย่อย| |7210,seed processing for propagation,"the activities of post-harvest with the aim of developing the quality of the seed with which it is not too small to extract the seed , the damaged seed , the disease , the insects , the immature to remove the moisture from the moisture to provide the moisture , so that the preservation of this small group includes the preparation of various activities , the washing of sorting and handling the natural seal , until the genocidal of the genetically modified grain is included in the genocidal but not including the practice of the mayas and the long as the death process is carried by or the death of the death .",เมล็ด|หมู่ย่อย|ดูหมู่ใหญ่|เก็บเกี่ยว|สร้างสายพันธุ์ชนิด|มีวัตถุประสงค์|ตัดแต่งพันธุกรรม|การพัฒนาคุณภาพ|เมล็ดพืชที่จะ|ขยายพันธุ์|ทำความสะอาด|คัดแยกขนาด|เมล็ดพันธุ์|ตีตราประทับ|รับรองคุณภาพ,seeds ?|subgroup|look at the big group .|harvest .|create a species of ...|have a purpose|genetically modified|an improvement on quality|the seed that would ...|breeding ?|clean up .|sort out the size|seeds ?|strike a seal|ensure quality
01700,การล่าสัตว์การดักสัตว์และกิจกรรมบริการอื่น ๆ ที่เกี่ยวข้อง,การล่าสัตว์|การ|ดัก|สัตว์|และ|กิจกรรม|บริการ|อื่น| |ๆ| |ที่|เกี่ยวข้อง,การล่าสัตว์และการดักสัตว์เพื่อการพาณิชย์ การจับสัตว์ เป็นหรือตาย เพื่อเป็นอาหาร การถลกหนังขนสัตว์หรือการแล่หนังสัตว์หรือเพื่อการวิจัย ในสวนสัตว์ หรือในสัตว์เลี้ยง การผลิตหนังขนสัตว์ หนังสัตว์เลื้อยคลานหรือขนนก ที่ได้จากการล่าสัตว์หรือการดักสัตว์ นอกจากนี้ยังรวมถึงการจับสัตว์ทะเล ที่เลี้ยงลูกด้วยนมซึ่งอาศัยอยู่ตามชายฝั่งทะเล เช่น วอลรัส และแมวน้ำ แต่ไม่รวมถึง ผลิตภัณฑ์จากหนังขนสัตว์ หนังสัตว์เลื้อยคลานหรือขนนกที่ได้จาก ฟาร์มเลี้ยง ดูหมู่ใหญ่014 การเลี้ยงสัตว์ที่ใช้เพื่อการแข่งขันเกมกีฬา ดูหมู่ย่อย 0149 การล่าปลาวาฬ ดูหมู่ย่อย 0311 การผลิตหนังสัตว์ที่ได้จากโรงฆ่าสัตว์ดูหมู่ย่อย 1011 การล่าสัตว์เพื่อการกีฬาหรือนันทนาการ รวมทั้งกิจกรรมอื่น ๆ ที่เกี่ยวข้อง ดูหมู่ย่อย 9319 กิจกรรมบริการเพื่อสนับสนุนการล่าสัตว์และการดักสัตว์ดูหมู่ย่อย 9499,การล่าสัตว์|และ|การ|ดัก|สัตว์|เพื่อ|การพาณิชย์| |การ|จับ|สัตว์| |เป็น|หรือ|ตาย| |เพื่อ|เป็น|อาหาร| |การ|ถลก|หนัง|ขนสัตว์|หรือ|การ|แล่|หนัง|สัตว์|หรือ|เพื่อ|การวิจัย| |ใน|สวนสัตว์| |หรือ|ใน|สัตว์เลี้ยง| |การผลิต|หนัง|ขนสัตว์| |หนัง|สัตว์เลื้อยคลาน|หรือ|ขนนก| |ที่|ได้|จาก|การล่าสัตว์|หรือ|การ|ดัก|สัตว์| |นอกจากนี้|ยัง|รวมถึง|การ|จับ|สัตว์|ทะเล| |ที่|เลี้ยงลูก|ด้วย|นม|ซึ่ง|อาศัย|อยู่|ตาม|ชาย|ฝั่งทะเล| |เช่น| |วอ|ล|รัส| |และ|แมวน้ำ| |แต่|ไม่|รวมถึง| |ผลิตภัณฑ์|จาก|หนัง|ขนสัตว์| |หนัง|สัตว์เลื้อยคลาน|หรือ|ขนนก|ที่|ได้|จาก| |ฟาร์ม|เลี้ยง| |ดู|หมู่|ใหญ่|014| |การ|เลี้ยงสัตว์|ที่|ใช้|เพื่อ|การแข่งขัน|เกม|กีฬา| |ดู|หมู่|ย่อย| |0149| |การ|ล่า|ปลาวาฬ| |ดู|หมู่|ย่อย| |0311| |การผลิต|หนัง|สัตว์|ที่|ได้|จาก|โรงฆ่าสัตว์|ดู|หมู่|ย่อย| |1011| |การล่าสัตว์|เพื่อ|การกีฬา|หรือ|นันทนาการ| |รวมทั้ง|กิจกรรม|อื่น| |ๆ| |ที่|เกี่ยวข้อง| |ดู|หมู่|ย่อย| |9319| |กิจกรรม|บริการ|เพื่อ|สนับสนุน|การล่าสัตว์|และ|การ|ดัก|สัตว์|ดู|หมู่|ย่อย| |9499,"hunting , trapping and related services","the hunting and hunting of animals and the taking of a commercial or dying animal or the cutting of fur or the taking of animals , the making of fur , the fur , the fur , the fur , the fur , the fur , the fur , the fur , the fur , the hunting of mammals , the animals on the shore of the sea , the animals that live on the shore of the sea , the animals , and the animals that watch the great slaughter of the wild animals .",ดูหมู่ย่อย|การล่าสัตว์|หนังสัตว์เลื้อยคลาน|ดักสัตว์|ดักสัตว์ดู|ขนนก|สนับสนุนการล่าสัตว์|ตาย|เป็นอาหาร|ถลกหนังขนสัตว์|แล่หนังสัตว์|การวิจัย|สวนสัตว์|นม|อาศัยอยู่|ชายฝั่งทะเล|วอรัส|แมวน้ำ|รวมทั้งกิจกรรม|ดูหมู่|กิจกรรมบริการ,watch the subgroup .|hunting .|reptiles &apos; skins|a trap for animals|- trap the animals .|feathers .|support the hunt|dead .|as food .|skin a fur skin|slice the skin .|research .|a zoo .|milk .|live on|the coast|voss .|seal seal|including activities|look in the group .|service activities
02100,วนวัฒนวิทยาและกิจกรรมอื่น ๆ ที่เกี่ยวกับป่าไม,วน|วัฒน|วิทยา|และ|กิจกรรม|อื่น| |ๆ| |ที่|เกี่ยวกับ|ป่า|ไม,กิจกรรมต่าง ๆ ที่สามารถกระทำได้ในป่าธรรมชาติหรือในสวนป่า ได้แก่ การปลูกไม้ยืนต้น การเพาะชำกล้าไม้การปลูกซ่อม การย้ายปลูก การตัดสาง ขยายระยะ และการปลูกไม้ยืนต้นเพื่อการอนุรักษ์ ทั้งในพื้นที่ป่าไม้และพื้นที่ ที่ผ่านการทำไม้แล้ว รวมทั้งการปลูกไม้ยืนต้นที่ได้จากการแตกหน่อ เพื่อทำ เยื่อกระดาษและทำไม้ฟืน แต่ไม่รวมถึง การปลูกต้นคริสต์มาส ดูหมู่ย่อย 0129 การดำเนินงานเกี่ยวกับการเพาะชำกล้าไม้ดูหมู่ย่อย 0130 การเก็บหาของป่า ดูหมู่ย่อย 0230 การผลิตชิ้นไม้สับและเศษชิ้นไม้ดูหมู่ย่อย 1610,กิจกรรม|ต่าง ๆ| |ที่|สามารถ|กระ|ทำได้|ใน|ป่า|ธรรมชาติ|หรือ|ใน|สวนป่า| |ได้แก่| |การ|ปลูก|ไม้ยืนต้น| |การ|เพาะชำ|กล้าไม้|การ|ปลูก|ซ่อม| |การ|ย้าย|ปลูก| |การ|ตัด|สาง| |ขยาย|ระยะ| |และ|การ|ปลูก|ไม้ยืนต้น|เพื่อ|การอนุรักษ์| |ทั้ง|ใน|พื้นที่|ป่าไม้|และ|พื้นที่| |ที่|ผ่าน|การ|ทำไม้|แล้ว| |รวมทั้ง|การ|ปลูก|ไม้ยืนต้น|ที่|ได้|จาก|การ|แตกหน่อ| |เพื่อ|ทำ| |เยื่อกระดาษ|และ|ทำไม้|ฟืน| |แต่|ไม่|รวมถึง| |การ|ปลูก|ต้น|คริสต์มาส| |ดู|หมู่|ย่อย| |0129| |การ|ดำเนินงาน|เกี่ยวกับ|การ|เพาะชำ|กล้าไม้|ดู|หมู่|ย่อย| |0130| |การ|เก็บ|หา|ของป่า| |ดู|หมู่|ย่อย| |0230| |การผลิต|ชิ้น|ไม้|สับ|และ|เศษ|ชิ้น|ไม้|ดู|หมู่|ย่อย| |1610,silviculture and other wildlife activities,"the growing of standing forest or growing of trees : the growing of trees , the planting , the planting , the planting , the removal of the forest and the growing of timber for the forest and the forests and the timber of the forests and the forests , and the growing of the timber , and the making of the timber of the forest , and the making of the trees , and not the poring of the trees , and the poring of the oak",ปลูกไม้ยืนต้น|ดูหมู่ย่อย|กระทำได้|เศษ|สับ|ย้ายปลูก|เยื่อกระดาษ,grow a tree|watch the subgroup .|i can do it .|the remainder .|chop up|move one &apos; s crops|pulp
02200,การทำไม้,การ|ทำไม้,การผลิตไม้ท่อนกลมเพื่อการผลิตผลิตภัณฑ์สำหรับอุตสาหกรรมป่าไม้การผลิต ไม้ท่อนกลมที่ยังมิได้แปรรูป เช่น ไม้เสาอุโมงค์เหมือง ไม้ค้ำ เสาเข็ม ไม้ทำรั้ว และไม้เสาประเภทอื่น ๆ การเก็บหาและการผลิตไม้ฟืน การเผาถ่านในป่า ตามวิธีดั้งเดิมที่ปฏิบัติกันมา ผลผลิตของกิจกรรมนี้ออกมาในรูปของไม้ซุงและ ชิ้นไม้สับหรือไม้ฟืน แต่ไม่รวมถึง การปลูกต้นคริสต์มาส ดูหมู่ย่อย 0129 การปลูกไม้ยืนต้น การเพาะชำกล้าไม้การปลูกซ่อม การย้ายปลูก การตัดสาง ขยายระยะและการปลูกไม้ยืนต้น เพื่อการอนุรักษ์ทั้งในพื้นที่ป่าไม้และพื้นที่ ที่ผ่านการทำไม้แล้ว ดูหมู่ย่อย 0210 การเก็บหาของป่า ดูหมู่ย่อย 0230 การผลิตชิ้นไม้สับและเศษชิ้นไม้ดูหมู่ย่อย 1610 การผลิตถ่านที่ได้จากการเผาไม้ดูหมู่ย่อย 2011,การผลิต|ไม้ท่อน|กลม|เพื่อ|การผลิต|ผลิตภัณฑ์|สำหรับ|อุตสาหกรรม|ป่าไม้|การผลิต| |ไม้ท่อน|กลม|ที่|ยัง|มิได้|แปรรูป| |เช่น| |ไม้|เสา|อุโมงค์|เหมือง| |ไม้|ค้ำ| |เสาเข็ม| |ไม้|ทำ|รั้ว| |และ|ไม้|เสา|ประเภท|อื่น| |ๆ| |การ|เก็บ|หา|และ|การผลิต|ไม้|ฟืน| |การเผาถ่าน|ใน|ป่า| |ตาม|วิธี|ดั้งเดิม|ที่|ปฏิบัติ|กัน|มา| |ผลผลิต|ของ|กิจกรรม|นี้|ออกมา|ใน|รูป|ของ|ไม้ซุง|และ| |ชิ้น|ไม้|สับ|หรือ|ไม้|ฟืน| |แต่|ไม่|รวมถึง| |การ|ปลูก|ต้น|คริสต์มาส| |ดู|หมู่|ย่อย| |0129| |การ|ปลูก|ไม้ยืนต้น| |การ|เพาะชำ|กล้าไม้|การ|ปลูก|ซ่อม| |การ|ย้าย|ปลูก| |การ|ตัด|สาง| |ขยาย|ระยะ|และ|การ|ปลูก|ไม้ยืนต้น| |เพื่อ|การอนุรักษ์|ทั้ง|ใน|พื้นที่|ป่าไม้|และ|พื้นที่| |ที่|ผ่าน|การ|ทำไม้|แล้ว| |ดู|หมู่|ย่อย| |0210| |การ|เก็บ|หา|ของป่า| |ดู|หมู่|ย่อย| |0230| |การผลิต|ชิ้น|ไม้|สับ|และ|เศษ|ชิ้น|ไม้|ดู|หมู่|ย่อย| |1610| |การผลิต|ถ่าน|ที่|ได้|จาก|การ|เผา|ไม้|ดู|หมู่|ย่อย| |2011,logging,"the production of logs for the forest production has not yet been done , such as the wood , the pile of wood , the pile of wood , and the wood , the making of the wood , the making of the wood , the making of the wood , the making of the wood , the making of the wood , the making of the wood , the making of the wood of the wood , the making of the wood , the making of the wood , the forest , and the making of the wood .",ดูหมู่ย่อย|ปลูกไม้ยืนต้น|การผลิตผลิตภัณฑ์|เผาไม้ดู|อุตสาหกรรมป่าไม้การผลิต|การผลิตถ่าน|ไม้ท่อนกลม|มิได้แปรรูป|ไม้เสาอุโมงค์เหมือง|ไม้ค้ำ|เสาเข็ม|ไม้ทำรั้ว|ไม้เสาประเภท|เก็บหา|การผลิตไม้ฟืน|การเผาถ่าน|ป่า|วิธีดั้งเดิม|ผลผลิต|กิจกรรมนี้|ออกมา|รูป|ไม้ซุง|ชิ้นไม้สับ|ย้ายปลูก|เศษ|ไม้ดูหมู่,"watch the subgroup .|grow a tree|manufacture of products|burn the wood .|the forestry industry , production|manufacture of charcoal|a beam of wood|no further processing .|a mine shaft|a buttress|pile pile|a picket fence|a column of wood|keep looking .|manufacture of firewood wood|burning of wood|the forest .|traditional way of doing it|yield|this activity ...|come out !|a picture .|logs|a piece of wood|move one &apos; s crops|the remainder .|stick of view"
02300,การเก็บหาของป่า,การ|เก็บ|หา|ของป่า,การเก็บหาของป่าและพืชอื่น ๆ ที่ขึ้นในป่า รวมถึง การเก็บสิ่งที่เกิดขึ้น ในธรรมชาติเช่น เห็ด เห็ดทรัฟเฟิล ไม้ไผ่ หน่อไม้หวาย กก เปลือกไม้สมุนไพร ผลไม้ป่า ดอกไม้ป่าและรากไม้ ลูกเบอร์รี่ ผลไม้เปลือกแข็งบาลาตา และยางไม้ ที่คล้ายน้ำยางพารา เปลือกไม้โอ๊ค ยางไม้ที่นำมาทำกาวยาง ยางบาลซัม เถาวัลย์ อีลกราส ลูกโอ๊ค เกาลัดป่า หญ้ามอสและตะไคร่ แต่ไม่รวมถึง การจัดการด้านการผลิตผลผลิตต่าง ๆ เหล่านี้ยกเว้น การปลูกต้นไม้ เพื่อใช้ทำไม้ก๊อก ดูหมวดย่อย 01 การเพาะเห็ดหรือเห็ดทรัฟเฟิล ดูหมู่ย่อย 0113 การปลูกต้นเบอร์รี่และไม้ผลที่มีเปลือกแข็ง ดูหมู่ย่อย 0125 การเก็บหาไม้ฟืน ดูหมู่ย่อย 0220,การ|เก็บ|หา|ของป่า|และ|พืช|อื่น| |ๆ| |ที่|ขึ้น|ใน|ป่า| |รวมถึง| |การ|เก็บ|สิ่ง|ที่|เกิดขึ้น| |ใน|ธรรมชาติ|เช่น| |เห็ด| |เห็ด|ทรัฟเฟิล| |ไม้|ไผ่| |หน่อไม้|หวาย| |กก| |เปลือกไม้|สมุนไพร| |ผลไม้|ป่า| |ดอกไม้|ป่า|และ|ราก|ไม้| |ลูก|เบอร์|รี่| |ผลไม้|เปลือก|แข็ง|บา|ลา|ตา| |และ|ยางไม้| |ที่|คล้าย|น้ำ|ยางพารา| |เปลือกไม้|โอ๊ค| |ยางไม้|ที่|นำมา|ทำ|กาว|ยาง| |ยาง|บาล|ซัม| |เถาวัลย์| |อี|ลก|รา|ส| |ลูก|โอ๊ค| |เกาลัด|ป่า| |หญ้า|มอ|ส|และ|ตะไคร่| |แต่|ไม่|รวมถึง| |การ|จัดการ|ด้าน|การผลิต|ผลผลิต|ต่าง ๆ| |เหล่านี้|ยกเว้น| |การ|ปลูก|ต้นไม้| |เพื่อ|ใช้|ทำไม้|ก๊อก| |ดู|หมวด|ย่อย| |01| |การ|เพาะ|เห็ด|หรือ|เห็ด|ทรัฟเฟิล| |ดู|หมู่|ย่อย| |0113| |การ|ปลูก|ต้น|เบอร์|รี่|และ|ไม้|ผล|ที่|มี|เปลือก|แข็ง| |ดู|หมู่|ย่อย| |0125| |การ|เก็บ|หา|ไม้|ฟืน| |ดู|หมู่|ย่อย| |0220,gathering of wild wood,gathering of the wild wood and other plants in the forest includes the gathering of wild mushroom roots tree bark tree bark fruit tree bark fruit tree bark bark bark bark bark bark bark bark bark bark bark bark bark bark bark bark bark bark bark bark bark bark bark bears poison oak tree roots tree roots and fruit tree bark and fruit tree roots and fruit tree bark and leaves not including the crop of the tree roots of the tree roots of the tree,ดูหมู่ย่อย|ยางไม้|เห็ดทรัฟเฟิล|พืชอื่น|ป่า|เก็บสิ่ง|เกิดขึ้น|กก|เปลือกไม้สมุนไพร|ผลไม้ป่า|ดอกไม้ป่า|รากไม้|ลูกเบอร์รี่|ยางบาลซัม|เถาวัลย์|อีลกรา|ลูกโอ๊ค|เกาลัดป่า|หญ้ามอ|ตะไคร่|จัดการด้านการผลิตผลผลิต|ต่าง ๆ|เหล่านี้ยกเว้น|ปลูกต้นไม้|ใช้ทำไม้ก๊อก,watch the subgroup .|the tree sap ...|truffles|other plants .|the forest .|keep the thing ...|come into existence|- two ...|herb bark|wild fruits|wild flowers|wood roots|berries .|balsam-sam-yang .|vines .|ecra|an oak ball .|wild chestnut|mock-grass|mock-licker|organize production operations|different .|these are all but ...|plant a tree|use a cork
02400,บริการสนับสนุนการป่าไม้,บริการ|สนับสนุน|การ|ป่าไม้,การดำเนินงานเกี่ยวกับป่าไม้ที่กระทำโดยได้รับค่าตอบแทนหรือตามสัญญาจ้าง ได้แก่ กิจกรรมบริการเกี่ยวกับป่าไม้การสำรวจป่า บริการให้คำปรึกษา ด้านการบริหารจัดการเกี่ยวกับป่า การประเมินคุณภาพไม้การป้องกัน และการดับไฟป่า การควบคุมแมลงในป่า และกิจกรรมบริการเกี่ยวกับการทำไม้ การขนย้ายไม้ซุงในป่า แต่ไม่รวมถึง การดำเนินงานเกี่ยวกับการเพาะชำกล้าไม้ป่า ดูหมู่ย่อย 0210,การ|ดำเนินงาน|เกี่ยวกับ|ป่าไม้|ที่|กระทำ|โดย|ได้รับ|ค่าตอบแทน|หรือ|ตาม|สัญญาจ้าง| |ได้แก่| |กิจกรรม|บริการ|เกี่ยวกับ|ป่าไม้|การสำรวจ|ป่า| |บริการ|ให้คำปรึกษา| |ด้านการบริหาร|จัดการ|เกี่ยวกับ|ป่า| |การประเมิน|คุณภาพ|ไม้|การป้องกัน| |และ|การดับ|ไฟป่า| |การควบคุม|แมลง|ใน|ป่า| |และ|กิจกรรม|บริการ|เกี่ยวกับ|การ|ทำไม้| |การ|ขนย้าย|ไม้ซุง|ใน|ป่า| |แต่|ไม่|รวมถึง| |การ|ดำเนินงาน|เกี่ยวกับ|การ|เพาะชำ|กล้าไม้|ป่า| |ดู|หมู่|ย่อย| |0210,forestry support services,operation of forest services on a fee or contract basis of forest services : forest management provision and management services concerning forest management and forest management operations forest control and logging activities as well as the operation of the forest branch of karlai karlook tree,กิจกรรมบริการ|ป่า|ได้รับค่าตอบแทน|เพาะชำกล้าไม้ป่า|ด้านการบริหารจัดการ|เกี่ยวกับป่า|การประเมินคุณภาพไม้การป้องกัน,service activities|the forest .|be paid for|tree nurseries|administrative administration|it &apos;s about the woods .|assessment of timber quality protection
03111,การจับปลาทะเล,การจับปลา|ทะเล,การจับปลาทะเล เช่น ปลาทู ปลาอินทรีปลาสำลีปลากุเรา ฯลฯ รวมถึง การล่าปลาวาฬการแปรรูปและการเก็บรักษาปลาบนเรือประมง ที่ดำเนินการ ต่อเนื่องจากการประมง,การจับปลา|ทะเล| |เช่น| |ปลาทู| |ปลา|อินทรี|ปลา|สำลี|ปลา|กุเรา| |ฯลฯ| |รวมถึง| |การ|ล่า|ปลาวาฬ|การ|แปรรูป|และ|การ|เก็บรักษา|ปลา|บน|เรือประมง| |ที่|ดำเนินการ| |ต่อ|เนื่องจาก|การประมง,sea fishing,"fishing of sea fish such as tuna , fish , fish , cotton , fish , fish , agate , etc . , as well as the hunting of whales , the conservation of fish , and the preservation of fish on a fishing boat carried on .",ปลาทู|ดำเนินการ|ปลาอินทรีปลาสำลี|เรือประมง|ปลากุเรา|ล่าปลาวาฬ|แปรรูป|เก็บรักษาปลา,"mackerel .|carry out|the eagle , the lint fish ,|fishing vessel|chippy , we ...|whale hunting .|processing .|keep a fish"
03112,การจับกุ้งทะเล,การ|จับ|กุ้ง|ทะเล,การจับกุ้งทะเล เช่น กุ้งแชบ๊วย กุ้งกุลาดำ กุ้งกุลาลาย กุ้งเหลือง ฯลฯ การจับกั้งทะเล เช่น กั้งกระดาน กั้งตั๊กแตน ฯลฯ การจับเคย การแปรรูปและการเก็บรักษากุ้งบน เรือประมง ที่ดำเนินการต่อเนื่องจากการประมง,การ|จับ|กุ้ง|ทะเล| |เช่น| |กุ้ง|แชบ๊วย| |กุ้ง|กุลาดำ| |กุ้ง|กุลาลาย| |กุ้งเหลือง| |ฯลฯ| |การ|จับ|กั้ง|ทะเล| |เช่น| |กั้งกระดาน| |กั้งตั๊กแตน| |ฯลฯ| |การ|จับ|เคย| |การ|แปรรูป|และ|การ|เก็บรักษา|กุ้ง|บน| |เรือประมง| |ที่|ดำเนิน|การต่อเนื่อง|จาก|การประมง,fishing for sea shrimps,"fishing of shrimp such as the bottom shrimp , the deep , the shrimp , the yellow , and the catch of fish such as the ingots as the &quot; vogue &quot; and the preservation of shrimp on fishing boats &quot;",กุ้งแชบ๊วย|ดำเนินการต่อเนื่อง|กุ้งกุลาดำ|เรือประมง|กุ้งกุลาลาย|กุ้งเหลือง|จับกั้งทะเล|กั้งกระดาน|กั้งตั๊กแตน|แปรรูป|เก็บรักษากุ้ง,"- plum shrimp .|proceed with a succession of ...|the shrimp rest are in black .|fishing vessel|the shrimp go on the left|yellow set .|grab the lobster !|scratch the back of the &quot; black hole &quot;|no , no , no .|processing .|keep the shrimp in"
03113,การจับปูทะเล,การ|จับ|ปูทะเล,การจับปูทะเล เช่น ปูม้า ปูทะเล ฯลฯ การแปรรูปและการเก็บรักษาปูบนเรือประมง ที่ดำเนินการต่อเนื่องจากการประมง,การ|จับ|ปูทะเล| |เช่น| |ปูม้า| |ปูทะเล| |ฯลฯ| |การ|แปรรูป|และ|การ|เก็บรักษา|ปู|บน|เรือประมง| |ที่|ดำเนิน|การต่อเนื่อง|จาก|การประมง,ocean spread,ocean crabs such as crab crabs sea crabs etc processing and preserving puddles on fishing vessels which continue to be ongoing in the course of the fishing .,ปูม้า|ดำเนินการต่อเนื่อง|ปูทะเล|เรือประมง|แปรรูป|เก็บรักษาปู,crab a horse|proceed with a succession of ...|spread out at sea|fishing vessel|processing .|keep crabs
03114,การจับหมึก,การ|จับ|หมึก,การจับหมึก เช่น หมึกกล้วย หมึกกระดอง หมึกสาย ฯลฯ การแปรรูป และการเก็บรักษาหมึกบนเรือประมง ที่ดำเนินการต่อเนื่องจากการประมง,การ|จับ|หมึก| |เช่น| |หมึก|กล้วย| |หมึก|กระดอง| |หมึก|สาย| |ฯลฯ| |การ|แปรรูป| |และ|การ|เก็บรักษา|หมึก|บน|เรือประมง| |ที่|ดำเนิน|การต่อเนื่อง|จาก|การประมง,ink grip,ink capture such as bananas ink ink ink injunctions etc for further processing and preserving ink on fishing vessels which continue to be ongoing in the course of fishing,หมึกกล้วย|ดำเนินการต่อเนื่อง|หมึกกระดอง|เรือประมง|หมึกสาย|แปรรูป|เก็บรักษาหมึก,banana ink .|proceed with a succession of ...|half-shell|fishing vessel|late ink|processing .|preserve an ink
03115,การจับหอยทะเล,การ|จับ|หอย|ทะเล,การจับหอยทะเล เช่น หอยแครง หอยแมลงภู่ หอยนางรม หอยลาย ฯลฯ การแปรรูป และการเก็บรักษาหอยบนเรือประมงที่ดำเนินการต่อเนื่องจากการประมง,การ|จับ|หอย|ทะเล| |เช่น| |หอย|แครง| |หอย|แมลงภู่| |หอยนางรม| |หอย|ลาย| |ฯลฯ| |การ|แปรรูป| |และ|การ|เก็บรักษา|หอย|บน|เรือประมง|ที่|ดำเนิน|การต่อเนื่อง|จาก|การประมง,the grip of a sea shell,catching of sea clams such as cockles mussels oysters shellfish etc. of the process and preserving the shellfish on the ongoing fishing vessel,หอยแครง|ดำเนินการต่อเนื่อง|หอยแมลงภู่|เรือประมง|หอยนางรม|หอยลาย|แปรรูป|เก็บรักษาหอย,clam krang .|proceed with a succession of ...|mussel bed|fishing vessel|oysters .|clam|processing .|preserve the shellfish
03119,การประมงทะเลอื่น ๆ ซึ่งมิได้จัดประเภทไว้ในที่อื่น,การ|ประมงทะเล|อื่น| |ๆ| |ซึ่ง|มิได้|จัด|ประเภท|ไว้|ใน|ที่อื่น,การจับสัตว์ทะเลอื่น ๆ ซึ่งมิได้จัดประเภทไว้ในที่อื่น เช่น เต่าทะเล เพรียง เม่นทะเล ปลิงทะเล แมงกะพรุน ฯลฯ การแปรรูปและการเก็บรักษา สัตว์ทะเลอื่น ๆ บนเรือประมงที่ดำเนินการต่อเนื่องจากการประมง การเก็บ รวบรวมพืช สัตว์และผลิตผลต่าง ๆ จากทะเล เช่น ไข่มุกธรรมชาติฟองน้ำ ปะการัง สาหร่ายทะเล ฯลฯ,การ|จับ|สัตว์|ทะเล|อื่น| |ๆ| |ซึ่ง|มิได้|จัด|ประเภท|ไว้|ใน|ที่อื่น| |เช่น| |เต่า|ทะเล| |เพรียง| |เม่นทะเล| |ปลิงทะเล| |แมงกะพรุน| |ฯลฯ| |การ|แปรรูป|และ|การ|เก็บรักษา| |สัตว์|ทะเล|อื่น| |ๆ| |บน|เรือประมง|ที่|ดำเนิน|การต่อเนื่อง|จาก|การประมง| |การ|เก็บ| |รวบรวม|พืช| |สัตว์|และ|ผลิตผล|ต่าง ๆ| |จาก|ทะเล| |เช่น| |ไข่มุก|ธรรมชาติ|ฟองน้ำ| |ปะการัง| |สาหร่ายทะเล| |ฯลฯ,other fishing n.e.c,"not another kind of fishing of sea , which is not classified elsewhere as sea turtles , sea turtles , sea turtles , jellyfish , jellyfish , etc . , and the preservation of other sea creatures that have evolved from fishing fishing , gathering plants , gathering animals , and other products of the sea such as pearls , sponges , sponges , kelp , kelp , kelp , kelp , and kelp .",จัดประเภทไว้|ปะการัง|ที่อื่น|ไข่มุกธรรมชาติฟองน้ำ|เต่าทะเล|เพรียง|เม่นทะเล|ปลิงทะเล|แมงกะพรุน|แปรรูป|เก็บรักษา|สัตว์ทะเล|เรือประมง|ดำเนินการต่อเนื่อง|การประมง|รวบรวมพืช|สัตว์|ผลิตผลต่าง ๆ|ทะเล,"sort out|coral reef|somewhere else .|natural pearls , sponges .|sea turtle|barnacles !|a sea urchin .|fish , sea .|a jellyfish ?|processing .|preserve|sea creature|fishing vessel|proceed with a succession of ...|fishing .|gather the crops|animals .|a difference of produce|the sea ."
03121,การจับปลาน้ำจืด,การจับปลา|น้ำจืด,การจับปลาน้ำจืด เช่น ปลาตะเพียน ปลานิล ปลาดุก ปลาช่อน ปลาไน ปลาไหล ฯลฯ,การจับปลา|น้ำจืด| |เช่น| |ปลาตะเพียน| |ปลา|นิล| |ปลาดุก| |ปลาช่อน| |ปลา|ไน| |ปลาไหล| |ฯลฯ,fishing for fresh water,"fishing of fresh water such as pine fish , white fish , bluefin fish , eels , eel , etc .",ปลาตะเพียน|ปลาไน|ปลานิล|ปลาช่อน|ปลาดุก,"what a big fish .|what kind of fish ?|- no , no , no , no , no .|- wow .|catfish ."
03122,การจับกุ้งน้ำจืด,การ|จับ|กุ้ง|น้ำจืด,การจับกุ้งน้ำจืด เช่น กุ้งแม่น้ำ กุ้งนาง กุ้งฝอย ฯลฯ,การ|จับ|กุ้ง|น้ำจืด| |เช่น| |กุ้ง|แม่น้ำ| |กุ้งนาง| |กุ้งฝอย| |ฯลฯ,freshwater shrimp fishing,shrimp fishing such as shrimp river shrimp shrimp etc,กุ้งแม่น้ำ|กุ้งนาง,"shrimp , river .|set her up ."
03129,การประมงสัตว์น้ำจืดอื่น ๆ ซึ่งมิได้จัดประเภทไว้ในที่อื่น,การประมง|สัตว์|น้ำจืด|อื่น| |ๆ| |ซึ่ง|มิได้|จัด|ประเภท|ไว้|ใน|ที่อื่น,การจับสัตว์น้ำจืดอื่น ๆ ซึ่งมิได้จัดประเภทไว้ในที่อื่น เช่น กบ หอยหวาน หอยขม ฯลฯ การเก็บรวบรวมผลิตผลต่าง ๆ จากแหล่งน้ำจืด เช่น สาหร่าย ฯลฯ,การ|จับ|สัตว์|น้ำจืด|อื่น| |ๆ| |ซึ่ง|มิได้|จัด|ประเภท|ไว้|ใน|ที่อื่น| |เช่น| |กบ| |หอย|หวาน| |หอย|ขม| |ฯลฯ| |การ|เก็บ|รวบรวม|ผลิตผล|ต่าง ๆ| |จาก|แหล่ง|น้ำจืด| |เช่น| |สาหร่าย| |ฯลฯ,"fishing , fresh water , not elsewhere classified .",catching of other fresh water animals not elsewhere classified such as frogs as sweet and bitter clams etc. gathering of fresh water such as algae etc,จัดประเภทไว้|แหล่งน้ำจืด|ที่อื่น|ต่าง ๆ|กบ|หอยหวาน|หอยขม|เก็บรวบรวมผลิตผล,sort out|fresh water sources|somewhere else .|different .|frogs .|it &apos;s a sweet shell .|bitter shell .|gather up the produce
03211,การเพาะเลี้ยงปลาทะเล,การ|เพาะเลี้ยง|ปลา|ทะเล,การเลี้ยงปลาทะเล เช่น ปลากะพงขาว ปลานวลจันทร์ทะเล ปลากะรัง ฯลฯ การเลี้ยงลูกปลาขนาดเล็กและใหญ่ กิจกรรมการเพาะเลี้ยงปลาน้ำกร่อย การเพาะเลี้ยงปลาในบ่อพักน้ำหรือในอ่างเก็บน้ำทะเล การดำเนินงานเกี่ยวกับ โรงเพาะฟักและอนุบาลลูกปลาทะเล รวมถึงการเลี้ยงพ่อพันธุ์แม่พันธุ์ปลาทะเล เพื่อการเพาะพันธุ์,การ|เลี้ยง|ปลา|ทะเล| |เช่น| |ปลา|กะพง|ขาว| |ปลา|นวลจันทร์ทะเล| |ปลา|กะรัง| |ฯลฯ| |การ|เลี้ยง|ลูกปลา|ขนาดเล็ก|และ|ใหญ่| |กิจ|กรรมการ|เพาะเลี้ยง|ปลา|น้ำกร่อย| |การ|เพาะเลี้ยง|ปลา|ใน|บ่อพักน้ำ|หรือ|ใน|อ่างเก็บน้ำ|ทะเล| |การ|ดำเนินงาน|เกี่ยวกับ| |โรง|เพาะ|ฟัก|และ|อนุบาล|ลูกปลา|ทะเล| |รวมถึง|การ|เลี้ยง|พ่อพันธุ์|แม่พันธุ์|ปลา|ทะเล| |เพื่อ|การ|เพาะพันธุ์,seafood culture,"raising of sea fish such as sea bass , iridescent fish , iridescent fish iridescent fish , small fish groupers , small fish farming and large fish farming activities , salt culture and salt fish culture , salt lake culture , and ocean breeding activities",ปลากะพงขาว|ทะเล|ปลานวลจันทร์ทะเล|เลี้ยงพ่อพันธุ์แม่พันธุ์ปลา|ปลากะรัง|เลี้ยงลูกปลาขนาดเล็ก|กิจกรรมการเพาะเลี้ยง|ปลาน้ำกร่อย|เพาะเลี้ยงปลา|บ่อพักน้ำ|อ่างเก็บน้ำทะเล|ดำเนินงานเกี่ยวกับ|โรงเพาะฟัก|อนุบาลลูกปลาทะเล,sea bass|the sea .|the iridescent moonlight ...|feed one &apos; s brood|a rattlesnake .|raise a baby scrod|culture activities|the fish died in the water .|cultivate a fish|salt water filled .|a reservoir at the sea|carry out a work on sth|a hatchery|sea fry
03212,การเพาะเลี้ยงกุ้งทะเล,การ|เพาะเลี้ยง|กุ้ง|ทะเล,การเลี้ยงกุ้งทะเล เช่น กุ้งมังกร กุ้งแชบ๊วย กุ้งขาว กุ้งกุลาดำ ฯลฯ กั้งทะเล การเลี้ยง ลูกกุ้งวัยอ่อน กิจกรรมการเพาะพันธุ์กุ้งน้ำกร่อย การเพาะเลี้ยงกุ้งในบ่อพักน้ำหรือในอ่างเก็บน้ำทะเล การดำเนินงานเกี่ยวกับโรงเพาะฟักและอนุบาลกุ้งทะเล รวมถึง การเลี้ยงพ่อพันธุ์แม่พันธุ์กุ้งทะเลเพื่อการเพาะพันธุ,การ|เลี้ยง|กุ้ง|ทะเล| |เช่น| |กุ้งมังกร| |กุ้ง|แชบ๊วย| |กุ้ง|ขาว| |กุ้ง|กุลาดำ| |ฯลฯ| |กั้ง|ทะเล| |การ|เลี้ยง| |ลูก|กุ้ง|วัย|อ่อน| |กิจ|กรรมการ|เพาะพันธุ์|กุ้ง|น้ำกร่อย| |การ|เพาะเลี้ยง|กุ้ง|ใน|บ่อพักน้ำ|หรือ|ใน|อ่างเก็บน้ำ|ทะเล| |การ|ดำเนินงาน|เกี่ยวกับ|โรง|เพาะ|ฟัก|และ|อนุบาล|กุ้ง|ทะเล| |รวมถึง| |การ|เลี้ยง|พ่อพันธุ์|แม่พันธุ์|กุ้ง|ทะเล|เพื่อ|การ|เพาะ|พันธุ,seafood culture,"lobster , lobster , lobster , lobster , lobster , fish , lobster , lobster , lobster , lobster , tender , lobster , lobster farming , shrimp culture , salt culture , salt culture , salt water and reservoir of fish , farming of fish and shrimp , as well as the growing of lobster fish , shrimp , shrimp , lobster and seafood .",กุ้งมังกร|ทะเล|กุ้งแชบ๊วย|เลี้ยงพ่อพันธุ์แม่พันธุ์กุ้ง|กุ้งขาว|กุ้งกุลาดำ|กั้งทะเล|เลี้ยง|ลูกกุ้งวัย|อ่อน|กิจกรรมการเพาะพันธุ์กุ้ง|น้ำกร่อย|เพาะเลี้ยงกุ้ง|บ่อพักน้ำ|อ่างเก็บน้ำทะเล|ดำเนินงานเกี่ยวกับโรง|เพาะฟัก|อนุบาลกุ้งทะเล,lobster .|the sea .|- plum shrimp .|have a pet store over a shrimp breeder|white lobster .|the shrimp rest are in black .|- the sea monster .|raise him .|a 24-year-old lobster .|weak .|shrimp farming activities|wet water|cultivate shrimp|salt water filled .|a reservoir at the sea|operation of a factory|cultivate a hatch|sea shrimp nursery
03213,การเพาะเลี้ยงหอยทะเล,การ|เพาะเลี้ยง|หอย|ทะเล,การเลี้ยงหอยทะเล เช่น หอยแครง หอยลาย หอยแมลงภู่ หอยนางรม หอยสองฝา หอยเป๋าฮื้อ ฯลฯ การเพาะเลี้ยงหอยมุก การเพาะเลี้ยงลูกหอยวัยอ่อน หอยนางรม หอยสองฝา กิจกรรมการเพาะเลี้ยงหอยน้ำกร่อย การเพาะเลี้ยงหอยในบ่อพักน้ำ หรือในอ่างเก็บน้ำทะเล รวมถึงการเลี้ยงพ่อพันธุ์แม่พันธุ์หอยทะเลเพื่อการเพาะพันธ,การ|เลี้ยง|หอย|ทะเล| |เช่น| |หอย|แครง| |หอย|ลาย| |หอย|แมลงภู่| |หอยนางรม| |หอย|สอง|ฝา| |หอย|เป๋าฮื้อ| |ฯลฯ| |การ|เพาะเลี้ยง|หอย|มุก| |การ|เพาะ|เลี้ยงลูก|หอย|วัย|อ่อน| |หอยนางรม| |หอย|สอง|ฝา| |กิจ|กรรมการ|เพาะเลี้ยง|หอย|น้ำกร่อย| |การ|เพาะเลี้ยง|หอย|ใน|บ่อพักน้ำ| |หรือ|ใน|อ่างเก็บน้ำ|ทะเล| |รวมถึง|การ|เลี้ยง|พ่อพันธุ์|แม่พันธุ์|หอย|ทะเล|เพื่อ|การ|เพาะ|พันธ,seafood culture,"shellfish such as cockles , oysters , oysters , abalone , etc . , cultured , pearl oysters , cultured , cultured , cultured , oyster beds , bible-culture , salt water and salt water culture , etc . , etc . , etc . , etc . , etc .",หอยนางรม|หอย|หอยแครง|ทะเล|เลี้ยงพ่อพันธุ์แม่พันธุ์หอย|หอยลาย|เพาะเลี้ยงหอย|บ่อพักน้ำ|อ่างเก็บน้ำทะเล,oysters .|oysters .|clam krang .|the sea .|feed one &apos; s parent|clam|tend shellfish|salt water filled .|a reservoir at the sea
03214,การเพาะเลี้ยงสัตว์ทะเลสวยงาม,การ|เพาะ|เลี้ยงสัตว์|ทะเล|สวยงาม,การเลี้ยงสัตว์ทะเลสวยงาม เช่น ปลาการ์ตูน ปลาหูช้าง ม้าน้ำ ดอกไม้ทะเล ปะการัง เห็ดทะเล ฯลฯ การดำเนินงานเกี่ยวกับโรงเพาะฟักและอนุบาล สัตว์ทะเลสวยงาม รวมถึงการเลี้ยงพ่อพันธุ์ แม่พันธุ์สัตว์ทะเลสวยงาม เพื่อการเพาะพันธุ์,การ|เลี้ยงสัตว์|ทะเล|สวยงาม| |เช่น| |ปลา|การ์ตูน| |ปลา|หูช้าง| |ม้าน้ำ| |ดอกไม้ทะเล| |ปะการัง| |เห็ด|ทะเล| |ฯลฯ| |การ|ดำเนินงาน|เกี่ยวกับ|โรง|เพาะ|ฟัก|และ|อนุบาล| |สัตว์|ทะเล|สวยงาม| |รวมถึง|การ|เลี้ยง|พ่อพันธุ์| |แม่พันธุ์|สัตว์|ทะเล|สวยงาม| |เพื่อ|การ|เพาะพันธุ์,the cultivation of marine life is beautiful .,"raising of beautiful sea creatures such as fish , fish , fish , fish , sea water , sea anemones , mushroom , etc . , the operation of breeding and breeding of marine animals , the beautiful breeding of beautiful marine creatures",ปลาการ์ตูน|สวยงาม|ปลาหูช้าง|แม่พันธุ์สัตว์ทะเล|ม้าน้ำ|ดอกไม้ทะเล|ปะการัง|เห็ดทะเล|ดำเนินงานเกี่ยวกับโรง|เพาะฟัก|อนุบาล|สัตว์ทะเลสวยงาม|เลี้ยงพ่อพันธุ์,comic fish|beautiful .|an elephant fish|sea breeder|a sea horse|the sea anemones|coral reef|sea mushroom|operation of a factory|cultivate a hatch|preschool .|sea animals are beautiful .|keep a stud
03219,การเพาะเลี้ยงสัตว์น้ำทะเลอื่น ๆ ซึ่งมิได้จัดประเภทไว้ในที่อื่น,การ|เพาะเลี้ยงสัตว์น้ำ|ทะเล|อื่น| |ๆ| |ซึ่ง|มิได้|จัด|ประเภท|ไว้|ใน|ที่อื่น,การเลี้ยงสัตว์น้ำทะเลอื่น ๆ เช่น ปูทะเล ปลิงทะเล เม่นทะเล หนอนทะเล ฯลฯ การดำเนินงานเกี่ยวกับโรงเพาะฟักและอนุบาล รวมถึงการเลี้ยงพ่อพันธุ์แม่พันธุ์ เพื่อการเพาะพันธุ์ การปลูกสาหร่ายเลเวอร์และสาหร่ายทะเลชนิดอื่น ที่รับประทานได้การเพาะเลี้ยงสาหร่ายทะเล สัตว์ทะเลและสิ่งมีชีวิตในทะเลอื่น ๆ ซึ่งมิได้จัดประเภทไว้ในที่อื่น,การ|เลี้ยงสัตว์|น้ำทะเล|อื่น| |ๆ| |เช่น| |ปูทะเล| |ปลิงทะเล| |เม่นทะเล| |หนอน|ทะเล| |ฯลฯ| |การ|ดำเนินงาน|เกี่ยวกับ|โรง|เพาะ|ฟัก|และ|อนุบาล| |รวมถึง|การ|เลี้ยง|พ่อพันธุ์|แม่พันธุ์| |เพื่อ|การ|เพาะพันธุ์| |การ|ปลูก|สาหร่าย|เล|เวอร์|และ|สาหร่ายทะเล|ชนิด|อื่น| |ที่|รับประทาน|ได้การ|เพาะเลี้ยง|สาหร่ายทะเล| |สัตว์|ทะเล|และ|สิ่งมีชีวิต|ใน|ทะเล|อื่น| |ๆ| |ซึ่ง|มิได้|จัด|ประเภท|ไว้|ใน|ที่อื่น,other aquaculture activities n.e.c,raising of other sea fish such as sea fish sea urchin sea urchin sea etc the management of breeding and nursery breeding of the breeding of the brood stock for breeding of algae and seaweed and other marine life not elsewhere classified,ปูทะเล|จัดประเภทไว้|ปลิงทะเล|ทะเลอื่น|เม่นทะเล|หนอนทะเล|ดำเนินงานเกี่ยวกับโรง|เพาะฟัก|อนุบาล|เลี้ยงพ่อพันธุ์แม่พันธุ์|เพาะพันธุ์|ปลูกสาหร่ายเลเวอร์|สาหร่ายทะเลชนิด|รับประทานได้การเพาะเลี้ยงสาหร่ายทะเล|สัตว์ทะเล|สิ่งมีชีวิต,"spread out at sea|sort out|fish , sea .|another sea .|a sea urchin .|sea worm|operation of a factory|cultivate a hatch|preschool .|keep one &apos; s parents|breed|grow seaweed , vernon .|two kinds of seaweed|eat it. seaweed , seaweed .|sea creature|living things ."
