id,uoc_id,standard_code,uoc_code,uoc_name,uoc_name_en,create_date,last_update
1,1110,1,30202,ปฎิบัติงานพิมพ์ดิจิทัล ระดับ 2,None,2022-07-08 14:52:07.160,2022-07-08 14:52:07.160
2,1125,1,30207,ควบคุมคุณภาพงานพิมพ์ดิจิทัล ระดับ 2,None,2022-07-08 14:52:07.393,2022-07-08 14:52:07.393
3,1119,1,30205,บำรุงรักษาและดูแลความปลอดภัย ระดับ 2,None,2022-07-08 14:52:07.463,2022-07-08 14:52:07.463
4,1122,2,30206,บำรุงรักษาและดูแลความปลอดภัย ระดับ 3,None,2022-07-08 14:52:09.037,2022-07-08 14:52:09.037
5,1113,2,30203,ปฎิบัติงานพิมพ์ดิจิทัล ระดับ 3,None,2022-07-08 14:52:09.213,2022-07-08 14:52:09.213
6,1127,2,30208,ควบคุมคุณภาพงานพิมพ์ดิจิทัล ระดับ 3,None,2022-07-08 14:52:09.383,2022-07-08 14:52:09.383
7,1108,3,30201,ปฎิบัติงานพิมพ์ดิจิทัล ระดับ 1,None,2022-07-08 14:52:11.290,2022-07-08 14:52:11.290
8,1116,3,30204,บำรุงรักษาและดูแลความปลอดภัย ระดับ 1,None,2022-07-08 14:52:11.447,2022-07-08 14:52:11.447
9,1091,4,30101,การเตรียมพิมพ์สกรีน,None,2022-07-08 14:52:16.483,2022-07-08 14:52:16.483
10,1097,5,30102,การปรับตั้งเครื่องพิมพ์สกรีน,None,2022-07-08 14:52:18.213,2022-07-08 14:52:18.213
11,1101,6,30103,การตรวจสอบคุณภาพและการเก็บรักษางานพิมพ์สกรีน,None,2022-07-08 14:52:19.933,2022-07-08 14:52:19.933
12,1104,7,30104,การจัดการควบคุมสิ่งแวดล้อม,None,2022-07-08 14:52:21.453,2022-07-08 14:52:21.453
13,1203,8,30402,เตรียมเครื่องพิมพ์ออฟเซตป้อนม้วน,None,2022-07-08 14:52:26.217,2022-07-08 14:52:26.217
14,1210,8,30403,ใช้เครื่องพิมพ์ออฟเซตป้อนม้วนพิมพ์งานพิมพ์,None,2022-07-08 14:52:26.907,2022-07-08 14:52:26.907
15,1218,8,30404,ตรวจสอบและควบคุมคุณภาพงานพิมพ์,None,2022-07-08 14:52:27.690,2022-07-08 14:52:27.690
16,1221,8,30405,บำรุงรักษาเครื่องพิมพ์ออฟเซตป้อนม้วนเบื้องต้น,None,2022-07-08 14:52:27.973,2022-07-08 14:52:27.973
17,1229,9,30407,การวางแผนและควบคุมการพิมพ์ออฟเซตป้อนม้วน,None,2022-07-08 14:52:29.673,2022-07-08 14:52:29.673
18,1226,9,30406,ควบคุมและวิเคราะห์คุณภาพงานพิมพ์,None,2022-07-08 14:52:29.877,2022-07-08 14:52:29.877
19,1232,10,30408,บริหารจัดการผลิตงานพิมพ์ในกองการพิมพ์ออฟเซตป้อนม้วน,None,2022-07-08 14:52:31.667,2022-07-08 14:52:31.667
20,1236,10,30409,บริหารจัดการระบบควบคุมคุณภาพ,None,2022-07-08 14:52:31.953,2022-07-08 14:52:31.953
21,1240,10,30410,วางแผนและพัฒนาบุคลากรที่ปฎิบัติงานพิมพ์ออฟเซตป้อนม้วน,None,2022-07-08 14:52:32.250,2022-07-08 14:52:32.250
22,1198,11,30401,เตรียมวัสดุการพิมพ์ออฟเซตป้อนม้วน,None,2022-07-08 14:52:33.650,2022-07-08 14:52:33.650
23,1147,12,30301,ทักษะเบื้องต้นการเตรียมวัสดุทากการพิมพ์ออฟเซตป้อนแผ่น,None,2022-07-08 14:52:35.500,2022-07-08 14:52:35.500
24,1184,12,30310,ความปลอดภัยในการทำงานด้านพิมพ์ออฟเซต,None,2022-07-08 14:52:35.657,2022-07-08 14:52:35.657
25,1188,12,30311,ความปลอดภัยในโรงพิมพ์,None,2022-07-08 14:52:35.960,2022-07-08 14:52:35.960
26,1171,13,30307,การตรวจสอบคุณภาพงานพิมพ์,None,2022-07-08 14:52:38.010,2022-07-08 14:52:38.010
27,1193,13,30312,การบำรุงรักษาเครื่องพิมพ์ออฟเซตป้อนแผ่น,None,2022-07-08 14:52:38.390,2022-07-08 14:52:38.390
28,1156,13,30303,ทักษะฝีมือการปฎิบัติงานพิมพ์ออฟเซตป้อนแผ่น,None,2022-07-08 14:52:38.740,2022-07-08 14:52:38.740
29,1149,13,30302,ทักษะฝีมือการเตรียมวัสดุทางการพิมพ์ออฟเซตป้อนแผ่น,None,2022-07-08 14:52:39.360,2022-07-08 14:52:39.360
30,1181,14,30309,การป้องกันและแก้ไขปัญหางานพิมพ์ออฟเซต,None,2022-07-08 14:52:41.390,2022-07-08 14:52:41.390
31,1160,14,30304,ทักษะเฉพาะทางการปฎิบัติงานพิมพ์ออฟเซตป้อนแผ่น,None,2022-07-08 14:52:41.640,2022-07-08 14:52:41.640
32,1164,15,30305,ทักษะชำนาญการปฎิบัติงานพิมพ์ออฟเซตป้อนแผ่น,None,2022-07-08 14:52:43.813,2022-07-08 14:52:43.813
33,1168,15,30306,การวางแผนการตรวจสอบคุณภาพงานพิมพ์,None,2022-07-08 14:52:44.120,2022-07-08 14:52:44.120
34,1175,15,30308,การควบคุมคุณภาพงานพิมพ์,None,2022-07-08 14:52:44.327,2022-07-08 14:52:44.327
35,1381,16,0441,จัดหาและควบคุมผู้รับจัดการขนส่งสินค้าระหว่างประเทศ,Provide and control operation of freight forwarder.,2022-07-08 14:52:47.710,2022-07-08 14:52:47.710
36,1385,16,0442,จัดหาและควบคุมตัวแทนออกของรับอนุญาต,Provide and control authorized custom broker.,2022-07-08 14:52:48.173,2022-07-08 14:52:48.173
37,1389,16,0443,จัดหาและควบคุมผู้ให้บริการคลังสินค้าเพื่อการขนส่งระหว่างประเทศ,Provide and control warehouse vender for international freight forwarders.,2022-07-08 14:52:48.630,2022-07-08 14:52:48.630
38,1393,16,0444,จัดหาและควบคุมผู้ให้บริการจัดการบรรจุสินค้าเพื่อการขนส่งระหว่างประเทศ,Provide and control packing service provider for international freight forwarders.,2022-07-08 14:52:49.083,2022-07-08 14:52:49.083
39,1397,16,0445,จัดหาและควบคุมผู้รับขนส่งสินค้าระหว่างประเทศทางถนนและทางราง,Provide and control international road and rail freight forwarders.,2022-07-08 14:52:49.543,2022-07-08 14:52:49.543
40,1406,16,0452,จัดการขนส่งสินค้าระหว่างประเทศสำหรับสินค้าทั่วไป,Manage international freight for general goods.,2022-07-08 14:52:49.977,2022-07-08 14:52:49.977
41,1415,16,0453,จัดการขนส่งสินค้าระหว่างประเทศสำหรับสินค้าแบบไม่เต็มตู้คอนเทนเนอร์,Manage international freight for LCL (Less than Container Load).,2022-07-08 14:52:50.953,2022-07-08 14:52:50.953
42,1424,16,0454,จัดการขนส่งสินค้าระหว่างประเทศสำหรับสินค้าอันตรายและสินค้าพิเศษ,Manage international freight forwarding for hazardous and special goods.,2022-07-08 14:52:51.950,2022-07-08 14:52:51.950
43,1348,17,0422,ดำเนินการนำเสนอแผนการบริการจัดการขนส่งสินค้าระหว่างประเทศ,Propose freight forwarding service plan.,2022-07-08 14:52:57.053,2022-07-08 14:52:57.053
44,1353,17,0431,จัดเตรียมการให้บริการจัดการขนส่งสินค้าระหว่างประเทศ,Provide  freight management services.,2022-07-08 14:52:57.340,2022-07-08 14:52:57.340
45,1359,17,0432,วางแผนและจัดการขนส่งสินค้าระหว่างประเทศทางทะเล  และการขนส่งต่อเนื่องหลายรูปแบบ,Plan and manage for international sea freight and multimodal transportation.,2022-07-08 14:52:57.720,2022-07-08 14:52:57.720
46,1381,17,0441,จัดหาและควบคุมผู้รับจัดการขนส่งสินค้าระหว่างประเทศ,Provide and control operation of freight forwarder.,2022-07-08 14:52:58.233,2022-07-08 14:52:58.233
47,1385,17,0442,จัดหาและควบคุมตัวแทนออกของรับอนุญาต,Provide and control authorized custom broker.,2022-07-08 14:52:58.633,2022-07-08 14:52:58.633
48,1389,17,0443,จัดหาและควบคุมผู้ให้บริการคลังสินค้าเพื่อการขนส่งระหว่างประเทศ,Provide and control warehouse vender for international freight forwarders.,2022-07-08 14:52:59.033,2022-07-08 14:52:59.033
49,1393,17,0444,จัดหาและควบคุมผู้ให้บริการจัดการบรรจุสินค้าเพื่อการขนส่งระหว่างประเทศ,Provide and control packing service provider for international freight forwarders.,2022-07-08 14:52:59.430,2022-07-08 14:52:59.430
50,1397,17,0445,จัดหาและควบคุมผู้รับขนส่งสินค้าระหว่างประเทศทางถนนและทางราง,Provide and control international road and rail freight forwarders.,2022-07-08 14:52:59.840,2022-07-08 14:52:59.840
51,1446,17,0463,จัดการเอกสารและขออนุญาตจัดการขนส่งสินค้าระหว่างประเทศมาใช้ในการบริการ,Manage documents and request permission for international freight to use for service.,2022-07-08 14:53:00.240,2022-07-08 14:53:00.240
52,1366,17,0433,วางแผนและจัดการขนส่งสินค้าระหว่างประเทศทางอากาศ  และการขนส่งต่อเนื่องหลายรูปแบบ,Plan and manage for international air freight and multimodal transportation.,2022-07-08 14:53:00.423,2022-07-08 14:53:00.423
53,1373,17,0434,วางแผนและจัดการขนส่งสินค้าระหว่างประเทศทางถนนและทางราง  และการขนส่งต่อเนื่องหลายรูปแบบ,Plan and manage for international road and rail freight as well as multimodal transportation.,2022-07-08 14:53:00.940,2022-07-08 14:53:00.940
54,1402,17,0451,จัดการเอกสารและดำเนินพิธีการในการส่งออกและนำเข้าสินค้า,Manage documents and perform customs clearance procedures for import and export goods.,2022-07-08 14:53:01.457,2022-07-08 14:53:01.457
55,1415,17,0453,จัดการขนส่งสินค้าระหว่างประเทศสำหรับสินค้าแบบไม่เต็มตู้คอนเทนเนอร์,Manage international freight for LCL (Less than Container Load).,2022-07-08 14:53:01.770,2022-07-08 14:53:01.770
56,1406,17,0452,จัดการขนส่งสินค้าระหว่างประเทศสำหรับสินค้าทั่วไป,Manage international freight for general goods.,2022-07-08 14:53:02.730,2022-07-08 14:53:02.730
57,1424,17,0454,จัดการขนส่งสินค้าระหว่างประเทศสำหรับสินค้าอันตรายและสินค้าพิเศษ,Manage international freight forwarding for hazardous and special goods.,2022-07-08 14:53:03.623,2022-07-08 14:53:03.623
58,1450,17,0464,จัดการด้านเทคโนโลยีในการจัดการขนส่งสินค้าระหว่างประเทศ,Manage technology for international freight management.,2022-07-08 14:53:04.510,2022-07-08 14:53:04.510
59,1433,17,0455,จัดการขนส่งสินค้าระหว่างประเทศที่มีคุณภาพให้กับลูกค้า,Manage quality of international freight forwarding for customers.,2022-07-08 14:53:04.737,2022-07-08 14:53:04.737
60,1454,17,0465,ประยุกต์ใช้ภาษาอังกฤษในการจัดการขนส่งสินค้าระหว่างประเทศ,Apply to use English for international freight forwarding management.,2022-07-08 14:53:05.237,2022-07-08 14:53:05.237
61,1341,18,0412,จัดทำแผนการตลาดบริการจัดการขนส่งสินค้าระหว่างประเทศ,Plan for marketing strategy of international freight management.,2022-07-08 14:53:08.970,2022-07-08 14:53:08.970
62,1345,18,0421,เตรียมการนำเสนอแผนการบริการจัดการขนส่งสินค้าระหว่างประเทศ,Prepare to propose service plan of international freight management.,2022-07-08 14:53:09.177,2022-07-08 14:53:09.177
63,1381,18,0441,จัดหาและควบคุมผู้รับจัดการขนส่งสินค้าระหว่างประเทศ,Provide and control operation of freight forwarder.,2022-07-08 14:53:09.353,2022-07-08 14:53:09.353
64,1385,18,0442,จัดหาและควบคุมตัวแทนออกของรับอนุญาต,Provide and control authorized custom broker.,2022-07-08 14:53:09.760,2022-07-08 14:53:09.760
65,1389,18,0443,จัดหาและควบคุมผู้ให้บริการคลังสินค้าเพื่อการขนส่งระหว่างประเทศ,Provide and control warehouse vender for international freight forwarders.,2022-07-08 14:53:10.173,2022-07-08 14:53:10.173
66,1393,18,0444,จัดหาและควบคุมผู้ให้บริการจัดการบรรจุสินค้าเพื่อการขนส่งระหว่างประเทศ,Provide and control packing service provider for international freight forwarders.,2022-07-08 14:53:10.567,2022-07-08 14:53:10.567
67,1397,18,0445,จัดหาและควบคุมผู้รับขนส่งสินค้าระหว่างประเทศทางถนนและทางราง,Provide and control international road and rail freight forwarders.,2022-07-08 14:53:10.963,2022-07-08 14:53:10.963
68,1406,18,0452,จัดการขนส่งสินค้าระหว่างประเทศสำหรับสินค้าทั่วไป,Manage international freight for general goods.,2022-07-08 14:53:11.370,2022-07-08 14:53:11.370
69,1415,18,0453,จัดการขนส่งสินค้าระหว่างประเทศสำหรับสินค้าแบบไม่เต็มตู้คอนเทนเนอร์,Manage international freight for LCL (Less than Container Load).,2022-07-08 14:53:12.277,2022-07-08 14:53:12.277
70,1424,18,0454,จัดการขนส่งสินค้าระหว่างประเทศสำหรับสินค้าอันตรายและสินค้าพิเศษ,Manage international freight forwarding for hazardous and special goods.,2022-07-08 14:53:13.243,2022-07-08 14:53:13.243
71,1433,18,0455,จัดการขนส่งสินค้าระหว่างประเทศที่มีคุณภาพให้กับลูกค้า,Manage quality of international freight forwarding for customers.,2022-07-08 14:53:14.130,2022-07-08 14:53:14.130
72,1458,18,0466,บริหารทรัพยากรมนุษย์ในการจัดการขนส่งสินค้าระหว่างประเทศ,Manage human resource for international freight.,2022-07-08 14:53:14.603,2022-07-08 14:53:14.603
73,1337,19,0411,วิเคราะห์อุตสาหกรรมการให้บริการจัดการขนส่งสินค้าระหว่างประเทศ,Analyze freight forwarding services industry.,2022-07-08 14:53:16.817,2022-07-08 14:53:16.817
74,1341,19,0412,จัดทำแผนการตลาดบริการจัดการขนส่งสินค้าระหว่างประเทศ,Plan for marketing strategy of international freight management.,2022-07-08 14:53:17.800,2022-07-08 14:53:17.800
75,1438,19,0461,จัดการข้อมูลอุตสาหกรรมการจัดการขนส่งสินค้าระหว่างประเทศมาใช้ในการให้บริการ,Manage industry information of international freight forwarding to use for service.,2022-07-08 14:53:17.997,2022-07-08 14:53:17.997
76,1442,19,0462,จัดการข้อมูลด้าน  โลจิสติกส์มาใช้ในการจัดการขนส่งสินค้าระหว่างประเทศ,Manage logistics information to use for international freight management.,2022-07-08 14:53:18.223,2022-07-08 14:53:18.223
77,1433,19,0455,จัดการขนส่งสินค้าระหว่างประเทศที่มีคุณภาพให้กับลูกค้า,Manage quality of international freight forwarding for customers.,2022-07-08 14:53:18.393,2022-07-08 14:53:18.393
78,1337,20,0411,วิเคราะห์อุตสาหกรรมการให้บริการจัดการขนส่งสินค้าระหว่างประเทศ,Analyze freight forwarding services industry.,2022-07-08 14:53:20.767,2022-07-08 14:53:20.767
79,1466,21,0511,ปฏิบัติตามกฎระเบียบ  และกฎความปลอดภัยตามหลักอาชีวอนามัยและสิ่งแวดล้อม,"Follow work health and safety, and environmental  procedures",2022-07-08 14:53:24.020,2022-07-08 14:53:24.020
80,1519,22,0521,ปฏิบัติตามกฎระเบียบ  และกฎความปลอดภัยตามหลักอาชีวอนามัยและสิ่งแวดล้อม,"Follow work health and safety, and environmental  procedures",2022-07-08 14:53:25.530,2022-07-08 14:53:25.530
81,1483,23,0515,จัดเก็บและเรียงสินค้าในคลังสินค้า,Store stocks/goods in warehouse,2022-07-08 14:53:27.390,2022-07-08 14:53:27.390
82,1492,23,0516,หยิบสินค้าออกจาก  ที่เก็บ,Retrieve goods from warehouse,2022-07-08 14:53:28.100,2022-07-08 14:53:28.100
83,1476,24,0513,ตรวจรับสินค้าจากผู้ส่งมอบ,Check and inspect goods on arrival,2022-07-08 14:53:30.247,2022-07-08 14:53:30.247
84,1480,24,0514,นำสินค้าเข้าสู่ที่จัดเก็บ,Store stocks/goods in storage,2022-07-08 14:53:30.483,2022-07-08 14:53:30.483
85,1483,24,0515,จัดเก็บและเรียงสินค้าในคลังสินค้า,Store stocks/goods in warehouse,2022-07-08 14:53:30.730,2022-07-08 14:53:30.730
86,1497,24,0517,บรรจุสินค้าเพื่อ  การจ่ายสินค้า,Pack stocks/goods,2022-07-08 14:53:31.447,2022-07-08 14:53:31.447
87,1470,25,0512,วางแผนการรับสินค้า,Plan and organize receipt of goods,2022-07-08 14:53:34.150,2022-07-08 14:53:34.150
88,1483,25,0515,จัดเก็บและเรียงสินค้าในคลังสินค้า,Store stocks/goods in warehouse,2022-07-08 14:53:34.577,2022-07-08 14:53:34.577
89,1502,25,0518,จ่ายสินค้าออกจากคลังสินค้า,Issue/dispatch stocks/goods,2022-07-08 14:53:35.270,2022-07-08 14:53:35.270
90,1506,25,0519,จัดการภายในคลังสินค้าเพื่อให้มีประสิทธิภาพ,Manage warehouse to maintain efficiency,2022-07-08 14:53:35.467,2022-07-08 14:53:35.467
91,1562,26,0532,วางแผนจัดเตรียมสินค้าเพื่อการกระจายสินค้า,Identify required schedules for issuance,2022-07-08 14:53:38.087,2022-07-08 14:53:38.087
92,1567,26,0533,จัดส่งสินค้าให้กับหน่วยงานขนส่ง,Transport goods to couriers.,2022-07-08 14:53:38.467,2022-07-08 14:53:38.467
93,1572,26,0534,รับคืนสินค้าจากลูกค้า,Receive returned goods.,2022-07-08 14:53:38.767,2022-07-08 14:53:38.767
94,1575,26,0535,จัดการภายในศูนย์กระจายสินค้าเพื่อให้มีประสิทธิภาพ,Manage distribution centers with efficiency.,2022-07-08 14:53:38.920,2022-07-08 14:53:38.920
95,1528,27,0523,ตรวจสอบจำนวนและคุณภาพสินค้าคงคลังกับเอกสารที่กำหนด,Check quantities and quality of inventories as specified in the documentation requirements,2022-07-08 14:53:41.503,2022-07-08 14:53:41.503
96,1533,27,0524,ตรวจสอบเอกสารรายการสินค้าให้ตรงกับสินค้าคงคลัง,Reconcile and validate inventory data to match warehouse stock,2022-07-08 14:53:41.850,2022-07-08 14:53:41.850
97,1547,27,0527,จัดการสินค้าคงคลังเพื่อให้มีประสิทธิภาพ,Manage warehouse stock,2022-07-08 14:53:42.187,2022-07-08 14:53:42.187
98,1470,28,0512,วางแผนการรับสินค้า,Plan and organize receipt of goods,2022-07-08 14:53:44.957,2022-07-08 14:53:44.957
99,1506,28,0519,จัดการภายในคลังสินค้าเพื่อให้มีประสิทธิภาพ,Manage warehouse to maintain efficiency,2022-07-08 14:53:45.400,2022-07-08 14:53:45.400
100,1587,28,0541,บริหารการเพิ่มมูลค่าของคลังสินค้า,Manage value-added services of warehouse,2022-07-08 14:53:46.143,2022-07-08 14:53:46.143
101,1523,29,0522,วางแผนการจัดการสินค้าคงคลังให้สอดคล้องกับความต้องการของแผนการผลิต,Undertake inventory management in accordance with production plan,2022-07-08 14:53:48.347,2022-07-08 14:53:48.347
102,1538,29,0525,จัดการต้นทุนสินค้าคงคลัง,Manage inventory costs.,2022-07-08 14:53:48.623,2022-07-08 14:53:48.623
103,1541,29,0526,ควบคุมสินค้าคงคลังให้สอดคล้องกับการปฏิบัติงาน,Monitor warehouse stock in accordance with workplace procedures,2022-07-08 14:53:48.833,2022-07-08 14:53:48.833
104,1547,29,0527,จัดการสินค้าคงคลังเพื่อให้มีประสิทธิภาพ,Manage warehouse stock,2022-07-08 14:53:49.267,2022-07-08 14:53:49.267
105,1506,30,0519,จัดการภายในคลังสินค้าเพื่อให้มีประสิทธิภาพ,Manage warehouse to maintain efficiency,2022-07-08 14:53:51.757,2022-07-08 14:53:51.757
106,1587,30,0541,บริหารการเพิ่มมูลค่าของคลังสินค้า,Manage value-added services of warehouse,2022-07-08 14:53:52.503,2022-07-08 14:53:52.503
107,1592,30,0542,กำหนดคุณค่าของสินค้าในคลังสินค้า,Estimate inventory value,2022-07-08 14:53:52.780,2022-07-08 14:53:52.780
108,1575,31,0535,จัดการภายในศูนย์กระจายสินค้าเพื่อให้มีประสิทธิภาพ,Manage distribution centers with efficiency.,2022-07-08 14:53:54.463,2022-07-08 14:53:54.463
109,1523,32,0522,วางแผนการจัดการสินค้าคงคลังให้สอดคล้องกับความต้องการของแผนการผลิต,Undertake inventory management in accordance with production plan,2022-07-08 14:53:56.780,2022-07-08 14:53:56.780
110,1547,32,0527,จัดการสินค้าคงคลังเพื่อให้มีประสิทธิภาพ,Manage warehouse stock,2022-07-08 14:53:57.070,2022-07-08 14:53:57.070
111,1575,33,0535,จัดการภายในศูนย์กระจายสินค้าเพื่อให้มีประสิทธิภาพ,Manage distribution centers with efficiency.,2022-07-08 14:53:59.180,2022-07-08 14:53:59.180
112,1547,34,0527,จัดการสินค้าคงคลังเพื่อให้มีประสิทธิภาพ,Manage warehouse stock,2022-07-08 14:54:01.247,2022-07-08 14:54:01.247
113,1506,35,0519,จัดการภายในคลังสินค้าเพื่อให้มีประสิทธิภาพ,Manage warehouse to maintain efficiency,2022-07-08 14:54:03.373,2022-07-08 14:54:03.373
114,1562,36,0532,วางแผนจัดเตรียมสินค้าเพื่อการกระจายสินค้า,Identify required schedules for issuance,2022-07-08 14:54:06.063,2022-07-08 14:54:06.063
115,1567,36,0533,จัดส่งสินค้าให้กับหน่วยงานขนส่ง,Transport goods to couriers.,2022-07-08 14:54:06.430,2022-07-08 14:54:06.430
116,1575,36,0535,จัดการภายในศูนย์กระจายสินค้าเพื่อให้มีประสิทธิภาพ,Manage distribution centers with efficiency.,2022-07-08 14:54:06.720,2022-07-08 14:54:06.720
117,1598,37,0311,เตรียมการยื่นขอคำร้องเพื่อขอเป็นตัวแทนรับอนุญาตส่งออกจาก  กรมศุลกากร,Logistic,2022-07-08 14:54:08.967,2022-07-08 14:54:08.967
118,1616,37,0321,เตรียมการยื่นขอคำร้องเพื่อขอเป็นตัวแทนรับอนุญาตนำเข้าจากกรมศุลกากร,None,2022-07-08 14:54:09.100,2022-07-08 14:54:09.100
119,1601,38,0312,เตรียมการและประสานงานเพื่อการส่งออก,None,2022-07-08 14:54:11.047,2022-07-08 14:54:11.047
120,1619,38,0322,เตรียมการและประสานงานเพื่อการนำเข้าสินค้า,None,2022-07-08 14:54:11.470,2022-07-08 14:54:11.470
121,1635,38,0331,เตรียมการและการประสานงานการส่งออก สินค้า  ผ่านแดน   (cross border),None,2022-07-08 14:54:11.663,2022-07-08 14:54:11.663
122,1609,39,0313,ดำเนินการพิธีการศุลกากร ตรวจปล่อย  และส่งมอบสินค้าไปยังประเทศปลายทาง,None,2022-07-08 14:54:13.750,2022-07-08 14:54:13.750
123,1623,39,0323,ผ่านพิธีการศุลกากร และตรวจปล่อยสินค้า,None,2022-07-08 14:54:14.053,2022-07-08 14:54:14.053
124,1629,39,0324,รับมอบสินค้าสำหรับการนำเข้า,None,2022-07-08 14:54:14.367,2022-07-08 14:54:14.367
125,1639,39,0332,ผ่านพิธีการศุลกากร  และตรวจปล่อยสินค้าผ่านแดน,None,2022-07-08 14:54:14.620,2022-07-08 14:54:14.620
126,1635,39,0331,เตรียมการและการประสานงานการส่งออก สินค้า  ผ่านแดน   (cross border),None,2022-07-08 14:54:14.813,2022-07-08 14:54:14.813
127,1609,40,0313,ดำเนินการพิธีการศุลกากร ตรวจปล่อย  และส่งมอบสินค้าไปยังประเทศปลายทาง,None,2022-07-08 14:54:17.270,2022-07-08 14:54:17.270
128,1623,40,0323,ผ่านพิธีการศุลกากร และตรวจปล่อยสินค้า,None,2022-07-08 14:54:17.613,2022-07-08 14:54:17.613
129,1629,40,0324,รับมอบสินค้าสำหรับการนำเข้า,None,2022-07-08 14:54:17.913,2022-07-08 14:54:17.913
130,1639,40,0332,ผ่านพิธีการศุลกากร  และตรวจปล่อยสินค้าผ่านแดน,None,2022-07-08 14:54:18.160,2022-07-08 14:54:18.160
131,1643,40,0333,ดำเนินการขนถ่ายสินค้าผ่านแดน,None,2022-07-08 14:54:18.347,2022-07-08 14:54:18.347
132,1647,40,0341,เตรียมการและประสานงานการนำเข้า  สินค้า  ผ่านแดน   (cross border),None,2022-07-08 14:54:18.490,2022-07-08 14:54:18.490
133,1651,40,0342,ผ่านพิธีการศุลกากร และตรวจปล่อยสินค้าผ่านแดน,None,2022-07-08 14:54:18.683,2022-07-08 14:54:18.683
134,1915,41,0121,สำรวจแหล่งขาย และผู้ขายสินค้าหรือบริการ,Gather and analyze information.,2022-07-08 14:54:20.477,2022-07-08 14:54:20.477
135,1933,41,0132,ดำเนินการจัดซื้อ  จัดหา จัดจ้าง,Carry out procurement.,2022-07-08 14:54:20.797,2022-07-08 14:54:20.797
136,1921,42,0122,ประเมินและคัดเลือกผู้ขายสินค้าหรือบริการเบื้องต้น,Evaluate and select providers.,2022-07-08 14:54:23.250,2022-07-08 14:54:23.250
137,1938,42,0133,ติดตามการส่งมอบและประเมินผลผู้ขายผู้ให้บริการหลังการส่งมอบ,Monitor and evaluate service provider performance.,2022-07-08 14:54:23.470,2022-07-08 14:54:23.470
138,1903,43,0111,สำรวจความต้องการใช้สินค้าหรือบริการ,Conduct market research.,2022-07-08 14:54:25.080,2022-07-08 14:54:25.080
139,1910,43,0113,กำหนดขอบเขต  คุณลักษณะ เงื่อนไขของสินค้าหรือบริการที่ต้องการ,Plan procurement.,2022-07-08 14:54:25.230,2022-07-08 14:54:25.230
140,1930,43,0131,จัดทำสัญญาและบริหารสัญญา,Develop and manage contracts.,2022-07-08 14:54:25.433,2022-07-08 14:54:25.433
141,1906,44,0112,พยากรณ์ความต้องการใช้สินค้าหรือบริการที่เกี่ยวข้องกับกิจกรรมโลจิสติกส์,Forecast the purchase of goods or services related to logistics activities.,2022-07-08 14:54:27.310,2022-07-08 14:54:27.310
142,1925,44,0123,วิเคราะห์  เจรจาต่อรอง และ คัดเลือกผู้ขายหรือผู้ให้บริการ,"Analyze, negotiate and select vendors or service providers.",2022-07-08 14:54:27.513,2022-07-08 14:54:27.513
143,1942,44,0134,บริหารจัดการด้านการจัดซื้อ  จัดหา และจัดจ้าง,Manage procurement.,2022-07-08 14:54:27.717,2022-07-08 14:54:27.717
144,1954,45,10101,ระบุรายละเอียด  ด้านภูมิศาสตร์ท้องถิ่นที่จำเป็นสำหรับคนขับรถแท็กซี่,Specify local geography details for taxi drivers.,2022-07-08 14:54:29.780,2022-07-08 14:54:29.780
145,1967,45,10201,ขับรถแท็กซี่  ด้วยความปลอดภัยและบริการที่ดี,Drive  with safety and good service.,2022-07-08 14:54:30.257,2022-07-08 14:54:30.257
146,1959,46,10102,ดำเนินการ  ตามกระบวนการ  ความปลอดภัยและสุขภาพในการทำงาน,Follow work safety and health procedures.,2022-07-08 14:54:32.310,2022-07-08 14:54:32.310
147,1963,46,10103,ดำเนินการบำรุงรักษา  ก่อนออกรถ,Carry out maintenance before driving.,2022-07-08 14:54:32.557,2022-07-08 14:54:32.557
148,1971,47,10202,สังเกตการทำงานขณะขับรถและ  สภาพจราจร,Observe driving and  traffic conditions.,2022-07-08 14:54:34.083,2022-07-08 14:54:34.083
149,1974,47,10203,เลือกเส้นทางและใช้อุปกรณ์นำทาง,Choose route and use navigation tools.,2022-07-08 14:54:34.267,2022-07-08 14:54:34.267
150,2872,48,104P02,ขัดผิวแม่พิมพ์ฉีดพลาสติกด้วยกระดาษทราย,Polish plastic injection mold with sandpaper.,2022-07-08 14:54:35.977,2022-07-08 14:54:35.977
151,2877,48,104P03,ขัดผิวแม่พิมพ์ฉีดพลาสติกด้วยเครื่องมือช่วยขัด (Power  Tool),Polish plastic injection mold with polishing tool.,2022-07-08 14:54:36.333,2022-07-08 14:54:36.333
152,2883,49,104P04,ขัดผิวแม่พิมพ์ฉีดพลาสติกด้วยครีมเพชร,Polish plastic injection mold with diamond compound cream.,2022-07-08 14:54:38.050,2022-07-08 14:54:38.050
153,2907,50,201P02,บำรุงรักษาแม่พิมพ์ฉีดพลาสติกตามแผนการบำรุงรักษา,Maintain plastic injection mold as maintenance plan.,2022-07-08 14:54:39.693,2022-07-08 14:54:39.693
154,2922,50,202P01,ซ่อมแม่พิมพ์ฉีดพลาสติกให้มีสภาพพร้อมใช้งาน,Repair plastic injection molds to get ready for work.,2022-07-08 14:54:39.867,2022-07-08 14:54:39.867
155,2928,51,202P02,วิเคราะห์และกำหนดรายละเอียดการซ่อมแม่พิมพ์ฉีดพลาสติก,Analyze and define details of plastic injection mold repairments.,2022-07-08 14:54:43.180,2022-07-08 14:54:43.180
156,2902,52,201P01,วางแผนการบำรุงรักษาแม่พิมพ์ฉีดพลาสติกเพื่อให้ใช้งานได้อย่างมีประสิทธิภาพ,Plan for plastic injection mold maintenance to work effectively,2022-07-08 14:54:44.720,2022-07-08 14:54:44.720
157,2809,53,103P01,ปรับแต่งชิ้นส่วนแม่พิมพ์ฉีดพลาสติก,Adjust parts of plastic injection mold .,2022-07-08 14:54:46.490,2022-07-08 14:54:46.490
158,2812,53,103P02,ประกอบชิ้นส่วนย่อยของชุดแม่พิมพ์ฉีดพลาสติก,Assemble sub-parts of plastic injection mold.,2022-07-08 14:54:46.647,2022-07-08 14:54:46.647
159,2815,53,103P03,ประกอบแม่พิมพ์ฉีดพลาสติก,Assemble plastic injection mold.,2022-07-08 14:54:46.817,2022-07-08 14:54:46.817
160,2819,54,103P04,ประกอบแม่พิมพ์ฉีดพลาสติกที่มีความซับซ้อน,Assemble complex-plastic injection mold.,2022-07-08 14:54:48.670,2022-07-08 14:54:48.670
161,2823,54,103P05,ควบคุมการติดตั้งแม่พิมพ์บนเครื่องฉีดเพื่อการทดลองฉีด,Control mold installation on injection machine for injection trial.,2022-07-08 14:54:48.900,2022-07-08 14:54:48.900
162,2827,54,103P06,ทดลองแม่พิมพ์ฉีดพลาสติก (Tryout),Trial plastic injection mold.,2022-07-08 14:54:49.160,2022-07-08 14:54:49.160
163,2833,55,103P07,วางแผน  และควบคุมการปรับประกอบแม่พิมพ์ฉีดพลาสติก,Plan and control adjustment of plastic injection mold.,2022-07-08 14:54:51.123,2022-07-08 14:54:51.123
164,2837,55,103P08,พัฒนากระบวนการปรับประกอบแม่พิมพ์ฉีดพลาสติกอย่างต่อเนื่องเพื่อความยั่งยืน,Develop adjustment process of plastic injection mold continuously for sustainability.,2022-07-08 14:54:51.407,2022-07-08 14:54:51.407
165,2842,55,103C01,ถ่ายทอดองค์ความรู้และประสบการณ์เพื่อพัฒนาบุคลากร,None,2022-07-08 14:54:51.783,2022-07-08 14:54:51.783
166,2641,56,102P01,จำแนกวัสดุทำชิ้นส่วนแม่พิมพ์ฉีดพลาสติก,Classify material parts of plastic injection mold.,2022-07-08 14:54:54.733,2022-07-08 14:54:54.733
167,2667,56,102C01,อ่านแบบชิ้นส่วนแม่พิมพ์,None,2022-07-08 14:54:54.927,2022-07-08 14:54:54.927
168,2670,56,102C02,ใช้เครื่องมือพื้นฐาน (Hand Tool) และอุปกรณ์,None,2022-07-08 14:54:55.073,2022-07-08 14:54:55.073
169,2675,56,102C03,ใช้อุปกรณ์ป้องกันภัยส่วนบุคคลเพื่อความปลอดภัยในการปฏิบัติงาน,None,2022-07-08 14:54:55.373,2022-07-08 14:54:55.373
170,2680,56,102C04,ใช้เครื่องมือวัดละเอียด,None,2022-07-08 14:54:55.663,2022-07-08 14:54:55.663
171,2685,56,102C05,เลือกใช้เครื่องมือตัด (Cutting Tool),None,2022-07-08 14:54:55.947,2022-07-08 14:54:55.947
172,2691,56,102C06,ผลิตชิ้นส่วนด้วยเครื่องกลึง,None,2022-07-08 14:54:56.337,2022-07-08 14:54:56.337
173,2697,56,102C07,ผลิตชิ้นส่วนด้วยเครื่องกัด,None,2022-07-08 14:54:56.710,2022-07-08 14:54:56.710
174,2703,56,102C08,ผลิตชิ้นส่วนด้วยเครื่องเจีย,None,2022-07-08 14:54:57.073,2022-07-08 14:54:57.073
175,2646,57,102P02,กำหนดขั้นตอนการทำชิ้นส่วนแม่พิมพ์ฉีดพลาสติกด้วยเครื่องจักรกล,Set work procedure of plastic injection mold parts with machines.,2022-07-08 14:54:59.827,2022-07-08 14:54:59.827
176,2709,57,102C09,ผลิตชิ้นส่วนด้วยเครื่องกลึง CNC,Produce parts with CNC lathe machine.,2022-07-08 14:55:00.283,2022-07-08 14:55:00.283
177,2715,57,102C10,ผลิตชิ้นส่วนด้วยเครื่องกัด CNC,Produce parts with CNC milling machine.,2022-07-08 14:55:00.660,2022-07-08 14:55:00.660
178,2721,57,102C11,ผลิตชิ้นส่วนด้วยเครื่อง EDM,Produce parts with EDM machine.,2022-07-08 14:55:01.043,2022-07-08 14:55:01.043
179,2727,57,102C12,ผลิตชิ้นส่วนด้วยเครื่อง Wire EDM,Produce parts with Wire EDM machine.,2022-07-08 14:55:01.430,2022-07-08 14:55:01.430
180,2733,57,102C13,ผลิตชิ้นส่วนด้วยเครื่อง Profile Grinder,Produce parts with Profile Grinder machine.,2022-07-08 14:55:01.800,2022-07-08 14:55:01.800
181,2739,57,102C14,ผลิตชิ้นส่วนด้วยเครื่อง CNC Grinder,Produce parts with CNC Grinder machine.,2022-07-08 14:55:02.243,2022-07-08 14:55:02.243
182,2651,58,102P03,ตรวจสอบคุณภาพในขั้นตอนการผลิตแม่พิมพ์ฉีดพลาสติก,Check quality of production processes  for injection mold.,2022-07-08 14:55:04.227,2022-07-08 14:55:04.227
183,2745,58,102C15,จัดทำโปรแกรมคำสั่ง (CAM) สำหรับเครื่องกัด  CNC,None,2022-07-08 14:55:04.773,2022-07-08 14:55:04.773
184,2748,58,102C16,จัดทำโปรแกรมคำสั่ง (CAM) สำหรับเครื่อง  Wire EDM,None,2022-07-08 14:55:05.020,2022-07-08 14:55:05.020
185,2751,58,102C17,จัดทำโปรแกรมคำสั่ง (CAM) สำหรับช่วยในการผลิต,None,2022-07-08 14:55:05.377,2022-07-08 14:55:05.377
186,2657,59,102P04,วางแผน  และควบคุมการผลิตชิ้นส่วนแม่พิมพ์ฉีดพลาสติก,Plan and control production of plastic injection mold parts.,2022-07-08 14:55:07.260,2022-07-08 14:55:07.260
187,2662,59,102P05,พัฒนากระบวนการผลิตชิ้นส่วนแม่พิมพ์ฉีดพลาสติกอย่างต่อเนื่องเพื่อเพิ่มชีดความสามารถในการแข่งขัน,Develop production process of plastic injection mold parts continuously to enhance competitiveness.,2022-07-08 14:55:07.613,2022-07-08 14:55:07.613
188,2754,59,102C18,ถ่ายทอดองค์ความรู้และประสบการณ์เพื่อพัฒนาบุคลากร,None,2022-07-08 14:55:07.980,2022-07-08 14:55:07.980
189,2569,60,101P01,อ่านแบบแม่พิมพ์ฉีดพลาสติก,Read design of plastic injection mold.,2022-07-08 14:55:09.873,2022-07-08 14:55:09.873
190,2572,60,101P02,เขียนแบบชิ้นส่วนของแม่พิมพ์ฉีดพลาสติก,Write part design of plastic injection mold.,2022-07-08 14:55:10.020,2022-07-08 14:55:10.020
191,2607,60,101C01,ระบุรายละเอียดของแบบด้วยศัพท์เฉพาะทางด้านแม่พิมพ์ทั้งภาษาไทยและภาษาอังกฤษ,Specify details of mold design using both Thai and English terminology.,2022-07-08 14:55:10.260,2022-07-08 14:55:10.260
192,2609,60,101C02,คำนวณโดยใช้คณิตศาสตร์เบื้องต้น,Calculate by using basic mathematics.,2022-07-08 14:55:10.337,2022-07-08 14:55:10.337
193,2576,61,101P03,กำหนดขนาดของเครื่องฉีดพลาสติก,Define size of plastic injection machine.,2022-07-08 14:55:12.043,2022-07-08 14:55:12.043
194,2579,61,101P04,ออกแบบแม่พิมพ์ฉีดพลาสติก,Design plastic injection molds.,2022-07-08 14:55:12.193,2022-07-08 14:55:12.193
195,2584,61,101P05,เลือกใช้ประเภทของวัสดุชิ้นส่วนแม่พิมพ์ฉีดพลาสติก,Select material types of plastic injection mold.,2022-07-08 14:55:12.450,2022-07-08 14:55:12.450
196,2587,62,101P06,ออกแบบแม่พิมพ์ฉีดพลาสติกชิ้นงานที่มี Under Cut,Design plastic injection molds (Under cut workpieces).,2022-07-08 14:55:14.277,2022-07-08 14:55:14.277
197,2593,62,101P07,นำผลการวิเคราะห์ด้วย CAE มาใช้ในการออกแบบแม่พิมพ์ฉีดพลาสติก,Use CAE analysis to design plastic injection mold.,2022-07-08 14:55:14.637,2022-07-08 14:55:14.637
198,2612,62,101C03,วิเคราะห์แบบชิ้นงานตามความต้องการของลูกค้า,Analyze workpieces design as customer needs.,2022-07-08 14:55:14.820,2022-07-08 14:55:14.820
199,2597,63,101P08,วางแผน  และควบคุมการออกแบบแม่พิมพ์ฉีดพลาสติก,Plan and control plastic injection mold design.,2022-07-08 14:55:16.597,2022-07-08 14:55:16.597
200,2602,63,101P09,พัฒนากระบวนการออกแบบแม่พิมพ์ฉีดพลาสติกอย่างต่อเนื่องเพื่อความยั่งยืน,Develop process of plastic injection mold design continuously for sustainability.,2022-07-08 14:55:16.920,2022-07-08 14:55:16.920
201,2616,63,101C04,ถ่ายทอดองค์ความรู้และประสบการณ์เพื่อพัฒนาบุคลากร,None,2022-07-08 14:55:17.190,2022-07-08 14:55:17.190
202,2896,64,201M02,บำรุงรักษาแม่พิมพ์ปั๊มโลหะตามแผนการบำรุงรักษา,Carry out maintenance of metal stamping mold,2022-07-08 14:55:19.110,2022-07-08 14:55:19.110
203,2911,64,202M01,ซ่อมแม่พิมพ์ปั๊มโลหะให้มีสภาพพร้อมใช้งาน,Repair metal stamping mold to be in working condition,2022-07-08 14:55:19.420,2022-07-08 14:55:19.420
204,2917,65,202M02,วิเคราะห์และกำหนดรายละเอียดการซ่อมแม่พิมพ์ปั๊มโลหะ,Analyze and define details of metal stamping mold repairments.,2022-07-08 14:55:21.337,2022-07-08 14:55:21.337
205,2891,66,201M01,วางแผนการบำรุงรักษาแม่พิมพ์ปั๊มโลหะเพื่อให้ใช้งานได้อย่างมีประสิทธิภาพ,None,2022-07-08 14:55:22.813,2022-07-08 14:55:22.813
206,2848,67,104M01,จำแนกวัสดุและการชุบแข็งของชิ้นส่วนแม่พิมพ์ปั๊มโลหะ,None,2022-07-08 14:55:24.653,2022-07-08 14:55:24.653
207,2851,67,104M02,ขัดผิวแม่พิมพ์ปั๊มโลหะด้วยหินขัด,None,2022-07-08 14:55:24.833,2022-07-08 14:55:24.833
208,2856,67,104M03,ขัดผิวแม่พิมพ์ปั๊มโลหะด้วยกระดาษทราย,None,2022-07-08 14:55:25.173,2022-07-08 14:55:25.173
209,2861,68,104M04,ขัดผิวแม่พิมพ์ปั๊มโลหะด้วยเครื่องมือช่วยขัด (Power  Tool),None,2022-07-08 14:55:26.773,2022-07-08 14:55:26.773
210,2760,69,103M01,ปรับแต่งชิ้นส่วนแม่พิมพ์ปั๊มโลหะ,Adjust parts of metal mold.,2022-07-08 14:55:28.717,2022-07-08 14:55:28.717
211,2765,69,103M02,ประกอบชิ้นส่วนย่อยของชุดแม่พิมพ์ปั๊มโลหะ,Assemble sub-parts of metal mold.,2022-07-08 14:55:28.970,2022-07-08 14:55:28.970
212,2769,69,103M03,ประกอบแม่พิมพ์ปั๊มโลหะ,Assemble metal mold.,2022-07-08 14:55:29.170,2022-07-08 14:55:29.170
213,2773,69,103M04,ตรวจสอบการทำงานของแม่พิมพ์ปั๊มโลหะขณะเคลื่อนที่แบบตัวเปล่า,Check the operation of the metal stamping mold while moving independently.,2022-07-08 14:55:29.373,2022-07-08 14:55:29.373
214,2777,70,103M05,ประกอบแม่พิมพ์ปั๊มโลหะที่มีความซับซ้อน,None,2022-07-08 14:55:31.293,2022-07-08 14:55:31.293
215,2781,70,103M06,ตรวจสอบการทำงานของแม่พิมพ์ปั๊มโลหะที่มีความซับซ้อน  ขณะเคลื่อนที่แบบตัวเปล่า,None,2022-07-08 14:55:31.550,2022-07-08 14:55:31.550
216,2785,70,103M07,ควบคุมการติดตั้งแม่พิมพ์บนเครื่องเพรส,None,2022-07-08 14:55:31.783,2022-07-08 14:55:31.783
217,2790,70,103M08,ทดลองแม่พิมพ์ปั๊มโลหะ  (Tryout),None,2022-07-08 14:55:32.087,2022-07-08 14:55:32.087
218,2804,71,103M11,พัฒนากระบวนการปรับประกอบแม่พิมพ์ปั๊มโลหะอย่างต่อเนื่องเพื่อเพิ่มขีดความสามารถในการแข่งขัน,None,2022-07-08 14:55:34.050,2022-07-08 14:55:34.050
219,2795,71,103M09,วิเคราะห์และกำหนดแนวทางแก้ปัญหาจากการทดลองแม่พิมพ์ปั๊มโลหะ,None,2022-07-08 14:55:34.737,2022-07-08 14:55:34.737
220,2799,71,103M10,วางแผน  และควบคุมการปรับประกอบแม่พิมพ์ปั๊มโลหะ,None,2022-07-08 14:55:35.067,2022-07-08 14:55:35.067
221,2842,71,103C01,ถ่ายทอดองค์ความรู้และประสบการณ์เพื่อพัฒนาบุคลากร,None,2022-07-08 14:55:35.440,2022-07-08 14:55:35.440
222,2622,72,102M01,จำแนกวัสดุทำชิ้นส่วนแม่พิมพ์ปั๊มโลหะ,None,2022-07-08 14:55:38.233,2022-07-08 14:55:38.233
223,2667,72,102C01,อ่านแบบชิ้นส่วนแม่พิมพ์,None,2022-07-08 14:55:38.353,2022-07-08 14:55:38.353
224,2670,72,102C02,ใช้เครื่องมือพื้นฐาน (Hand Tool) และอุปกรณ์,None,2022-07-08 14:55:38.503,2022-07-08 14:55:38.503
225,2675,72,102C03,ใช้อุปกรณ์ป้องกันภัยส่วนบุคคลเพื่อความปลอดภัยในการปฏิบัติงาน,None,2022-07-08 14:55:38.790,2022-07-08 14:55:38.790
226,2680,72,102C04,ใช้เครื่องมือวัดละเอียด,None,2022-07-08 14:55:39.073,2022-07-08 14:55:39.073
227,2685,72,102C05,เลือกใช้เครื่องมือตัด (Cutting Tool),None,2022-07-08 14:55:39.353,2022-07-08 14:55:39.353
228,2691,72,102C06,ผลิตชิ้นส่วนด้วยเครื่องกลึง,None,2022-07-08 14:55:39.730,2022-07-08 14:55:39.730
229,2697,72,102C07,ผลิตชิ้นส่วนด้วยเครื่องกัด,None,2022-07-08 14:55:40.083,2022-07-08 14:55:40.083
230,2703,72,102C08,ผลิตชิ้นส่วนด้วยเครื่องเจีย,None,2022-07-08 14:55:40.440,2022-07-08 14:55:40.440
231,2625,73,102M02,กำหนดขั้นตอนการทำชิ้นส่วนแม่พิมพ์ปั๊มโลหะด้วยเครื่องจักรกล,Set work procedure of metal stamping mold parts with machines.,2022-07-08 14:55:43.273,2022-07-08 14:55:43.273
232,2709,73,102C09,ผลิตชิ้นส่วนด้วยเครื่องกลึง CNC,Produce parts with CNC lathe machine.,2022-07-08 14:55:43.427,2022-07-08 14:55:43.427
233,2715,73,102C10,ผลิตชิ้นส่วนด้วยเครื่องกัด CNC,Produce parts with CNC milling machine.,2022-07-08 14:55:43.790,2022-07-08 14:55:43.790
234,2721,73,102C11,ผลิตชิ้นส่วนด้วยเครื่อง EDM,Produce parts with EDM machine.,2022-07-08 14:55:44.173,2022-07-08 14:55:44.173
235,2727,73,102C12,ผลิตชิ้นส่วนด้วยเครื่อง Wire EDM,Produce parts with Wire EDM machine.,2022-07-08 14:55:44.560,2022-07-08 14:55:44.560
236,2733,73,102C13,ผลิตชิ้นส่วนด้วยเครื่อง Profile Grinder,Produce parts with Profile Grinder machine.,2022-07-08 14:55:44.920,2022-07-08 14:55:44.920
237,2739,73,102C14,ผลิตชิ้นส่วนด้วยเครื่อง CNC Grinder,Produce parts with CNC Grinder machine.,2022-07-08 14:55:45.357,2022-07-08 14:55:45.357
238,2628,74,102M03,ตรวจสอบคุณภาพในขั้นตอนการผลิตชิ้นส่วนแม่พิมพ์ปั๊มโลหะ,None,2022-07-08 14:55:47.240,2022-07-08 14:55:47.240
239,2745,74,102C15,จัดทำโปรแกรมคำสั่ง (CAM) สำหรับเครื่องกัด  CNC,None,2022-07-08 14:55:47.440,2022-07-08 14:55:47.440
240,2748,74,102C16,จัดทำโปรแกรมคำสั่ง (CAM) สำหรับเครื่อง  Wire EDM,None,2022-07-08 14:55:47.683,2022-07-08 14:55:47.683
241,2751,74,102C17,จัดทำโปรแกรมคำสั่ง (CAM) สำหรับช่วยในการผลิต,None,2022-07-08 14:55:48.047,2022-07-08 14:55:48.047
242,2631,75,102M04,วางแผนและการควบคุมการผลิตชิ้นส่วนแม่พิมพ์ปั๊มโลหะ,None,2022-07-08 14:55:49.880,2022-07-08 14:55:49.880
243,2636,75,102M05,พัฒนากระบวนการผลิตชิ้นส่วนแม่พิมพ์ปั๊มโลหะอย่างต่อเนื่องเพื่อเพิ่มชีดความสามารถในการแข่งขัน,None,2022-07-08 14:55:50.237,2022-07-08 14:55:50.237
244,2754,75,102C18,ถ่ายทอดองค์ความรู้และประสบการณ์เพื่อพัฒนาบุคลากร,None,2022-07-08 14:55:50.620,2022-07-08 14:55:50.620
245,2529,76,101M01,อ่านแบบแม่พิมพ์ปั๊มโลหะ,Read design of metal stamping mold.,2022-07-08 14:55:52.427,2022-07-08 14:55:52.427
246,2532,76,101M02,เขียนแบบชิ้นส่วนของแม่พิมพ์ปั๊มโลหะ,Write part design of metal stamping mold.,2022-07-08 14:55:52.580,2022-07-08 14:55:52.580
247,2607,76,101C01,ระบุรายละเอียดของแบบด้วยศัพท์เฉพาะทางด้านแม่พิมพ์ทั้งภาษาไทยและภาษาอังกฤษ,Specify details of mold design using both Thai and English terminology.,2022-07-08 14:55:52.763,2022-07-08 14:55:52.763
248,2609,76,101C02,คำนวณโดยใช้คณิตศาสตร์เบื้องต้น,Calculate by using basic mathematics.,2022-07-08 14:55:52.837,2022-07-08 14:55:52.837
249,2535,77,101M03,ออกแบบแม่พิมพ์  Single,None,2022-07-08 14:55:54.527,2022-07-08 14:55:54.527
250,2538,77,101M04,ออกแบบแม่พิมพ์  Single  (โครงสร้างเหล็กหล่อ),None,2022-07-08 14:55:54.760,2022-07-08 14:55:54.760
251,2541,77,101M05,ออกแบบแม่พิมพ์  Compound/Progressive,None,2022-07-08 14:55:55.007,2022-07-08 14:55:55.007
252,2544,77,101M06,กำหนดขนาดของเครื่องจักรที่ใช้  สำหรับแม่พิมพ์ปั๊มโลหะ,None,2022-07-08 14:55:55.253,2022-07-08 14:55:55.253
253,2547,77,101M07,จำแนกประเภทของวัสดุชิ้นงาน (Workpiece  Material),None,2022-07-08 14:55:55.407,2022-07-08 14:55:55.407
254,2550,78,101M08,กำหนด  Process  Design และDie Layout,None,2022-07-08 14:55:57.033,2022-07-08 14:55:57.033
255,2553,78,101M09,ออกแบบแม่พิมพ์  Progressive ซับซ้อน,None,2022-07-08 14:55:57.230,2022-07-08 14:55:57.230
256,2556,78,101M10,ออกแบบแม่พิมพ์  Single  แบบซับซ้อน (โครงสร้างเหล็กหล่อ),None,2022-07-08 14:55:57.467,2022-07-08 14:55:57.467
257,2612,78,101C03,วิเคราะห์แบบชิ้นงานตามความต้องการของลูกค้า,Analyze workpieces design as customer needs.,2022-07-08 14:55:57.700,2022-07-08 14:55:57.700
258,2564,79,101M12,พัฒนากระบวนการออกแบบแม่พิมพ์ปั๊มโลหะอย่างต่อเนื่องเพื่อความยั่งยืน,None,2022-07-08 14:55:59.383,2022-07-08 14:55:59.383
259,2616,79,101C04,ถ่ายทอดองค์ความรู้และประสบการณ์เพื่อพัฒนาบุคลากร,None,2022-07-08 14:55:59.667,2022-07-08 14:55:59.667
260,2559,79,101M11,วางแผน  และควบคุมการออกแบบแม่พิมพ์ปั๊มโลหะ,None,2022-07-08 14:56:00.003,2022-07-08 14:56:00.003
261,3183,80,A202,พัฒนาความรอบรู้กับสายงานที่เกี่ยวข้อง,None,2022-07-08 14:56:01.677,2022-07-08 14:56:01.677
262,3176,80,A201,ถ่ายภาพบุคคล,None,2022-07-08 14:56:01.853,2022-07-08 14:56:01.853
263,3163,80,A109,วางแผนการทำงานตามวัตถุประสงค์หรือความต้องการของลูกค้า,None,2022-07-08 14:56:02.227,2022-07-08 14:56:02.227
264,3214,81,A209,สื่อสารระหว่างบุคคลและองค์กรขั้นสูง,None,2022-07-08 14:56:04.293,2022-07-08 14:56:04.293
265,3209,81,A208,รักษาจรรยาบรรณและจริยธรรมในการทำงานถ่ายภาพบุคคลขั้นสูง,None,2022-07-08 14:56:04.513,2022-07-08 14:56:04.513
266,3205,81,A207,ปฏิบัติงานโดยคำนึงถึงความปลอดภัยขั้นสูง,None,2022-07-08 14:56:04.773,2022-07-08 14:56:04.773
267,3201,81,A206,วางแผนการทำงานตามวัตถุประสงค์หรือความต้องการของลูกค้าขั้นสูง,None,2022-07-08 14:56:05.030,2022-07-08 14:56:05.030
268,3196,81,A205,จัดการไฟล์ภาพและตกแต่งภาพ,None,2022-07-08 14:56:05.283,2022-07-08 14:56:05.283
269,3222,82,A302,พัฒนาตนเองด้านความรู้วิชาชีพข่าวสื่อสิ่งพิมพ์  /ออนไลน์,None,2022-07-08 14:56:06.837,2022-07-08 14:56:06.837
270,3244,83,A308,ปฏิบัติงานโดยมีสัญชาติญาณช่างภาพข่าว(NOSE FOR  NEWS),None,2022-07-08 14:56:08.817,2022-07-08 14:56:08.817
271,3241,83,A307,สื่อสารระหว่างบุคคล  และองค์กร,None,2022-07-08 14:56:08.957,2022-07-08 14:56:08.957
272,3237,83,A306,ปฏิบัติงานกฎหมายและจรรยาบรรณในการทำงาน,None,2022-07-08 14:56:09.117,2022-07-08 14:56:09.117
273,3233,83,A305,ปฏิบัติงานให้เกิดความปลอดภัย,None,2022-07-08 14:56:09.407,2022-07-08 14:56:09.407
274,3229,83,A304,จัดการไฟล์ภาพ,None,2022-07-08 14:56:09.663,2022-07-08 14:56:09.663
275,3225,83,A303,ถ่ายภาพข่าว,None,2022-07-08 14:56:09.893,2022-07-08 14:56:09.893
276,3188,84,A203,ถ่ายภาพแต่งงาน,None,2022-07-08 14:56:11.763,2022-07-08 14:56:11.763
277,3191,85,A204,ถ่ายภาพแฟชั่น,None,2022-07-08 14:56:13.320,2022-07-08 14:56:13.320
278,3158,86,A108,จัดการไฟล์ภาพได้,None,2022-07-08 14:56:14.883,2022-07-08 14:56:14.883
279,3155,86,A107,พัฒนาความรู้เกี่ยวกับวงการถ่ายภาพ,None,2022-07-08 14:56:15.133,2022-07-08 14:56:15.133
280,3163,87,A109,วางแผนการทำงานตามวัตถุประสงค์หรือความต้องการของลูกค้า,None,2022-07-08 14:56:16.870,2022-07-08 14:56:16.870
281,3151,87,A106,ถ่ายภาพศิลปวัฒนธรรม,None,2022-07-08 14:56:17.027,2022-07-08 14:56:17.027
282,3136,87,A103,ถ่ายภาพประชาสัมพันธ์,None,2022-07-08 14:56:17.240,2022-07-08 14:56:17.240
283,3133,87,A102,ถ่ายภาพมาโคร,None,2022-07-08 14:56:17.440,2022-07-08 14:56:17.440
284,3278,88,B302,ตรวจสอบสมรรถนะการทำงานของเครื่อง,None,2022-07-08 14:56:19.140,2022-07-08 14:56:19.140
285,3275,88,B301,ควบคุมคุณภาพของงานให้อยู่ในเกณฑ์มาตรฐาน,None,2022-07-08 14:56:19.287,2022-07-08 14:56:19.287
286,3281,88,B303,ตรวจสอบสมรรถนะการทำงานของผู้ปฏิบัติงาน,None,2022-07-08 14:56:19.443,2022-07-08 14:56:19.443
287,3284,88,B304,ควบคุมการเก็บข้อมูลของลูกค้า,None,2022-07-08 14:56:19.600,2022-07-08 14:56:19.600
288,3262,89,B201,เตรียมงานก่อนการผลิต,None,2022-07-08 14:56:21.313,2022-07-08 14:56:21.313
289,3265,89,B202,ปรับแต่งภาพแบบพื้นฐาน,None,2022-07-08 14:56:21.480,2022-07-08 14:56:21.480
290,3268,89,B203,รักษาจรรยาบรรณในการปรับแต่งภาพ,None,2022-07-08 14:56:21.647,2022-07-08 14:56:21.647
291,3271,90,B204,ปรับแต่งภาพแบบดัดแปลง,Edit modified image.,2022-07-08 14:56:23.077,2022-07-08 14:56:23.077
292,3249,91,B101,เตรียมงานก่อนการผลิต,None,2022-07-08 14:56:24.723,2022-07-08 14:56:24.723
293,3252,91,B102,ปฏิบัติงานผลิตภาพระบบต่างๆ  ตามยุคสมัย,None,2022-07-08 14:56:24.917,2022-07-08 14:56:24.917
294,3255,91,B103,รักษาจรรยาบรรณในการผลิตภาพ,None,2022-07-08 14:56:25.097,2022-07-08 14:56:25.097
295,3258,91,B104,ตระหนักถึงความปลอดภัยในการทำงาน,None,2022-07-08 14:56:25.277,2022-07-08 14:56:25.277
296,3288,92,B401,เตรียมการออกแบบ,None,2022-07-08 14:56:26.847,2022-07-08 14:56:26.847
297,3291,92,B402,ออกแบบกราฟิกพื้นฐาน,None,2022-07-08 14:56:26.990,2022-07-08 14:56:26.990
298,3294,92,B403,จรรยาบรรณและลิขสิทธ์ที่เกี่ยวข้องกับการออกแบบ,None,2022-07-08 14:56:27.180,2022-07-08 14:56:27.180
299,3297,93,B404,ออกแบบกราฟิกขั้นสูง,None,2022-07-08 14:56:28.573,2022-07-08 14:56:28.573
300,3847,94,0215,ส่งมอบสินค้าจากการขนส่งสินค้าทางถนน,Deliver goods from road transportation.,2022-07-08 14:56:30.223,2022-07-08 14:56:30.223
