,id,tpqi_id,std_code,tier,characteristics,qualification,target,"create_date"
0,1,1,None,สาขาวิชาชีพอุตสาหกรรมการพิมพ์ สาขางานพิมพ์ อาชีพช่างพิมพ์ดิจิทัล  ชั้น 2, มีทักษะขั้นพื้นฐานในการปฏิบัติงานพิมพ์ดิจิทัลที่ถูกกำหนดไว้แล้ว สามารถแก้ปัญหาพื้นฐานด้านงานพิมพ์ดิจิทัลที่พบเป็นประจำโดยประยุกต์ใช้ทฤษฎี เครื่องมือและข้อมูลพื้นฐานภายใต้การควบคุมและแนะแนวของผู้บังคับบัญชา เป็นผู้ที่มีสมรรถนะการทำงานใช้ทักษะฝีมือในการปฏิบัติงานพิมพ์ดิจิทัล  1. , 1.การเลื่อนระดับคุณวุฒิวิชาชีพ(QualificationPathways)ผู้ที่เข้าสู่การทดสอบคุณวุฒิวิชาชีพช่างพิมพ์ดิจิทัลระดับฝีมือชั้น2 ต้องมีวุฒิการศึกษาขั้นต่ำคือประกาศนียบัตรวิชาชีพ(ปวช) ด้านการพิมพ์และมีประสบการณ์ทำงานด้านพิมพ์ดิจิทัลมาแล้วไม่น้อยกว่า6เดือน 2.กรณีไม่เป็นไปตามเกณฑ์ข้อ1)หากต้องการเข้าสู่คุณวุฒิวิชาชีพช่างพิมพ์ดิจิทัลระดับฝีมือชั้น2 ต้องมีประสบการณ์ทำงานพิมพ์ดิจิทัลมาแล้วไม่น้อยกว่า1ปี , (ข้อแนะนำเฉพาะสำหรับคุณวุฒิวิชาชีพนี้) N/A ,"2021-10-13 14:34:21.390"
1,2,2,None,สาขาวิชาชีพอุตสาหกรรมการพิมพ์ สาขางานพิมพ์ อาชีพช่างพิมพ์ดิจิทัล  ชั้น 3, มีทักษะระดับฝีมือเฉพาะทางและเทคนิคในการปฏิบัติงาน กระบวนการคิดและปฏิบัติที่หลากหลายสามารถแก้ปัญหาทางเทคนิคควบคู่กับการใช้คู่มือ และข้อมูลที่เกี่ยวข้องภายใต้การแนะแนวของผู้บังคับบัญชา เป็นผู้ที่มีสมรรถนะการทำงานใช้ทักษะเฉพาะทางวิเคราะห์คุณภาพงานพิมพ์ดิจิทัลได้  >1. , >1. การเลื่อนระดับคุณวุฒิวิชาชีพ(Qualification Pathways)ผู้ที่เข้าสู่การทดสอบคุณวุฒิวิชาชีพ ช่างพิมพ์ดิจิทัลระดับฝีมือชั้น3 ต้องมีความรู้และทักษะปฏิบัติงานพิมพ์ดิจิทัลขั้นพื้นฐาน และต้องเป็นผู้มีคุณสมบัติเป็นผู้ที่มีประสบการณ์ด้านพิมพ์ดิจิทัลมาไม่น้อยกว่า2 ปี , (ข้อแนะนำเฉพาะสำหรับคุณวุฒิวิชาชีพนี้) N/A ,"2021-10-13 14:34:22.367"
2,3,3,None,สาขาวิชาชีพอุตสาหกรรมการพิมพ์ สาขางานพิมพ์ อาชีพช่างพิมพ์ดิจิทัล  ชั้น 1, มีทักษะในการปฏิบัติงานพิมพ์ดิจิทัลขั้นพื้นฐานทั่วไป สามารถแก้ปัญหาพื้นฐานด้านงานพิมพ์ดิจิทัลได้อย่างจำกัด โดยมีการควบคุมดูแลอย่างใกล้ชิดจากหัวหน้างานเป็นผู้ที่มีสมรรถนะการทำงานใช้ทักษะฝีมือเบื้องต้นในการปฏิบัติงานพิมพ์ดิจิทัล  1. , 1.การเลื่อนระดับคุณวุฒิวิชาชีพ(QualificationPathways)ผู้ที่เข้าสู่การทดสอบคุณวุฒิวิชาชีพช่างพิมพ์ดิจิทัลระดับฝีมือชั้น1 ต้องมีวุฒิการศึกษาขั้นต่ำคือประกาศนียบัตรวิชาชีพ(ปวช) ด้านการพิมพ์และมีประสบการณ์ทำงานด้านพิมพ์ดิจิทัลมาแล้วไม่น้อยกว่า6เดือน 2.กรณีไม่เป็นไปตามเกณฑ์ข้อ1)หากต้องการเข้าสู่คุณวุฒิวิชาชีพช่างพิมพ์ดิจิทัลระดับฝีมือชั้น1 ต้องมีประสบการณ์ทำงานพิมพ์ดิจิทัลมาแล้วไม่น้อยกว่า1ปี , (ข้อแนะนำเฉพาะสำหรับคุณวุฒิวิชาชีพนี้) N/A ,"2021-10-13 14:34:23.407"
3,4,4,None,สาขาวิชาชีพอุตสาหกรรมการพิมพ์ สาขางานพิมพ์ อาชีพช่างพิมพ์สกรีน  ชั้น 1, มีทักษะในการปฏิบัติงานพิมพ์สกรีนขั้นพื้นฐานทั่วไป สามารถแก้ปัญหาพื้นฐานด้านงานพิมพ์สกรีนได้อย่างจำกัด โดยมีการควบคุมดูแลอย่างใกล้ชิดจากหัวหน้างานเป็นผู้ที่มีสมรรถนะการทำงานใช้ทักษะฝีมือเบื้องต้นในการปฏิบัติงานพิมพ์สกรีน  1. , 1.การเลื่อนระดับคุณวุฒิวิชาชีพ(QualificationPathways)ผู้ที่เข้าสู่การทดสอบคุณวุฒิวิชาชีพสาขาอาชีพช่างพิมพ์สกรีนระดับฝีมือชั้น 1ต้องมีวุฒิการศึกษาขั้นต่ำคือประกาศนียบัตรวิชาชีพ(ปวช) ด้านการพิมพ์และมีประสบการณ์ทำงานด้านพิมพ์สกรีนมาแล้วไม่น้อยกว่า6เดือน 2.กรณีไม่เป็นไปตามเกณฑ์ข้อ1)หากต้องการเข้าสู่คุณวุฒิวิชาชีพปฏิบัติงานพิมพ์ระดับฝีมือชั้น1 ต้องมีประสบการณ์ทำงานพิมพ์มาแล้วไม่น้อยกว่า1ปี , (ข้อแนะนำเฉพาะสำหรับคุณวุฒิวิชาชีพนี้) N/A ,"2021-10-13 14:34:24.447"
4,5,5,None,สาขาวิชาชีพอุตสาหกรรมการพิมพ์ สาขางานพิมพ์ อาชีพช่างพิมพ์สกรีน  ชั้น 2, มีทักษะขั้นพื้นฐานในการปฏิบัติงานพิมพ์สกรีนที่ถูกกำหนดไว้แล้ว สามารถแก้ปัญหาพื้นฐานด้านงานพิมพ์สกรีนที่พบเป็นประจำโดยประยุกต์ใช้ทฤษฎีเครื่องมือและข้อมูลพื้นฐานภายใต้การควบคุมและแนะแนวของผู้บังคับบัญชา เป็นผู้ที่มีสมรรถนะการทำงานใช้ทักษะฝีมือในการปฏิบัติงางพิมพ์สกรีน  1. , 1.การเลื่อนระดับคุณวุฒิวิชาชีพ(QualificationPathways)ผู้ที่เข้าสู่การทดสอบคุณวุฒิวิชาชีพช่างพิมพ์สกรีนระดับฝีมือชั้น2 ต้องมีวุฒิการศึกษาขั้นต่ำคือประกาศนียบัตรวิชาชีพ(ปวช) ด้านการพิมพ์และมีประสบการณ์ทำงานด้านพิมพ์สกรีนมาแล้วไม่น้อยกว่า6เดือน 2.กรณีไม่เป็นไปตามเกณฑ์ข้อ1)หากต้องการเข้าสู่คุณวุฒิวิชาชีพช่างพิมพ์สกรีนระดับฝีมือชั้น2 ต้องมีประสบการณ์ทำงานพิมพ์สกรีนมาแล้วไม่น้อยกว่า1ปี , (ข้อแนะนำเฉพาะสำหรับคุณวุฒิวิชาชีพนี้) N/A ,"2021-10-13 14:34:25.413"
5,6,6,None,สาขาวิชาชีพอุตสาหกรรมการพิมพ์ สาขางานพิมพ์ อาชีพช่างพิมพ์สกรีน  ชั้น 3, มีทักษะระดับฝีมือเฉพาะทางและเทคนิคในการปฏิบัติงาน กระบวนการคิดและปฏิบัติที่หลากหลายสามารถแก้ปัญหาทางเทคนิคควบคู่กับการใช้คู่มือ และข้อมูลที่เกี่ยวข้องภายใต้การแนะแนวของผู้บังคับบัญชาเป็นผู้ที่มีสมรรถนะการทำงานใช้ทักษะเฉพาะทางวิเคราะห์คุณภาพงานพิมพ์สกรีนได้  >1. , >1. การเลื่อนระดับคุณวุฒิวิชาชีพ(Qualification Pathways)ผู้ที่เข้าสู่การทดสอบคุณวุฒิวิชาชีพช่างพิมพ์สกรีน ระดับฝีมือชั้น3ต้องมีความรู้และทักษะปฏิบัติงานพิมพ์สกรีนขั้นพื้นฐาน และต้องเป็นผู้มีคุณสมบัติเป็นผู้ที่มีประสบการณ์ด้านพิมพ์สกรีนมาไม่น้อยกว่า2ปี , (ข้อแนะนำเฉพาะสำหรับคุณวุฒิวิชาชีพนี้) N/A ,"2021-10-13 14:34:26.397"
6,7,7,None,สาขาวิชาชีพอุตสาหกรรมการพิมพ์ สาขางานพิมพ์ อาชีพช่างพิมพ์สกรีน  ชั้น 4, มีทักษะทางเทคนิคในการปฏิบัติงาน มีทักษะทางความคิดและปฏิบัติหน้าที่หลากหลายครอบคลุมการปฏิบัติงาน หาข้อสรุปและการตัดสินใจแก้ปัญหาที่เกี่ยวข้องกับงานพิมพ์สกรีน โดยใช้ทฤษฎีและเทคนิคอย่างอิสระด้วยตนเองเป็นผู้ชำนาญการในอาชีพมีสมรรถนะด้านการบริหารจัดการงานพิมพ์สกรีน และการวางแผนพัฒนาบุคลากรที่ปฏิบัติงานพิมพ์สกรีนได้  >1. , >1. การเลื่อนระดับคุณวุฒิวิชาชีพ(Qualification Pathways)ผู้ที่เข้าสู่การทดสอบคุณวุฒิวิชาชีพช่างพิมพ์สกรีน ระดับฝีมือชั้น4ต้องมีวุฒิการศึกษาขั้นต่ำคือ ปริญญาตรีด้านเทคโนโลยีการพิมพ์หรือที่เกี่ยวข้อง >2. กรณีไม่เป็นไปตามเกณฑ์ข้อ1)หากต้องการเข้าสู่คุณวุฒิวิชาชีพช่างพิมพ์สกรีนระดับฝีมือชั้น4 ต้องเป็นผู้ที่มีคุณสมบัติเป็นผู้ที่ประสบการณ์ทำงานด้านบริหารงานพิมพ์สกรีนมาไม่น้อยกว่า 2ปี , (ข้อแนะนำเฉพาะสำหรับคุณวุฒิวิชาชีพนี้) N/A ,"2021-10-13 14:34:27.353"
7,8,8,None,สาขาวิชาชีพอุตสาหกรรมการพิมพ์ สาขางานพิมพ์ อาชีพช่างพิมพ์ออฟเซตป้อนม้วน ชั้น 2, มีทักษะขั้นพื้นฐานในการปฏิบัติงานพิมพ์ออฟเซตป้อนม้วนที่ถูกกำหนดไว้แล้ว สามารถแก้ปัญหาพื้นฐานด้านงานพิมพ์ออฟเซตป้อนม้วนที่พบเป็นประจำ โดยประยุกต์ใช้ทฤษฎีเครื่องมือและข้อมูลพื้นฐานภายใต้การควบคุมและแนะแนวของผู้บังคับบัญชา เป็นผู้ที่มีสมรรถนะการทำงานใช้ทักษะฝีมือในการปฏิบัติงานพิมพ์ออฟเซตป้อนม้วน  1. , 1.การเลื่อนระดับคุณวุฒิวิชาชีพ (QualificationPathways)ผู้ที่เข้าสู่การทดสอบคุณวุฒิวิชาชีพ ช่างพิมพ์ออฟเซตป้อนม้วนระดับฝีมือชั้น2ต้องมีวุฒิการศึกษาขั้นต่ำคือ ประกาศนียบัตรวิชาชีพ(ปวช) ด้านการพิมพ์และมีประสบการณ์ทำงานด้านพิมพ์ออฟเซตมาแล้วไม่น้อยกว่า6เดือน 2.กรณีไม่เป็นไปตามเกณฑ์ข้อ 1)หากต้องการเข้าสู่คุณวุฒิวิชาชีพ ช่างพิมพ์ออฟเซตป้อนม้วนระดับฝีมือชั้น2 ต้องมีประสบการณ์ทำงานพิมพ์ออฟเซตป้อนม้วนมาแล้วไม่น้อยกว่า1ปี , (ข้อแนะนำเฉพาะสำหรับคุณวุฒิวิชาชีพนี้) N/A ,"2021-10-13 14:34:28.280"
8,9,9,None,สาขาวิชาชีพอุตสาหกรรมการพิมพ์ สาขางานพิมพ์ อาชีพช่างพิมพ์ออฟเซตป้อนม้วน ชั้น 3, มีทักษะระดับฝีมือเฉพาะทางและเทคนิคในการปฏิบัติงาน กระบวนการคิดและปฏิบัติที่หลากหลายสามารถแก้ปัญหาทางเทคนิคควบคู่กับการใช้คู่มือ และข้อมูลที่เกี่ยวข้องภายใต้การแนะแนวของผู้บังคับบัญชา เป็นผู้ที่มีสมรรถนะการทำงานใช้ทักษะเฉพาะทางวิเคราะห์คุณภาพงานพิมพ์ออฟเซตป้อนม้วนได้  >1. , >1.การเลื่อนระดับคุณวุฒิวิชาชีพ (QualificationPathways)ผู้ที่เข้าสู่การทดสอบคุณวุฒิวิชาชีพ ช่างพิมพ์ออฟเซตป้อนม้วนระดับฝีมือชั้น3ต้องมีความรู้และทักษะปฏิบัติงานพิมพ์ออฟเซตขั้นพื้นฐาน และต้องเป็นผู้มีคุณสมบัติเป็นผู้ที่มีประสบการณ์ด้านพิมพ์ออฟเซตป้อนม้วนมาไม่น้อยกว่า 2ปี , (ข้อแนะนำเฉพาะสำหรับคุณวุฒิวิชาชีพนี้) N/A ,"2021-10-13 14:34:29.367"
9,10,10,None,สาขาวิชาชีพอุตสาหกรรมการพิมพ์ สาขางานพิมพ์ อาชีพช่างพิมพ์ออฟเซตป้อนม้วน ชั้น 4, มีทักษะทางเทคนิคในการปฏิบัติงาน มีทักษะทางความคิดและปฏิบัติหน้าที่หลากหลายครอบคลุมการปฏิบัติงาน หาข้อสรุปและการตัดสินใจแก้ปัญหาที่เกี่ยวข้องกับงานพิมพ์ออฟเซตป้อนม้วน โดยใช้ทฤษฎีและเทคนิคอย่างอิสระด้วยตนเองเป็นผู้ชำนาญการในอาชีพ มีสมรรถนะด้านการบริหารจัดการงานพิมพ์ออฟเซตป้อนม้วนและการวางแผนพัฒนาบุคลากรที่ปฏิบัติงานพิมพ์ออฟเซตป้อนม้วนได้  >1. , >1.การเลื่อนระดับคุณวุฒิวิชาชีพ (QualificationPathways)ผู้ที่เข้าสู่การทดสอบคุณวุฒิวิชาชีพ ช่างพิมพ์ออฟเซตป้อนม้วนระดับฝีมือชั้น4ต้องมีวุฒิการศึกษาขั้นต่ำคือปริญญาตรีด้านเทคโนโลยีการพิมพ์หรือที่เกี่ยวข้อง >2.กรณีไม่เป็นไปตามเกณฑ์ข้อ 1)หากต้องการเข้าสู่คุณวุฒิวิชาชีพ ช่างพิมพ์ออฟเซตป้อนม้วนระดับฝีมือชั้น4 ต้องเป็นผู้ที่มีคุณสมบัติเป็นผู้ที่ประสบการณ์ทำงานด้านบริหารงานพิมพ์ออฟเซตมาไม่น้อยกว่า 1ปี , (ข้อแนะนำเฉพาะสำหรับคุณวุฒิวิชาชีพนี้) N/A ,"2021-10-13 14:34:30.337"
10,11,11,None,สาขาวิชาชีพอุตสาหกรรมการพิมพ์ สาขางานพิมพ์ อาชีพช่างพิมพ์ออฟเซตป้อนม้วน ชั้น 1, มีทักษะในการปฏิบัติงานพิมพ์ออฟเซตป้อนม้วนขั้นพื้นฐานทั่วไป สามารถแก้ปัญหาพื้นฐานด้านงานพิมพ์ออฟเซตป้อนม้วนได้อย่างจำกัด โดยมีการควบคุมดูแลอย่างใกล้ชิดจากหัวหน้างานเป็นผู้ที่มีสมรรถนะการทำงานใช้ทักษะฝีมือเบื้องต้นในการปฏิบัติงานพิมพ์ออฟเซตป้อนม้วน  1. , 1.การเลื่อนระดับคุณวุฒิวิชาชีพ (QualificationPathways)ผู้ที่เข้าสู่การทดสอบคุณวุฒิวิชาชีพ ช่างพิมพ์ออฟเซตป้อนม้วนระดับฝีมือชั้น1ต้องมีวุฒิการศึกษาขั้นต่ำคือ ประกาศนียบัตรวิชาชีพ(ปวช) ด้านการพิมพ์และมีประสบการณ์ทำงานด้านพิมพ์ออฟเซตป้อนม้วนมาแล้วไม่น้อยกว่า6 เดือน 2.กรณีไม่เป็นไปตามเกณฑ์ข้อ 1)หากต้องการเข้าสู่คุณวุฒิวิชาชีพ ช่างพิมพ์ออฟเซตป้อนม้วนระดับฝีมือชั้น1 ต้องมีประสบการณ์ทำงานพิมพ์ออฟเซตป้อนม้วนมาแล้วไม่น้อยกว่า1ปี , (ข้อแนะนำเฉพาะสำหรับคุณวุฒิวิชาชีพนี้) N/A ,"2021-10-13 14:34:31.377"
11,12,12,None,สาขาวิชาชีพอุตสาหกรรมการพิมพ์ สาขางานพิมพ์ อาชีพช่างพิมพ์ออฟเซตป้อนแผ่น  ชั้น 1, มีทักษะในการปฏิบัติงานพิมพ์ออฟเซตป้อนแผ่นขั้นพื้นฐานทั่วไป สามารถแก้ปัญหาพื้นฐานด้านงานพิมพ์ออฟเซตป้อนแผ่นได้อย่างจำกัด โดยมีการควบคุมดูแลอย่างใกล้ชิดจากหัวหน้างาน เป็นผู้ที่มีสมรรถนะการทำงานใช้ทักษะฝีมือเบื้องต้นในการปฏิบัติงานพิมพ์ออฟเซตป้อนแผ่น  1. , 1.การเลื่อนระดับคุณวุฒิวิชาชีพ(QualificationPathways)ผู้ที่เข้าสู่การทดสอบคุณวุฒิวิชาชีพช่างพิมพ์ออฟเซตป้อนแผ่น ระดับฝีมือชั้น1ต้องมีวุฒิการศึกษาขั้นต่ำคือประกาศนียบัตรวิชาชีพ(ปวช) ด้านการพิมพ์และมีประสบการณ์ทำงานด้านพิมพ์ออฟเซตป้อนแผ่นมาแล้วไม่น้อยกว่า6 เดือน 2.กรณีไม่เป็นไปตามเกณฑ์ข้อ1)หากต้องการเข้าสู่คุณวุฒิวิชาชีพช่างพิมพ์ออฟเซตป้อนแผ่นระดับฝีมือชั้น 1ต้องมีประสบการณ์ทำงานพิมพ์ออฟเซตป้อนแผ่นมาแล้วไม่น้อยกว่า1ปี , (ข้อแนะนำเฉพาะสำหรับคุณวุฒิวิชาชีพนี้) N/A ,"2021-10-13 14:34:32.347"
12,13,13,None,สาขาวิชาชีพอุตสาหกรรมการพิมพ์ สาขางานพิมพ์ อาชีพช่างพิมพ์ออฟเซตป้อนแผ่น  ชั้น 2, มีทักษะขั้นพื้นฐานในการปฏิบัติงานพิมพ์ออฟเซตป้อนแผ่นที่ถูกกำหนดไว้แล้ว สามารถแก้ปัญหาพื้นฐานด้านงานพิมพ์ออฟเซตป้อนแผ่นที่พบเป็นประจำ โดยประยุกต์ใช้ทฤษฎีเครื่องมือและข้อมูลพื้นฐานภายใต้การควบคุมและแนะแนวของผู้บังคับบัญชา เป็นผู้ที่มีสมรรถนะการทำงานใช้ทักษะฝีมือในการปฏิบัติงานพิมพ์ออฟเซตป้อนแผ่น  1. , 1.การเลื่อนระดับคุณวุฒิวิชาชีพ(QualificationPathways)ผู้ที่เข้าสู่การทดสอบคุณวุฒิวิชาชีพช่างพิมพ์ออฟเซตป้อนแผ่น ระดับฝีมือชั้น2ต้องมีวุฒิการศึกษาขั้นต่ำคือประกาศนียบัตรวิชาชีพ(ปวช) ด้านการพิมพ์และมีประสบการณ์ทำงานด้านพิมพ์ออฟเซตมาแล้วไม่น้อยกว่า6เดือน 2.กรณีไม่เป็นไปตามเกณฑ์ข้อ1)หากต้องการเข้าสู่คุณวุฒิวิชาชีพช่างพิมพ์ออฟเซตป้อนแผ่นระดับฝีมือชั้น 2ต้องมีประสบการณ์ทำงานพิมพ์ออฟเซตป้อนแผ่นมาแล้วไม่น้อยกว่า1ปี , (ข้อแนะนำเฉพาะสำหรับคุณวุฒิวิชาชีพนี้) N/A ,"2021-10-13 14:34:33.313"
13,14,14,None,สาขาวิชาชีพอุตสาหกรรมการพิมพ์ สาขางานพิมพ์ อาชีพช่างพิมพ์ออฟเซตป้อนแผ่น  ชั้น 3, มีทักษะระดับฝีมือเฉพาะทางและเทคนิคในการปฏิบัติงาน กระบวนการคิดและปฏิบัติที่หลากหลายสามารถแก้ปัญหาทางเทคนิคควบคู่กับการใช้คู่มือ และข้อมูลที่เกี่ยวข้องภายใต้การแนะแนวของผู้บังคับบัญชา เป็นผู้ที่มีสมรรถนะการทำงานใช้ทักษะเฉพาะทางวิเคราะห์คุณภาพงานพิมพ์ออฟเซตป้อนแผ่นได้  >1. , >1. การเลื่อนระดับคุณวุฒิวิชาชีพ(Qualification Pathways)ผู้ที่เข้าสู่การทดสอบคุณวุฒิวิชาชีพ ช่างพิมพ์ออฟเซตป้อนแผ่นระดับฝีมือชั้น3ต้องมีความรู้และทักษะปฏิบัติงานพิมพ์ออฟเซตขั้นพื้นฐาน และต้องเป็นผู้มีคุณสมบัติเป็นผู้ที่มีประสบการณ์ด้านพิมพ์ออฟเซตป้อนแผ่นมาไม่น้อยกว่า 2ปี , (ข้อแนะนำเฉพาะสำหรับคุณวุฒิวิชาชีพนี้) N/A ,"2021-10-13 14:34:34.257"
14,15,15,None,สาขาวิชาชีพอุตสาหกรรมการพิมพ์ สาขางานพิมพ์ อาชีพช่างพิมพ์ออฟเซตป้อนแผ่น  ชั้น 4, มีทักษะทางเทคนิคในการปฏิบัติงาน มีทักษะทางความคิดและปฏิบัติหน้าที่หลากหลายครอบคลุมการปฏิบัติงาน หาข้อสรุปและการตัดสินใจแก้ปัญหาที่เกี่ยวข้องกับงานพิมพ์ออฟเซตป้อนแผ่น โดยใช้ทฤษฎีและเทคนิคอย่างอิสระด้วยตนเองเป็นผู้ชำนาญการในอาชีพ มีสมรรถนะด้านการบริหารจัดการงานพิมพ์ออฟเซตป้อนแผ่นและการวางแผนพัฒนาบุคลากรที่ปฏิบัติงานพิมพ์ออฟเซตป้อนแผ่นได้  1. , 1.การเลื่อนระดับคุณวุฒิวิชาชีพ(Qualification Pathways)ผู้ที่เข้าสู่การทดสอบคุณวุฒิวิชาชีพ ช่างพิมพ์ออฟเซตป้อนแผ่นระดับฝีมือชั้น4ต้องมีวุฒิการศึกษาขั้นต่ำคือ ปริญญาตรีด้านเทคโนโลยีการพิมพ์หรือที่เกี่ยวข้อง 2.กรณีไม่เป็นไปตามเกณฑ์ข้อ1)หากต้องการเข้าสู่คุณวุฒิวิชาชีพช่างพิมพ์ออฟเซตป้อนแผ่นระดับฝีมือชั้น 4 ต้องเป็นผู้ที่มีคุณสมบัติเป็นผู้ที่ประสบการณ์ทำงานด้านบริหารงานพิมพ์ออฟเซตมาไม่น้อยกว่า 1ปี , (ข้อแนะนำเฉพาะสำหรับคุณวุฒิวิชาชีพนี้) N/A ,"2021-10-13 14:34:35.267"
15,16,16,None,สาขาวิชาชีพโลจิสติกส์ สาขางานจัดการขนส่งสินค้าระหว่างประเทศ อาชีพผู้ให้บริการขนส่งสินค้าระหว่างประเทศ  ชั้น 2,    ปฏิบัติงานเกี่ยวกับการจัดหาและควบคุมผู้รับจัดการขนส่งสินค้าระหว่างประเทศตัวแทนออกของรับอนุญาตผู้ให้บริการคลังสินค้าผู้ให้บริการจัดการบรรจุสินค้าผู้รับขนส่งสินค้าระหว่างประเทศทางถนนและทางรางดำเนินการบรรทุกและขนส่งสินค้าทั่วไปสินค้าแบบไม่เต็มตู้คอนเทนเนอร์สินค้าอันตรายและสินค้าพิเศษปฏิบัติงานเกี่ยวกับการเตรียมการและประสานงานเพื่อการส่งออกและนำเข้าสินค้าและการส่งออกสินค้าผ่านแดนโดยบุคคลจะต้องมีคุณลักษณะดังนี้ 1.สามารถสื่อสารภาษาต่างประเทศหรือภาษาในประเทศอาเซียนในการปฏิบัติงานเบื้องต้น 2.สามารถทำงานร่วมกับผู้อื่นปรับตัวเข้ากับสังคมและสภาพแวดล้อมได้ 3.สามารถแก้ไขปัญหาพื้นฐานในการปฏิบัติงานที่พบประจำได้ 4.มีทักษะการใช้เทคโนโลยีสารสนเทศในการปฏิบัติงาน 5.มีการเรียนรู้ด้วยตนเองอย่างต่อเนื่อง , 1.ผู้ที่มีคุณวุฒิวิชาชีพชั้น2สาขาอาชีพผู้ให้บริการขนส่งสินค้าระหว่างประเทศต้องผ่านเกณฑ์การประเมินสมรรถนะอาชีพชั้น2 2.ผู้ที่มีคุณวุฒิวิชาชีพชั้น2สาขาอาชีพผู้ให้บริการขนส่งสินค้าระหว่างประเทศสามารถเลื่อนระดับคุณวุฒิวิชาชีพในระดับที่สูงขึ้นโดยไม่น้อยกว่า1ปีหลังจากได้รับคุณวุฒิวิชาชีพชั้น2 ," , ……………N/A……………………………………………………….. ","2021-10-13 14:34:36.330"
16,17,17,None,สาขาวิชาชีพโลจิสติกส์ สาขางานจัดการขนส่งสินค้าระหว่างประเทศ อาชีพผู้ให้บริการขนส่งสินค้าระหว่างประเทศ  ชั้น 3,    ปฏิบัติงานเกี่ยวกับการดำเนินการนำเสนอแผน จัดเตรียมการให้บริการวางแผนและจัดการขนส่งสินค้าระหว่างประเทศทางทะเลทางอากาศ ทางถนนทางรางและการขนส่งต่อเนื่องหลายรูปแบบ ติดตามและประเมินประสิทธิภาพตัวแทนออกของรับอนุญาตผู้ให้บริการคลังสินค้า ผู้ให้บริการจัดการบรรจุสินค้าผู้รับขนส่งสินค้าระหว่างประเทศทางถนนและทางราง จัดการขนส่งสินค้าระหว่างประเทศสำหรับสินค้าทั่วไปสินค้าแบบไม่เต็มตู้คอนเทนเนอร์สินค้าอันตรายและสินค้าพิเศษ จัดการเอกสารขออนุญาตข้อมูลด้านเทคโนโลยีและการประยุกต์ใช้ภาษาอังกฤษในการจัดการขนส่งสินค้าระหว่างประเทศโดยบุคคลจะต้องมีคุณลักษณะดังนี้ 1.มีทักษะการสื่อสารประสานงานด้วยภาษาไทย ภาษาต่างประเทศหรือภาษาในประเทศอาเซียน มีส่วนร่วมในการประสานงานกลุ่มหมู่คณะ2.สามารถแก้ไขปัญหาในการปฏิบัติงานที่พบประจำได้ 3.สามารถใช้เทคโนโลยีสารสนเทศในการปฏิบัติงาน 4.เรียนรู้และการพัฒนาตนเองในการปฏิบัติงาน , 1.ผู้ที่มีคุณวุฒิวิชาชีพชั้น3สาขาอาชีพผู้ให้บริการขนส่งสินค้าระหว่างประเทศต้องมีคุณวุฒิวิชาชีพไม่ต่ำกว่าสมรรถนะและเกณฑ์ในการปฏิบัติงานที่กำหนด 2.ผู้ที่มีคุณวุฒิวิชาชีพชั้น3สาขาอาชีพผู้ให้บริการขนส่งสินค้าระหว่างประเทศสามารถเลื่อนระดับคุณวุฒิวิชาชีพในระดับที่สูงขึ้นโดยไม่น้อยกว่า 1ปีหลังจากได้รับคุณวุฒิวิชาชีพชั้น33 ผู้ที่มีคุณวุฒิวิชาชีพชั้น3สาขาอาชีพผู้ให้บริการขนส่งสินค้าระหว่างประเทศต้องมีประสบการณ์ทำงานมาแล้วอย่างน้อย 3 ปี ," , ……………N/A……………………………………………………….. ","2021-10-13 14:34:37.350"
17,18,18,None,สาขาวิชาชีพโลจิสติกส์ สาขางานจัดการขนส่งสินค้าระหว่างประเทศ อาชีพผู้ให้บริการขนส่งสินค้าระหว่างประเทศ  ชั้น 4,   ปฏิบัติงานเกี่ยวกับการจัดทำแผนการตลาดบริการจัดการ เตรียมการนำเสนอแผนการบริการคัดเลือกตัวแทนออกของรับอนุญาต ผู้ให้บริการจัดการบรรจุสินค้าผู้รับจัดการขนส่งสินค้าระหว่างประเทศ ประเมินลักษณะสินค้าและการบรรทุกสินค้าทั่วไปสินค้าแบบไม่เต็มตู้คอนเทนเนอร์ สินค้าอันตรายและ สินค้าพิเศษวางแผนและบริหารทรัพยากรมนุษย์ในการจัดการขนส่งสินค้าระหว่างประเทศโดยบุคคลจะต้อง มีคุณลักษณะดังนี้ 1.มีทักษะการสื่อสารประสานงานด้วยภาษาไทย ภาษาต่างประเทศหรือภาษาในประเทศอาเซียน มีส่วนร่วมในการวางแผนและพัฒนากระบวนการทำงาน2.สามารถแก้ไขปัญหาที่เกี่ยวข้องกับงานโดยใช้ทฤษฎีและเทคนิคด้วยตนเอง3.สามารถประยุกต์ใช้เทคโนโลยีสารสนเทศในการปฏิบัติงาน 4.เรียนรู้และการประเมินผลการทำงานของตนเองได้ , 1.ผู้ที่มีคุณวุฒิวิชาชีพชั้น4สาขาอาชีพผู้ให้บริการขนส่งสินค้าระหว่างประเทศต้องมีคุณวุฒิวิชาชีพไม่ต่ำกว่าสมรรถนะและเกณฑ์ในการปฏิบัติงานที่กำหนด 2.ผู้ที่มีคุณวุฒิวิชาชีพ ชั้น4 สาขาอาชีพผู้ให้บริการขนส่งสินค้าระหว่างประเทศสามารถเลื่อนระดับคุณวุฒิวิชาชีพในระดับที่สูงขึ้นโดยไม่น้อยกว่า 1ปีหลังจากได้รับคุณวุฒิวิชาชีพชั้น4 3.ผู้ที่มีคุณวุฒิวิชาชีพชั้น4สาขาอาชีพผู้ให้บริการขนส่งสินค้าระหว่างประเทศต้องมีประสบการณ์ทำงานมาแล้วอย่างน้อย 5 ปี ," , ……………N/A……………………………………………………….. ","2021-10-13 14:34:38.347"
18,19,19,None,สาขาวิชาชีพโลจิสติกส์ สาขางานจัดการขนส่งสินค้าระหว่างประเทศ อาชีพผู้ให้บริการขนส่งสินค้าระหว่างประเทศ  ชั้น 5, ปฏิบัติงานเกี่ยวกับการวิเคราะห์อุตสาหกรรม จัดทำแผนการให้บริการและการจัดการข้อมูลโลจิสติกส์เพื่อใช้การจัดการขนส่งสินค้าระหว่างประเทศโดยบุคคลจะต้องมีคุณลักษณะดังนี้ 1.มีทักษะการสื่อสารภาษาต่างประเทศในระดับสากล มีส่วนร่วมในการวางแผนบริหารจัดการและกำหนดนโยบายขององค์กร 2.กำหนดแนวทางในการแก้ปัญหาที่ซับซ้อนและเลือกวิธีในการแก้ปัญหาที่เหมาะสม3.สามารถใช้เทคโนโลยีสารสนเทศในระดับสากล 4.สามารถพัฒนานวัตกรรมและเทคโนโลยีใหม่ๆได้ , 1.ผู้ที่มีคุณวุฒิวิชาชีพชั้น5สาขาอาชีพผู้ให้บริการขนส่งสินค้าระหว่างประเทศต้องมีคุณวุฒิวิชาชีพไม่ต่ำกว่าสมรรถนะและเกณฑ์ในการปฏิบัติงานที่กำหนด 2.ผู้ที่มีคุณวุฒิวิชาชีพ ชั้น5 สาขาอาชีพผู้ให้บริการขนส่งสินค้าระหว่างประเทศสามารถเลื่อนระดับคุณวุฒิวิชาชีพในระดับที่สูงขึ้นโดยไม่น้อยกว่า 1ปีหลังจากได้รับคุณวุฒิวิชาชีพชั้น5 3.ผู้ที่มีคุณวุฒิวิชาชีพชั้น5สาขาอาชีพผู้ให้บริการขนส่งสินค้าระหว่างประเทศต้องมีประสบการณ์ทำงานด้านการบริหารงานจัดการขนส่งสินค้าระหว่างประเทศไม่น้อยกว่า 7 ปี ," , ……………N/A……………………………………………………….. ","2021-10-13 14:34:39.277"
19,20,20,None,สาขาวิชาชีพโลจิสติกส์ สาขางานจัดการขนส่งสินค้าระหว่างประเทศ อาชีพผู้ให้บริการขนส่งสินค้าระหว่างประเทศ  ชั้น 6, ปฏิบัติงานเกี่ยวกับการวิเคราะห์ปัจจัยที่มีผลต่ออุตสาหกรรม เพื่อจัดทำแผนการตลาดการให้บริการจัดการขนส่งสินค้าระหว่างประเทศโดยบุคคลจะต้องมีคุณลักษณะดังนี้ 1.มีทักษะการสื่อสารภาษาต่างประเทศในระดับสากล มีส่วนร่วมในการบริหารจัดการวิเคราะห์และกำหนดนโยบายขององค์กร 2. วิเคราะห์และประเมินสถานการณ์เพื่อแก้ไขปัญหาที่ซับซ้อนและเหตุการณ์เฉพาะหน้าได้อย่างเป็นระบบและมีประสิทธิภาพ 3.พัฒนานวัตกรรมและเทคโนโลยีที่เหมาะสมกับกลุ่มอาชีพ 5.สามารถค้นคว้าวิจัยและสร้างองค์ความรู้ใหม่ๆในอาชีพ , 1.ผู้ที่มีคุณวุฒิวิชาชีพชั้น6สาขาอาชีพผู้ให้บริการขนส่งสินค้าระหว่างประเทศต้องมีคุณวุฒิวิชาชีพไม่ต่ำกว่าสมรรถนะและเกณฑ์ในการปฏิบัติงานที่กำหนด 2.ผู้ที่มีคุณวุฒิวิชาชีพชั้น6สาขาอาชีพผู้ให้บริการขนส่งสินค้าระหว่างประเทศสามารถเลื่อนระดับคุณวุฒิวิชาชีพในระดับที่สูงขึ้นโดยไม่น้อยกว่า 1ปีหลังจากได้รับคุณวุฒิวิชาชีพชั้น6 3.ผู้ที่มีคุณวุฒิวิชาชีพชั้น6สาขาอาชีพผู้ให้บริการขนส่งสินค้าระหว่างประเทศต้องมีประสบการณ์ทำงานด้านการจัดการขนส่งสินค้าระหว่างประเทศไม่น้อยกว่า 10 ปี ," , ……………N/A……………………………………………………….. ","2021-10-13 14:34:40.227"
20,21,21,None,สาขาวิชาชีพโลจิสติกส์ สาขางานจัดการคลังสินค้า สินค้าคงคลัง และการกระจายสินค้า อาชีพผู้ควบคุมคลังสินค้า  ชั้น 1, ปฏิบัติงานเกี่ยวกับการปฏิบัติตามระเบียบข้อกำหนดกฎระเบียบกฎความปลอดภัยตามหลักอาชีวอนามัยและสิ่งแวดล้อมและใช้เครื่องมือและอุปกรณ์ป้องกันความปลอดภัยในการปฏิบัติงานโดยบุคคลจะต้องมีคุณลักษณะดังนี้ 1.มีทักษะการสื่อสารขั้นพื้นฐานในการปฏิบัติงาน 2.สามารถทำงานร่วมกับผู้อื่นได้ 3.มีความสามารถในการแก้ปัญหาขั้นพื้นฐาน 4.มีทักษะการใช้เทคโนโลยีสารสนเทศพื้นฐาน 5.มีการเรียนรู้จากการปฏิบัติงานอย่างต่อเนื่อง , 1.ผู้ที่มีคุณวุฒิวิชาชีพชั้น1สาขาอาชีพผู้ควบคุมคลังสินค้าต้องผ่านเกณฑ์การประเมินสมรรถนะอาชีพชั้น1 2.ผู้ที่มีคุณวุฒิวิชาชีพชั้น1สามารถเลื่อนระดับคุณวุฒิวิชาชีพในระดับที่สูงขึ้นโดยไม่น้อยกว่า1ปีหลังจากได้รับคุณวุฒิวิชาชีพชั้น1 ," , ……………N/A……………………………………………………….. ","2021-10-13 14:34:41.143"
21,22,22,None,สาขาวิชาชีพโลจิสติกส์ สาขางานจัดการคลังสินค้า สินค้าคงคลัง และการกระจายสินค้า อาชีพผู้ควบคุมสินค้าคงคลัง  ชั้น 1, ปฏิบัติงานเกี่ยวกับการปฏิบัติตามระเบียบ ข้อกำหนดกฎระเบียบกฎความปลอดภัยตามหลัก อาชีวอนามัยและสิ่งแวดล้อมและใช้เครื่องมือและอุปกรณ์ป้องกันความปลอดภัยในการปฏิบัติงาน โดยบุคคลจะต้องมีคุณลักษณะดังนี้ 1.มีทักษะการสื่อสารขั้นพื้นฐานในการปฏิบัติงาน สามารถทำงานร่วมกับผู้อื่นได้ 2.มีความสามารถในการแก้ปัญหาขั้นพื้นฐาน 3.มีทักษะการใช้เทคโนโลยีสารสนเทศพื้นฐาน 4.มีการเรียนรู้จากการปฏิบัติงานอย่างต่อเนื่อง , 1.ผู้ที่มีคุณวุฒิวิชาชีพชั้น 1สาขาอาชีพผู้ควบคุมสินค้าคงคลัง ต้องผ่านเกณฑ์การประเมินสมรรถนะอาชีพ ชั้น1 2.ผู้ที่มีคุณวุฒิวิชาชีพชั้น1สาขาอาชีพผู้ควบคุมสินค้าคงคลัง สามารถเลื่อนระดับคุณวุฒิวิชาชีพ ในระดับที่สูงขึ้นโดยไม่น้อยกว่า1ปี หลังจากได้รับคุณวุฒิวิชาชีพชั้น1 ," , ……………N/A……………………………………………………….. ","2021-10-13 14:34:42.020"
22,23,23,None,สาขาวิชาชีพโลจิสติกส์ สาขางานจัดการคลังสินค้า สินค้าคงคลัง และการกระจายสินค้า อาชีพผู้ควบคุมคลังสินค้า  ชั้น 2, ปฏิบัติงานเกี่ยวกับการจัดเก็บและเรียงสินค้าในคลังสินค้า และการหยิบสินค้าออกจากที่เก็บ โดยบุคคลจะต้องมีคุณลักษณะดังนี้ 1.สามารถสื่อสารภาษาต่างประเทศหรือภาษาในประเทศอาเซียนในการปฏิบัติงานเบื้องต้น สามารถทำงานร่วมกับผู้อื่นปรับตัวเข้ากับสังคมและสภาพแวดล้อมได้2.สามารถแก้ไขปัญหาพื้นฐานในการปฏิบัติงานที่พบประจำได้ 3.มีทักษะการใช้เทคโนโลยีสารสนเทศในการปฏิบัติงาน 4.มีการเรียนรู้ด้วยตนเองอย่างต่อเนื่อง , 1.ผู้ที่มีคุณวุฒิวิชาชีพชั้น 2สาขาอาชีพผู้ควบคุมคลังสินค้า ต้องมีคุณวุฒิวิชาชีพไม่ต่ำกว่าสมรรถนะและเกณฑ์ในการปฏิบัติงานที่กำหนด 2.ผู้ที่มีคุณวุฒิวิชาชีพชั้น2สาขาอาชีพผู้ควบคุมคลังสินค้า สามารถเลื่อนระดับคุณวุฒิวิชาชีพในระดับที่สูงขึ้นโดยไม่น้อยกว่า 1ปีหลังจากได้รับคุณวุฒิวิชาชีพชั้น2 3.ผู้ที่มีคุณวุฒิวิชาชีพชั้น 2สาขาอาชีพผู้ควบคุมคลังสินค้า ต้องมีประสบการณ์ทำงานอย่างน้อย 2 ปี ," , ……………N/A……………………………………………………….. ","2021-10-13 14:34:42.930"
23,24,24,None,สาขาวิชาชีพโลจิสติกส์ สาขางานจัดการคลังสินค้า สินค้าคงคลัง และการกระจายสินค้า อาชีพผู้ควบคุมคลังสินค้า  ชั้น 3, ปฏิบัติงานเกี่ยวกับการตรวจรับสินค้าจากผู้ส่งมอบ นำสินค้าเข้าสู่ที่จัดเก็บจำแนกประเภทของสินค้าที่จะจัดเก็บและบรรจุสินค้าเพื่อการจ่ายสินค้า โดยบุคคลจะต้องมีคุณลักษณะดังนี้ 1.มีทักษะการสื่อสารประสานงานด้วยภาษาไทย ภาษาต่างประเทศหรือภาษาในประเทศอาเซียน มีส่วนร่วมในการประสานงานกลุ่มหมู่คณะ 3.สามารถแก้ไขปัญหาในการปฏิบัติงานที่พบประจำได้ 4.สามารถใช้เทคโนโลยีสารสนเทศในการปฏิบัติงาน 5.เรียนรู้และการพัฒนาตนเองในการปฏิบัติงาน , 1.ผู้ที่มีคุณวุฒิวิชาชีพชั้น 3สาขาอาชีพผู้ควบคุมคลังสินค้า ต้องมีคุณวุฒิวิชาชีพไม่ต่ำกว่าสมรรถนะและเกณฑ์ในการปฏิบัติงานที่กำหนด 2.ผู้ที่มีคุณวุฒิวิชาชีพชั้น3สาขาอาชีพผู้ควบคุมคลังสินค้า สามารถเลื่อนระดับคุณวุฒิวิชาชีพในระดับที่สูงขึ้นโดยไม่น้อยกว่า 1ปีหลังจากได้รับคุณวุฒิวิชาชีพชั้น3 ผู้ที่มีคุณวุฒิวิชาชีพชั้น 3สาขาอาชีพผู้ควบคุมคลังสินค้า ต้องมีประสบการณ์ทำงานอย่างน้อย 3 ปี , ……………N/A……………………………………………………….. ,"2021-10-13 14:34:43.907"
24,25,25,None,สาขาวิชาชีพโลจิสติกส์ สาขางานจัดการคลังสินค้า สินค้าคงคลัง และการกระจายสินค้า อาชีพผู้ควบคุมคลังสินค้า  ชั้น 4, ปฏิบัติงานเกี่ยวกับการวางแผนการรับสินค้าจ่ายสินค้าออกจากคลังสินค้า จัดการอำนวยความสะดวกในการรับส่งสินค้าและการจัดการภายในคลังสินค้าโดยบุคคลจะต้องมีคุณลักษณะดังนี้ 1.มีทักษะการสื่อสารประสานงานด้วยภาษาไทย ภาษาต่างประเทศหรือภาษาในประเทศอาเซียน มีส่วนร่วมในการวางแผนและพัฒนากระบวนการทำงาน 2.สามารถแก้ไขปัญหาที่เกี่ยวข้องกับงานโดยใช้ทฤษฎีและเทคนิคด้วยตนเอง 3.สามารถประยุกต์ใช้เทคโนโลยีสารสนเทศในการปฏิบัติงาน 4.เรียนรู้และการประเมินผลการทำงานของตนเองได้ , 1.ผู้ที่มีคุณวุฒิวิชาชีพชั้น 4สาขาอาชีพผู้ควบคุมคลังสินค้า ต้องมีคุณวุฒิวิชาชีพไม่ต่ำกว่าสมรรถนะและเกณฑ์ในการปฏิบัติงานที่กำหนด2.ผู้ที่มีคุณวุฒิวิชาชีพชั้น4สาขาอาชีพผู้ควบคุมคลังสินค้า สามารถเลื่อนระดับคุณวุฒิวิชาชีพในระดับที่สูงขึ้นโดยไม่น้อยกว่า 2ปีหลังจากได้รับคุณวุฒิวิชาชีพชั้น43.ผู้ที่มีคุณวุฒิวิชาชีพชั้น 4สาขาอาชีพผู้ควบคุมคลังสินค้า ต้องมีประสบการณ์ทำงานอย่างน้อย 5 ปี ," , ……………N/A……………………………………………………….. ","2021-10-13 14:34:44.883"
25,26,26,None,สาขาวิชาชีพโลจิสติกส์ สาขางานจัดการคลังสินค้า สินค้าคงคลัง และการกระจายสินค้า อาชีพผู้ควบคุมการกระจายสินค้า  ชั้น 4, ปฏิบัติงานเกี่ยวกับการวางแผนจัดเตรียมสินค้าเพื่อการกระจายสินค้า จัดส่งสินค้าให้กับหน่วยงานขนส่งรับคืนสินค้าจากลูกค้าและจัดการภายในศูนย์กระจายสินค้าเพื่อให้มีประสิทธิภาพ โดยบุคคลจะต้องมีคุณลักษณะดังนี้ 1.มีทักษะการสื่อสารประสานงานด้วยภาษาไทย ภาษาต่างประเทศหรือภาษาในประเทศอาเซียน มีส่วนร่วมในการวางแผนและพัฒนากระบวนการทำงาน2.สามารถแก้ไขปัญหาที่เกี่ยวข้องกับงานโดยใช้ทฤษฎีและเทคนิคด้วยตนเอง 4.สามารถประยุกต์ใช้เทคโนโลยีสารสนเทศในการปฏิบัติงาน 5.เรียนรู้และการประเมินผลการทำงานของตนเองได้ , 1.ผู้ที่มีคุณวุฒิวิชาชีพชั้น 4สาขาอาชีพผู้ควบคุมการกระจายสินค้า ต้องมีคุณวุฒิไม่ต่ำกว่าสมรรถนะและเกณฑ์ในการปฏิบัติงานที่กำหนด 2.ผู้ที่มีคุณวุฒิวิชาชีพชั้น4สาขาอาชีพผู้ควบคุมการกระจายสินค้า สามารถเลื่อนระดับคุณวุฒิวิชาชีพในระดับที่สูงขึ้นโดยไม่น้อยกว่า2ปีหลังจากได้รับคุณวุฒิวิชาชีพชั้น4 3.ผู้ที่มีคุณวุฒิวิชาชีพชั้น 4สาขาอาชีพผู้ควบคุมการกระจายสินค้า ต้องมีประสบการณ์ทำงาน อย่างน้อย5 ปี ," , ……………N/A……………………………………………………….. ","2021-10-13 14:34:45.937"
26,27,27,None,สาขาวิชาชีพโลจิสติกส์ สาขางานจัดการคลังสินค้า สินค้าคงคลัง และการกระจายสินค้า อาชีพผู้ควบคุมสินค้าคงคลัง  ชั้น 4, ปฏิบัติงานเกี่ยวกับการตรวจสอบจำนวนและคุณภาพสินค้าคงคลังกับเอกสารที่กำหนด ตรวจสอบเอกสารรายการสินค้าให้ตรงกับสินค้าคงคลังและจัดการสินค้าคงคลังเพื่อให้มีประสิทธิภาพ โดยบุคคลจะต้องมีคุณลักษณะดังนี้ 1.มีทักษะการสื่อสารประสานงานด้วยภาษาไทย ภาษาต่างประเทศหรือภาษาในประเทศอาเซียน มีส่วนร่วมในการวางแผนและพัฒนากระบวนการทำงาน 2.สามารถแก้ไขปัญหาที่เกี่ยวข้องกับงานโดยใช้ทฤษฎีและเทคนิคด้วยตนเอง3.สามารถประยุกต์ใช้เทคโนโลยีสารสนเทศในการปฏิบัติงาน 4.เรียนรู้และการประเมินผลการทำงานของตนเองได้ , 1.ผู้ที่มีคุณวุฒิวิชาชีพชั้น 4สาขาอาชีพผู้ควบคุมสินค้าคงคลัง ต้องมีคุณวุฒิไม่ต่ำกว่าสมรรถนะและเกณฑ์ในการปฏิบัติงานที่กำหนด 2.ผู้ที่มีคุณวุฒิวิชาชีพชั้น4สาขาอาชีพผู้ควบคุมสินค้าคงคลัง สามารถเลื่อนระดับคุณวุฒิวิชาชีพในระดับที่สูงขึ้นโดยไม่น้อยกว่า 2ปีหลังจากได้รับคุณวุฒิวิชาชีพชั้น4 3.ผู้ที่มีคุณวุฒิวิชาชีพชั้น 4สาขาอาชีพผู้ควบคุมสินค้าคงคลัง ต้องมีประสบการณ์ทำงานอย่างน้อย5ปี ," , ……………N/A……………………………………………………….. ","2021-10-13 14:34:46.860"
27,28,28,None,สาขาวิชาชีพโลจิสติกส์ สาขางานจัดการคลังสินค้า สินค้าคงคลัง และการกระจายสินค้า อาชีพผู้บริหารงานคลังสินค้า  ชั้น 5, ปฏิบัติงานเกี่ยวกับการวางแผนการรับสินค้า การควบคุมการปฏิบัติงานและการประยุกต์ใช้เทคโนโลยีเพื่อการบริหารเพิ่มมูลค่าของคลังสินค้าโดยบุคคลจะต้องมีคุณลักษณะดังนี้ 1.มีทักษะการสื่อสารภาษาต่างประเทศในระดับสากล มีส่วนร่วมในการวางแผนบริหารจัดการและกำหนดนโยบายขององค์กร2.กำหนดแนวทางในการแก้ปัญหาที่ซับซ้อนและเลือกวิธีในการแก้ปัญหาที่เหมาะสม 3.สามารถใช้เทคโนโลยีสารสนเทศในระดับสากล 4.สามารถพัฒนานวัตกรรมและเทคโนโลยีใหม่ๆได้ , 1.ผู้ที่มีคุณวุฒิวิชาชีพชั้น 5สาขาอาชีพผู้บริหารงานคลังสินค้า ต้องมีคุณวุฒิวิชาชีพไม่ต่ำกว่าสมรรถนะและเกณฑ์ในการปฏิบัติงานที่กำหนด 2.ผู้ที่มีคุณวุฒิวิชาชีพชั้น5สาขาอาชีพผู้บริหารงานคลังสินค้า สามารถเลื่อนระดับคุณวุฒิวิชาชีพในระดับที่สูงขึ้นโดยไม่น้อยกว่า2ปีหลังจากได้รับคุณวุฒิวิชาชีพชั้น5 3.ผู้ที่มีคุณวุฒิวิชาชีพชั้น 5สาขาอาชีพผู้บริหารงานคลังสินค้า ต้องมีประสบการณ์ทำงานอย่างน้อย7ปีและมีประสบการณ์ทำงานด้านการบริหารงานคลังสินค้าไม่น้อยกว่า2ปี ," , ……………N/A……………………………………………………….. ","2021-10-13 14:34:47.783"
28,29,29,None,สาขาวิชาชีพโลจิสติกส์ สาขางานจัดการคลังสินค้า สินค้าคงคลัง และการกระจายสินค้า อาชีพผู้บริหารงานสินค้าคงคลัง  ชั้น 5, ปฏิบัติงานเกี่ยวกับการการวางแผนการจัดการสินค้าคงคลังให้สอดคล้องกับความต้องการของแผนการผลิต จัดการต้นทุนสินค้าคงคลัง ควบคุมสินค้าคงคลังให้สอดคล้องกับการปฏิบัติงานและกำหนดแนวทาง การแก้ไขและป้องกันปัญหาในการจัดการสินค้าคงคลังโดยบุคคลจะต้องมีคุณลักษณะดังนี้ 1.มีทักษะการสื่อสารภาษาต่างประเทศในระดับสากล มีส่วนร่วมในการวางแผนบริหารจัดการและกำหนดนโยบายขององค์กร 2.กำหนดแนวทางในการแก้ปัญหาที่ซับซ้อนและเลือกวิธีในการแก้ปัญหาที่เหมาะสม 3.สามารถใช้เทคโนโลยีสารสนเทศในระดับสากล 4.สามารถพัฒนานวัตกรรมและเทคโนโลยีใหม่ๆได้ , 1.ผู้ที่มีคุณวุฒิวิชาชีพชั้น 5สาขาอาชีพผู้บริหารงานสินค้าคงคลัง ต้องมีคุณวุฒิไม่ต่ำกว่าสมรรถนะและเกณฑ์ในการปฏิบัติงานที่กำหนด 2.ผู้ที่มีคุณวุฒิวิชาชีพชั้น5สาขาอาชีพผู้บริหารงานสินค้าคงคลัง สามารถเลื่อนระดับคุณวุฒิวิชาชีพในระดับที่สูงขึ้นโดยไม่น้อยกว่า2ปีหลังจากได้รับคุณวุฒิวิชาชีพชั้น5 3.ผู้ที่มีคุณวุฒิวิชาชีพชั้น 5สาขาอาชีพผู้บริหารงานสินค้าคงคลัง ต้องมีประสบการณ์ทำงานอย่างน้อย7ปี และมีประสบการณ์ทำงานด้านการบริหารงานคลังสินค้าไม่น้อยกว่า2ปี ," , ……………N/A……………………………………………………….. ","2021-10-13 14:34:48.760"
29,30,30,None,สาขาวิชาชีพโลจิสติกส์ สาขางานจัดการคลังสินค้า สินค้าคงคลัง และการกระจายสินค้า อาชีพผู้บริหารงานคลังสินค้า  ชั้น 6,     ปฏิบัติงานเกี่ยวกับการประเมินผลและควบคุม วางแผนการเพิ่มมูลค่าและการปรับปรุงประสิทธิภาพการทำงานภายในคลังสินค้าโดยบุคคลจะต้องมีคุณลักษณะดังนี้ 1.มีทักษะการสื่อสารภาษาต่างประเทศในระดับสากล มีส่วนร่วมในการบริหารจัดการวิเคราะห์และกำหนดนโยบายขององค์กร2.วิเคราะห์และประเมินสถานการณ์เพื่อแก้ไขปัญหาที่ซับซ้อนและเหตุการณ์เฉพาะหน้าได้อย่างเป็นระบบและมีประสิทธิภาพ 3.พัฒนานวัตกรรมและเทคโนโลยีที่เหมาะสมกับกลุ่มอาชีพ 5.สามารถค้นคว้าวิจัยและสร้างองค์ความรู้ใหม่ๆในอาชีพ , 1.ผู้ที่มีคุณวุฒิวิชาชีพชั้น 6สาขาอาชีพผู้บริหารงานคลังสินค้า ต้องมีคุณวุฒิไม่ต่ำกว่าสมรรถนะและเกณฑ์ในการปฏิบัติงานที่กำหนด 2.ผู้ที่มีคุณวุฒิวิชาชีพชั้น6สาขาอาชีพผู้บริหารงานคลังสินค้า สามารถเลื่อนระดับคุณวุฒิวิชาชีพในระดับที่สูงขึ้นโดยไม่น้อยกว่า2ปีหลังจากได้รับคุณวุฒิวิชาชีพชั้น6 3.ผู้ที่มีคุณวุฒิวิชาชีพชั้น 6สาขาอาชีพผู้บริหารงานคลังสินค้า ต้องมีประสบการณ์ทำงาอย่างน้อย 10 ปีและมีประสบการณ์ทำงานด้านการบริหารงานคลังสินค้า หรือมีประสบการณ์การบริหารหน่วยงาน ไม่น้อยกว่า5ปี ," , ……………N/A……………………………………………………….. ","2021-10-13 14:34:50.727"
30,31,31,None,สาขาวิชาชีพโลจิสติกส์ สาขางานจัดการคลังสินค้า สินค้าคงคลัง และการกระจายสินค้า อาชีพผู้บริหารงานควบคุมการกระจายสินค้า  ชั้น 6,   ปฏิบัติงานเกี่ยวกับการประเมินผลและควบคุมวางแผน การเพิ่มมูลค่าและการปรับปรุงประสิทธิภาพการทำงานภายในคลังสินค้า โดยบุคคลจะต้องมีคุณลักษณะดังนี้1.มีทักษะการสื่อสารภาษาต่างประเทศในระดับสากล มีส่วนร่วมในการบริหารจัดการวิเคราะห์และกำหนดนโยบายขององค์กร 3. วิเคราะห์และประเมินสถานการณ์เพื่อแก้ไขปัญหาที่ซับซ้อนและเหตุการณ์เฉพาะหน้าได้อย่างเป็นระบบและมีประสิทธิภาพ 4.พัฒนานวัตกรรมและเทคโนโลยีที่เหมาะสมกับกลุ่มอาชีพ 5.สามารถค้นคว้าวิจัยและสร้างองค์ความรู้ใหม่ๆในอาชีพ , 1.ผู้ที่มีคุณวุฒิวิชาชีพชั้น 6สาขาอาชีพผู้บริหารงานควบคุมการกระจายสินค้า ต้องมีคุณวุฒิไม่ต่ำกว่าสมรรถนะและเกณฑ์ในการปฏิบัติงานที่กำหนด 2.ผู้ที่มีคุณวุฒิวิชาชีพชั้น6สาขาอาชีพผู้บริหารงานควบคุมการกระจายสินค้า สามารถเลื่อนระดับคุณวุฒิวิชาชีพในระดับที่สูงขึ้นโดยไม่น้อยกว่า2ปีหลังจากได้รับคุณวุฒิวิชาชีพชั้น6 3.ผู้ที่มีคุณวุฒิวิชาชีพชั้น 6สาขาอาชีพผู้บริหารงานควบคุมการกระจายสินค้า ต้องมีประสบการณ์ทำงานอย่างน้อย10ปี และมีประสบการณ์ทำงานด้านการบริหารงานคลังสินค้า หรือมีประสบการณ์การบริหารหน่วยงานไม่น้อยกว่า5ปี ," , ……………N/A……………………………………………………….. ","2021-10-13 14:34:52.070"
31,32,32,None,สาขาวิชาชีพโลจิสติกส์ สาขางานจัดการคลังสินค้า สินค้าคงคลัง และการกระจายสินค้า อาชีพผู้บริหารงานสินค้าคงคลัง  ชั้น 6, ปฏิบัติงานเกี่ยวกับการพยากรณ์อุปสงค์ในการจัดการสินค้าคงคลัง กำหนดดัชนีชี้วัดความสำเร็จ ของงานประเมินผลและการควบคุมการปฏิบัติงานโดยบุคคลจะต้องมีคุณลักษณะดังนี้ 1.มีทักษะการสื่อสารภาษาต่างประเทศในระดับสากล มีส่วนร่วมในการบริหารจัดการวิเคราะห์และกำหนดนโยบายขององค์กร 2. วิเคราะห์และประเมินสถานการณ์เพื่อแก้ไขปัญหาที่ซับซ้อนและเหตุการณ์เฉพาะหน้าได้อย่างเป็นระบบและมีประสิทธิภาพ 3.พัฒนานวัตกรรมและเทคโนโลยีที่เหมาะสมกับกลุ่มอาชีพ 5.สามารถค้นคว้าวิจัยและสร้างองค์ความรู้ใหม่ๆในอาชีพ , 1.ผู้ที่มีคุณวุฒิวิชาชีพชั้น 6สาขาอาชีพผู้บริหารงานสินค้าคงคลัง ต้องมีคุณวุฒิไม่ต่ำกว่าสมรรถนะและเกณฑ์ในการปฏิบัติงานที่กำหนด 2.ผู้ที่มีคุณวุฒิวิชาชีพชั้น6สาขาอาชีพผู้บริหารงานสินค้าคงคลัง สามารถเลื่อนระดับคุณวุฒิวิชาชีพในระดับที่สูงขึ้นโดยไม่น้อยกว่า2ปีหลังจากได้รับคุณวุฒิวิชาชีพชั้น6 ผู้ที่มีคุณวุฒิวิชาชีพชั้น 63.สาขาอาชีพผู้บริหารงานสินค้าคงคลัง ต้องมีประสบการณ์ทำงาน อย่างน้อย10 ปีและมีประสบการณ์ทำงานด้านการบริหารงานคลังสินค้า หรือมีประสบการณ์การบริหารหน่วยงานไม่น้อยกว่า5ปี ," , ……………N/A……………………………………………………….. ","2021-10-13 14:34:52.973"
32,33,33,None,สาขาวิชาชีพโลจิสติกส์ สาขางานจัดการคลังสินค้า สินค้าคงคลัง และการกระจายสินค้า อาชีพผู้บริหารงานควบคุมการกระจายสินค้า  ชั้น 7, ปฏิบัติงานเกี่ยวกับการบริหารงบประมาณและทรัพยากรในจัดการกระจายสินค้า โดยบุคคลจะต้องมีคุณลักษณะดังนี้ 1.มีทักษะการสื่อสารภาษาต่างประเทศในระดับสากล มีส่วนร่วมในการบริหารจัดการระบบ นวัตกรรมการทำงานและการพัฒนาบุคลกากรอย่างต่อเนื่อง 2.สามารถสังเคราะห์ประเมินแก้ไขปัญหาวิกฤตขององค์กรได้3.คิดค้นนวัตกรรมและเทคโนโลยีที่เหมาะสมกับกลุ่มอาชีพ4.สามารถคิดค้นกระบวนการสร้างองค์ความรู้ใหม่ๆ และพัฒนาการจัดการบริหารองค์กร , 1.ผู้ที่มีคุณวุฒิวิชาชีพชั้น 7สาขาอาชีพผู้บริหารงานควบคุมการกระจายสินค้า ต้องมีคุณวุฒิไม่ต่ำกว่าสมรรถนะและเกณฑ์ในการปฏิบัติงานที่กำหนด 2.ผู้ที่มีคุณวุฒิวิชาชีพชั้น 7สาขาอาชีพผู้บริหารงานควบคุมการกระจายสินค้า ต้องมีประสบการณ์ทำงานอย่างน้อย15ปี และมีประสบการณ์ทำงานด้านการบริหารงานคลังสินค้า หรือมีประสบการณ์การบริหารหน่วยงานไม่น้อยกว่า8ปี ," , ……………N/A……………………………………………………….. ","2021-10-13 14:34:53.933"
33,34,34,None,สาขาวิชาชีพโลจิสติกส์ สาขางานจัดการคลังสินค้า สินค้าคงคลัง และการกระจายสินค้า อาชีพผู้บริหารงานสินค้าคงคลัง  ชั้น 7, ปฏิบัติงานเกี่ยวกับการบริหารงบประมาณและทรัพยากรในการจัดการสินค้าคงคลัง โดยบุคคลจะต้องมีคุณลักษณะดังนี้ 1.มีทักษะการสื่อสารภาษาต่างประเทศในระดับสากล มีส่วนร่วมในการบริหารจัดการระบบ นวัตกรรมการทำงานและการพัฒนาบุคลกากรอย่างต่อเนื่อง 2.สามารถสังเคราะห์ประเมินแก้ไขปัญหาวิกฤตขององค์กรได้ 3.คิดค้นนวัตกรรมและเทคโนโลยีที่เหมาะสมกับกลุ่มอาชีพ 4.สามารถคิดค้นกระบวนการสร้างองค์ความรู้ใหม่ๆและพัฒนาการจัดการบริหารองค์กร , 1.ผู้ที่มีคุณวุฒิวิชาชีพชั้น 7สาขาอาชีพผู้บริหารงานสินค้าคงคลัง ต้องมีคุณวุฒิไม่ต่ำกว่าสมรรถนะและเกณฑ์ในการปฏิบัติงานที่กำหนด 2.ผู้ที่มีคุณวุฒิวิชาชีพชั้น 7สาขาอาชีพผู้บริหารงานสินค้าคงคลัง ต้องมีประสบการณ์ทำงานอย่างน้อย15ปี และมีประสบการณ์ทำงานด้านการบริหารงานคลังสินค้า หรือมีประสบการณ์การบริหารหน่วยงานไม่น้อยกว่า8ปี ," , ……………N/A……………………………………………………….. ","2021-10-13 14:34:54.967"
34,35,35,None,สาขาวิชาชีพโลจิสติกส์ สาขางานจัดการคลังสินค้า สินค้าคงคลัง และการกระจายสินค้า อาชีพผู้บริหารงานคลังสินค้า  ชั้น 7, ปฏิบัติงานเกี่ยวกับการบริหารงบประมาณและทรัพยากรภายในคลังสินค้าโดยบุคคลจะต้องมีคุณลักษณะดังนี้ 1.มีทักษะการสื่อสารภาษาต่างประเทศในระดับสากล มีส่วนร่วมในการบริหารจัดการระบบ นวัตกรรมการทำงานและการพัฒนาบุคลกากรอย่างต่อเนื่อง 2.สามารถสังเคราะห์ประเมินแก้ไขปัญหาวิกฤตขององค์กรได้3.คิดค้นนวัตกรรมและเทคโนโลยีที่เหมาะสมกับกลุ่มอาชีพ 4.สามารถคิดค้นกระบวนการสร้างองค์ความรู้ใหม่ๆ และพัฒนาการจัดการบริหารองค์กร , 1.ผู้ที่มีคุณวุฒิวิชาชีพชั้น 7 สาขาอาชีพผู้บริหารงานคลังสินค้า ต้องมีคุณวุฒิไม่ต่ำกว่าสมรรถนะและเกณฑ์ในการปฏิบัติงานที่กำหนด 2.ผู้ที่มีคุณวุฒิวิชาชีพชั้น 7สาขาอาชีพผู้บริหารงานคลังสินค้า ต้องมีประสบการณ์ทำงานอย่างน้อย15ปี และมีประสบการณ์ทำงานด้านการบริหารงานคลังสินค้า หรือมีประสบการณ์การบริหารหน่วยงาน ไม่น้อยกว่า8ปี ," , ……………N/A……………………………………………………….. ","2021-10-13 14:34:55.907"
35,36,36,None,สาขาวิชาชีพโลจิสติกส์ สาขางานจัดการคลังสินค้า สินค้าคงคลัง และการกระจายสินค้า อาชีพผู้บริหารงานควบคุมการกระจายสินค้า  ชั้น 5,   ปฏิบัติงานเกี่ยวกับการวางแผนจัดเตรียมสินค้าเพื่อการกระจายสินค้า จัดส่งสินค้าให้กับหน่วยงานขนส่งกำหนดแนวทางการแก้ไขและป้องกันปัญหาภายในศูนย์กระจายสินค้า และการประยุกต์ใช้เทคโนโลยีเพื่อการบริหารเพิ่มมูลค่าของคลังสินค้าโดยบุคคลจะต้องมีคุณลักษณะดังนี้ 1.มีทักษะการสื่อสารภาษาต่างประเทศในระดับสากล มีส่วนร่วมในการวางแผนบริหารจัดการและกำหนดนโยบายขององค์กร 2.กำหนดแนวทางในการแก้ปัญหาที่ซับซ้อนและเลือกวิธีในการแก้ปัญหาที่เหมาะสม3.สามารถใช้เทคโนโลยีสารสนเทศในระดับสากล4.สามารถพัฒนานวัตกรรมและเทคโนโลยีใหม่ๆได้ , 1.ผู้ที่มีคุณวุฒิวิชาชีพชั้น 5สาขาอาชีพผู้บริหารงานควบคุมการกระจายสินค้า ต้องมีคุณวุฒิไม่ต่ำกว่าสมรรถนะและเกณฑ์ในการปฏิบัติงานที่กำหนด 2.ผู้ที่มีคุณวุฒิวิชาชีพชั้น5สาขาอาชีพผู้บริหารงานควบคุมการกระจายสินค้า สามารถเลื่อนระดับคุณวุฒิวิชาชีพในระดับที่สูงขึ้นโดยไม่น้อยกว่า1ปีหลังจากได้รับคุณวุฒิวิชาชีพชั้น5 3.ผู้ที่มีคุณวุฒิวิชาชีพชั้น5สาขาอาชีพผู้บริหารงานควบคุมการกระจายสินค้าต้องมีประสบการณ์ทำงานอย่างน้อย7ปีและมีประสบการณ์ทำงานด้านการบริหารงานคลังสินค้าไม่น้อยกว่า2ปี ," , ……………N/A……………………………………………………….. ","2021-10-13 14:34:56.977"
36,37,37,None,สาขาวิชาชีพโลจิสติกส์ สาขางานส่งออกและนำเข้า อาชีพเจ้าหน้าที่ธุรการส่งออกและนำเข้า  ชั้น 1, ปฏิบัติงานเกี่ยวกับการเตรียมการยื่นขอคำร้องเพื่อขอเป็นตัวแทนรับอนุญาตส่งออกจากกรมศุลกากรโดยบุคคลจะต้องมีคุณลักษณะดังนี้ 1.มีทักษะการสื่อสารขั้นพื้นฐานในการปฏิบัติงาน สามารถทำงานร่วมกับผู้อื่นได้2.มีความสามารถในการแก้ปัญหาขั้นพื้นฐาน 3.มีทักษะการใช้เทคโนโลยีสารสนเทศพื้นฐาน 4.มีการเรียนรู้จากการปฏิบัติงานอย่างต่อเนื่อง , 1.ผู้ที่เข้าสู่การทดสอบคุณวุฒิวิชาชีพเจ้าหน้าที่ธุรการส่งออกและนำเข้าต้องมีประสบการณ์เกี่ยวกับการจัดทำเอกสารส่งออกและนำเข้าไม่น้อยกว่า2ปีต้องมีคุณวุฒิไม่ต่ำกว่าสมรรถนะและเกณฑ์ในการปฏิบัติงานที่กำหนดไว้ 2.ผู้ที่มีคุณวุฒิวิชาชีพเจ้าหน้าที่ธุรการส่งออกและนำเข้าชั้น1สามารถเลื่อนระดับคุณวุฒิวิชาชีพ ในระดับที่สูงขึ้นไม่น้อยกว่า1 ปีหลังจากได้รับคุณวุฒิวิชาชีพชั้น1 ," , N/A.. ","2021-10-13 14:34:57.913"
37,38,38,None,สาขาวิชาชีพโลจิสติกส์ สาขางานส่งออกและนำเข้า อาชีพเจ้าหน้าที่อาวุโสส่งออกและนำเข้า  ชั้น 2,   ปฏิบัติงานเกี่ยวกับการเตรียมการและประสานงานเพื่อการส่งออกและนำเข้าสินค้าและการส่งออกสินค้าผ่านแดนโดยบุคคลจะต้องมีคุณลักษณะดังนี้ 1.สามารถสื่อสารภาษาต่างประเทศหรือภาษาในประเทศอาเซียนในการปฏิบัติงานเบื้องต้นสามารถทำงานร่วมกับผู้อื่นปรับตัวเข้ากับสังคมและสภาพแวดล้อมได้ 2.สามารถแก้ไขปัญหาพื้นฐานในการปฏิบัติงานที่พบประจำได้ 3.มีทักษะการใช้เทคโนโลยีสารสนเทศในการปฏิบัติงาน 4.มีการเรียนรู้ด้วยตนเองอย่างต่อเนื่อง , 1.ผู้ที่เข้าสู่การทดสอบคุณวุฒิวิชาชีพเจ้าหน้าที่อาวุโสส่งออกและนำเข้าสินค้าต้องมีประสบการณ์เกี่ยวกับการจัดทำเอกสารส่งออกและนำเข้าไม่น้อยกว่า2ปีต้องมีคุณวุฒิไม่ต่ำกว่าสมรรถนะและเกณฑ์ในการปฏิบัติงานที่กำหนดไว้ 2.ผู้ที่มีคุณวุฒิวิชาชีพเจ้าหน้าที่อาวุโสส่งออกและนำเข้าสินค้าชั้น2สามารถเลื่อนระดับคุณวุฒิวิชาชีพในระดับที่สูงขึ้นไม่น้อยกว่า2ปีหลังจากได้รับคุณวุฒิวิชาชีพชั้น2 ," , N/A.. ","2021-10-13 14:34:58.837"
38,39,39,None,สาขาวิชาชีพโลจิสติกส์ สาขางานส่งออกและนำเข้า อาชีพผู้ผ่านพิธีการศุลกากรรับอนุญาต  ชั้น 3,   ปฏิบัติงานเกี่ยวกับการดำเนินการพิธีการศุลกากร ตรวจปล่อยส่งมอบสินค้าไปยังประเทศปลายทางผ่านพิธีการศุลกากรและตรวจปล่อยสินค้า รับมอบสินค้าสำหรับการนำเข้าและการผ่านพิธีการศุลกากรและตรวจปล่อยสินค้าผ่านแดนโดยบุคคลจะต้องมีคุณลักษณะดังนี้ 1.มีทักษะการสื่อสารประสานงานด้วยภาษาไทย ภาษาต่างประเทศหรือภาษาในประเทศอาเซียน มีส่วนร่วมในการประสานงานกลุ่มหมู่คณะ 2.สามารถแก้ไขปัญหาในการปฏิบัติงานที่พบประจำได้ 3.สามารถใช้เทคโนโลยีสารสนเทศในการปฏิบัติงาน 4.เรียนรู้และการพัฒนาตนเองในการปฏิบัติงาน , 1.ผู้ที่เข้าสู่การทดสอบคุณวุฒิวิชาชีพผู้ผ่านพิธีการศุลกากรรับอนุญาต ต้องมีประสบการณ์เกี่ยวกับการปฏิบัติพิธีการศุลกากรไม่น้อยกว่า3ปีและผ่านการสอบเป็นผู้ผ่านพิธีการรับอนุญาตจากกรมศุลกากรต้องมีคุณวุฒิไม่ต่ำกว่าสมรรถนะและเกณฑ์ในการปฏิบัติงานที่กำหนดไว้ 2.ผู้ที่มีคุณวุฒิวิชาชีพผู้ผ่านพิธีการศุลกากรรับอนุญาต ชั้น3สามารถเลื่อนระดับคุณวุฒิวิชาชีพในระดับที่สูงขึ้น ไม่น้อยกว่า3ปีหลังจากได้รับคุณวุฒิวิชาชีพชั้น3 ," , N/A.. ","2021-10-13 14:34:59.807"
39,40,40,None,สาขาวิชาชีพโลจิสติกส์ สาขางานส่งออกและนำเข้า อาชีพผู้ชำนาญการศุลกากร  ชั้น 4,   ปฏิบัติงานเกี่ยวกับการดำเนินการพิธีการศุลกากร ตรวจปล่อยขนถ่ายสินค้าผ่านแดนส่งมอบสินค้าไปยังประเทศปลายทาง ผ่านพิธีการศุลกากรและตรวจปล่อยสินค้ารับมอบสินค้าสำหรับการนำเข้า ดำเนินการเตรียมการและประสานงานการนำเข้าสินค้าผ่านแดนโดยบุคคลจะต้องมีคุณลักษณะดังนี้ 1.มีทักษะการสื่อสารประสานงานด้วยภาษาไทย ภาษาต่างประเทศหรือภาษาในประเทศอาเซียน มีส่วนร่วมในการวางแผนและพัฒนากระบวนการทำงาน2.สามารถแก้ไขปัญหาที่เกี่ยวข้องกับงานโดยใช้ทฤษฎีและเทคนิคด้วยตนเอง 3.สามารถประยุกต์ใช้เทคโนโลยีสารสนเทศในการปฏิบัติงาน4.เรียนรู้และการประเมินผลการทำงานของตนเองได้ , 1.ผู้ที่เข้าสู่การทดสอบคุณวุฒิวิชาชีพผู้ชำนาญการศุลกากร ต้องมีประสบการณ์เกี่ยวกับการผ่าน พิธีการศุลกากรไม่น้อยกว่า5ปีและผ่านการสอบให้เป็นผู้ผ่านพิธีการรับอนุญาตจากกรมศุลกากรต้องมีคุณวุฒิไม่ต่ำกว่าสมรรถนะและเกณฑ์ในการปฏิบัติงานที่กำหนดไว้ 2.ผู้ที่มีคุณวุฒิวิชาชีพผู้ชำนาญการศุลกากรชั้น4สามารถเลื่อนระดับคุณวุฒิวิชาชีพในระดับที่สูงขึ้น ไม่น้อยกว่า3ปีหลังจากได้รับคุณวุฒิวิชาชีพชั้น4 ," , N/A.. ","2021-10-13 14:35:00.713"
40,41,41,None,สาขาวิชาชีพโลจิสติกส์ สาขาจัดซื้อ จัดหา จัดจ้าง อาชีพนักจัดซื้อ จัดหา จัดจ้าง ชั้น 3, ปฏิบัติงานเกี่ยวกับการสำรวจแหล่งขาย ผู้ขายสินค้าหรือบริการและดำเนินการจัดซื้อจัดหาจัดจ้าง โดยบุคคลจะต้องมีคุณลักษณะดังนี้ 1.มีทักษะการสื่อสารประสานงานด้วยภาษาไทย ภาษาต่างประเทศหรือภาษาในประเทศอาเซียน มีส่วนร่วมในการประสานงานกลุ่มหมู่คณะ2.สามารถแก้ไขปัญหาในการปฏิบัติงานที่พบประจำได้ 3.สามารถใช้เทคโนโลยีสารสนเทศในการปฏิบัติงาน4.เรียนรู้และการพัฒนาตนเองในการปฏิบัติงาน , 1. ผู้ที่มีคุณวุฒิวิชาชีพในชั้น3สาขาอาชีพนักจัดซื้อจัดหาจัดจ้างต้องผ่านเกณฑ์การประเมินสมรรถนะอาชีพ ชั้น3 2. ผู้ที่มีคุณวุฒิวิชาชีพในชั้น3สามารถเลื่อนระดับคุณวุฒิวิชาชีพไปในระดับที่สูงขึ้นโดยไม่น้อยกว่า 2ปีหลังจากได้รับคุณวุฒิวิชาชีพในชั้น3 ," , ……………N/A……………………………………………………….. ","2021-10-13 14:35:01.673"
41,42,42,None,สาขาวิชาชีพโลจิสติกส์ สาขาจัดซื้อ จัดหา จัดจ้าง อาชีพนักจัดซื้อ จัดหา จัดจ้าง ชั้น 4,   ปฏิบัติงานเกี่ยวกับการประเมินและคัดเลือกผู้ขายสินค้าหรือบริการเบื้องต้นและติดตามการส่งมอบ และประเมินผลผู้ขายหรือผู้ให้บริการหลังการส่งมอบโดยบุคคลจะต้องมีคุณลักษณะดังนี้ 1.มีทักษะการสื่อสารประสานงานด้วยภาษาไทย ภาษาต่างประเทศหรือภาษาในประเทศอาเซียน มีส่วนร่วมในการวางแผนและพัฒนากระบวนการทำงาน 2.สามารถแก้ไขปัญหาที่เกี่ยวข้องกับงานโดยใช้ทฤษฎีและเทคนิคด้วยตนเอง3.สามารถประยุกต์ใช้เทคโนโลยีสารสนเทศในการปฏิบัติงาน4.เรียนรู้และการประเมินผลการทำงานของตนเองได้ , 1. ผู้ที่มีคุณวุฒิวิชาชีพในชั้น4สาขาอาชีพนักจัดซื้อจัดหา จัดจ้างจะต้องมีคุณวุฒิไม่ต่ำกว่าสมรรถนะและเกณฑ์ที่กำหนด 2. ผู้ที่มีคุณวุฒิวิชาชีพในชั้น4สามารถเลื่อนระดับคุณวุฒิวิชาชีพไปในระดับที่สูงขึ้นโดยไม่น้อยกว่า 3ปีหลังจากได้รับคุณวุฒิวิชาชีพในชั้น4 ," , ……………N/A……………………………………………………….. ","2021-10-13 14:35:02.663"
42,43,43,None,สาขาวิชาชีพโลจิสติกส์ สาขาจัดซื้อ จัดหา จัดจ้าง อาชีพนักจัดซื้อ จัดหา จัดจ้าง ชั้น 5, ปฏิบัติงานเกี่ยวกับการสำรวจความต้องการใช้สินค้าหรือบริการ กำหนดขอบเขตคุณลักษณะและเงื่อนไขของสินค้าหรือบริการที่ต้องการ และจัดทำสัญญาและบริหารสัญญาโดยบุคคลจะต้องมีคุณลักษณะดังนี้ 1.มีทักษะการสื่อสารภาษาต่างประเทศในระดับสากล มีส่วนร่วมในการวางแผนบริหารจัดการและกำหนดนโยบายขององค์กร 2.กำหนดแนวทางในการแก้ปัญหาที่ซับซ้อนและเลือกวิธีในการแก้ปัญหาที่เหมาะสม3.สามารถใช้เทคโนโลยีสารสนเทศในระดับสากล 4.สามารถพัฒนานวัตกรรมและเทคโนโลยีใหม่ๆได้ , 1. ผู้ที่มีคุณวุฒิวิชาชีพในชั้น5สาขาอาชีพนักจัดซื้อจัดหาจัดจ้างจะต้องมีคุณวุฒิไม่ต่ำกว่าสมรรถนะและเกณฑ์ที่กำหนด 2. ผู้ที่มีคุณวุฒิวิชาชีพในชั้น5 สามารถเลื่อนระดับคุณวุฒิวิชาชีพไปในระดับที่สูงขึ้นโดยไม่น้อยกว่า 5ปีหลังจากได้รับคุณวุฒิวิชาชีพในชั้น5 ," , ……………N/A……………………………………………………….. ","2021-10-13 14:35:03.650"
43,44,44,None,สาขาวิชาชีพโลจิสติกส์ สาขาจัดซื้อ จัดหา จัดจ้าง อาชีพนักจัดซื้อ จัดหา จัดจ้าง ชั้น 6,   ปฏิบัติงานเกี่ยวกับการพยากรณ์ความต้องการใช้สินค้าหรือบริการที่เกี่ยวข้องกับกิจกรรมโลจิสติกส์ วิเคราะห์เจรจาต่อรองและคัดเลือกผู้ขายหรือผู้ให้บริการ และบริหารจัดการด้านการจัดซื้อจัดหาและ จัดจ้างโดยบุคคลจะต้องมีคุณลักษณะดังนี้ 1.มีทักษะการสื่อสารภาษาต่างประเทศในระดับสากล มีส่วนร่วมในการบริหารจัดการวิเคราะห์และกำหนดนโยบายขององค์กร 2. วิเคราะห์และประเมินสถานการณ์เพื่อแก้ไขปัญหาที่ซับซ้อนและเหตุการณ์เฉพาะหน้าได้อย่างเป็นระบบและมีประสิทธิภาพ 3.พัฒนานวัตกรรมและเทคโนโลยีที่เหมาะสมกับกลุ่มอาชีพ 4.สามารถค้นคว้าวิจัยและสร้างองค์ความรู้ใหม่ๆในอาชีพ , 1. ผู้ที่มีคุณวุฒิวิชาชีพในชั้น6สาขาอาชีพนักจัดซื้อจัดหาจัดจ้างจะต้องมีคุณวุฒิไม่ต่ำกว่าสมรรถนะและเกณฑ์ที่กำหนด 2. ผู้ที่มีคุณวุฒิวิชาชีพในชั้น6 สามารถเลื่อนระดับคุณวุฒิวิชาชีพไปในระดับที่สูงขึ้นโดยไม่น้อยกว่า 5ปีหลังจากได้รับคุณวุฒิวิชาชีพในชั้น6 ," , ……………N/A……………………………………………………….. ","2021-10-13 14:35:04.950"
44,45,45,None,สาขาวิชาชีพขนส่งชุมชน อาชีพผู้ขับขี่รถยนต์โดยสารสาธารณะ (แท็กซี่)  ชั้น 1, เป็นบุคคลที่มีทักษะในการปฏิบัติงานประจำขั้นพื้นฐานทั่วไป สามารถแก้ปัญหาพื้นฐานในการปฏิบัติงานได้อย่างจำกัด และเป็นผู้ที่มีสมรรถนะในการระบุรายละเอียดด้านภูมิศาสตร์ท้องถิ่นที่จำเป็นสำหรับคนขับรถแท็กซี่ และขับรถแท็กซี่ด้วยความปลอดภัยและบริการที่ดีได้ , >1. มีอายุ22ปีขึ้นไป >2. กรณีมีใบขับขี่สาธารณะ(แท็กซี่)ต้องมีประสบการณ์ขับรถสาธารณะ (แท็กซี่)ติดต่อกันไม่น้อยกว่า3ปี > กรณีมีใบขับขี่สาธารณะประเภทอื่นที่ได้รับอนุญาตจากกรมการขนส่งทางบก และมีบัตรประจำตัวคนขับรถ(บัตรเหลือง)ต้องมีประสบการณ์การขับรถยนต์สาธารณะ ติดต่อกันไม่น้อยกว่า3ปีและก่อนขอรับการประเมินต้องมีประสบการณ์ขับรถสาธารณะ(แท็กซี่) อย่างน้อย1ปี , (ข้อแนะนำเฉพาะสำหรับคุณวุฒิวิชาชีพนี้) ไม่มี ,"2021-10-13 14:35:05.923"
45,46,46,None,สาขาวิชาชีพขนส่งชุมชน อาชีพผู้ขับขี่รถยนต์โดยสารสาธารณะ (แท็กซี่)  ชั้น 2, เป็นบุคคลที่มีทักษะฝีมือในการปฏิบัติงานที่ถูกกำหนดไว้แล้ว สามารถแก้ปัญหาพื้นฐานที่พบเป็นประจำโดยประยุกต์ใช้ทฤษฎีเครื่องมือและข้อมูลพื้นฐานได้ และเป็นผู้ที่มีสมรรถนะในการดำเนินการตามกระบวนการความปลอดภัยและสุขภาพในการทำงาน และดำเนินการบำรุงรักษาก่อนออกรถได้ , >1. มีใบขับขี่สาธารณะ(แท็กซี่)หรือ มีบัตรประจำตัวคนขับรถ(บัตรเหลือง) >2. มีประสบการณ์ขับรถสาธารณะ(แท็กซี่) ไม่น้อยกว่า2ปีหลังจากได้รับการรับรองระดับ1 > กรณีที่ผู้ที่ไม่ได้รับการประเมินการรับรองระดับ 1 มาก่อนและมีความประสงค์จะขอรับการรับรองในระดับนี้จะต้องมีประสบการณ์ขับรถสาธารณะ (แท็กซี่)ติดต่อกันไม่น้อยกว่า5ปี , (ข้อแนะนำเฉพาะสำหรับคุณวุฒิวิชาชีพนี้) ไม่มี ,"2021-10-13 14:35:06.913"
46,47,47,None,สาขาวิชาชีพขนส่งชุมชน อาชีพผู้ขับขี่รถยนต์โดยสารสาธารณะ (แท็กซี่)  ชั้น 3, เป็นบุคคลที่มีทักษะระดับฝีมือเฉพาะทางและเทคนิคในการปฏิบัติงาน มีกระบวนการคิดและปฏิบัติที่หลากหลายสามารถแก้ปัญหาทางเทคนิคควบคู่กับการใช้คู่มือ และเป็นผู้ที่มีสมรรถนะในการสังเกตการทำงานขณะขับรถและสภาพจราจรเลือกเส้นทางและใช้อุปกรณ์นำทางได้ , >1. มีใบขับขี่สาธารณะ(แท็กซี่)หรือ มีบัตรประจำตัวคนขับรถ(บัตรเหลือง) >2. มีประสบการณ์ขับรถสาธารณะ(แท็กซี่) ไม่น้อยกว่า2ปีหลังจากได้รับการรับรองระดับ2 > กรณีที่ผู้ที่ไม่ได้รับการประเมินการรับรองระดับ 1 และ2มาก่อนจะต้องมีประสบการณ์ขับรถสาธารณะ (แท็กซี่)ติดต่อกันไม่น้อยกว่า7ปี , (ข้อแนะนำเฉพาะสำหรับคุณวุฒิวิชาชีพนี้) ไม่มี ,"2021-10-13 14:35:07.840"
47,48,48,None,สาขาวิชาชีพอุตสาหกรรมการผลิตแม่พิมพ์ สาขางานแม่พิมพ์พลาสติก อาชีพช่างขัดเงาแม่พิมพ์  ชั้น 3, บุคคลที่มีคุณลักษณะของผลการเรียนรู้ที่พึงประสงค์ในอาชีพช่างขัดเงาแม่พิมพ์ชั้น3จะสามารถปฎิบัติงานขัดผิวแม่พิมพ์ฉีดพลาสติกด้วยกระดาษทรายและเครื่องมือช่วยขัดโดยบุคคลจะต้องมีคุณลักษณะดังนี้ 1.ทักษะการสื่อสาร 2.การทำงานเป็นทีม 3.ความสามารถในการแก้ไขปัญหา 4.การเรียนรู้ , 1.ผู้ที่จะผ่านการประเมินและได้รับการรับรองคุณวุฒิวิชาชีพช่างขัดเงาแม่พิมพ์ชั้น3ต้องผ่านเกณฑ์การประเมินตามหน่วยสมรรถนะอาชีพชั้น3ทั้ง2หน่วย 2.ผู้ที่เข้าสู่การทดสอบคุณวุฒิวิชาชีพช่างขัดเงาแม่พิมพ์ชั้น3ต้องได้รับคุณวุฒิวิชาชีพช่างขัดเงาแม่พิมพ์ชั้น2มาไม่น้อยกว่า1ปี 3.ผู้ที่มีคุณวุฒิวิชาชีพช่างขัดเงาแม่พิมพ์ชั้น3สามารถเลื่อนระดับคุณวุฒิวิชาชีพช่างขัดเงาแม่พิมพ์ในระดับที่สูงขึ้นไม่น้อยกว่า1ปีหลังจากได้รับคุณวุฒิวิชาชีพชั้น3 ," , N/A ","2021-10-13 14:35:08.780"
48,49,49,None,สาขาวิชาชีพอุตสาหกรรมการผลิตแม่พิมพ์ สาขางานแม่พิมพ์พลาสติก อาชีพช่างขัดเงาแม่พิมพ์  ชั้น 4, บุคคลที่มีคุณลักษณะของผลการเรียนรู้ที่พึงประสงค์ในอาชีพช่างขัดเงาแม่พิมพ์ชั้น4จะสามารถปฎิบัติงานขัดผิวแม่พิมพ์ฉีดพลาสติกด้วยครีมเพชรโดยบุคคลจะต้องมีคุณลักษณะดังนี้ 1.ทักษะการสื่อสารการทำงานเป็นทีม 2.ความสามารถในการแก้ไขปัญหา 3.การเรียนรู้ , 1.ผู้ที่จะผ่านการประเมินและได้รับการรับรองคุณวุฒิวิชาชีพช่างขัดเงาแม่พิมพ์ชั้น4ต้องผ่านเกณฑ์การประเมินตามหน่วยสมรรถนะอาชีพชั้น4ทั้ง1หน่วย 2.ผู้ที่เข้าสู่การทดสอบคุณวุฒิวิชาชีพช่างขัดเงาแม่พิมพ์ชั้น4ต้องได้รับคุณวุฒิวิชาชีพช่างขัดเงาแม่พิมพ์ชั้น3มาไม่น้อยกว่า1ปี ," , N/A ","2021-10-13 14:35:09.773"
49,50,50,None,สาขาวิชาชีพอุตสาหกรรมการผลิตแม่พิมพ์ สาขางานแม่พิมพ์พลาสติก อาชีพช่างซ่อมบำรุงรักษาแม่พิมพ์ฉีดพลาสติก  ชั้น 2, บุคคลที่มีคุณลักษณะของผลการเรียนรู้ที่พึงประสงค์ในอาชีพช่างซ่อมบำรุงรักษาแม่พิมพ์ฉีดพลาสติกชั้น2จะสามารถปฎิบัติงานซ่อมและบำรุงรักษาแม่พิมพ์ฉีดพลาสติกตามแผนโดยบุคคลจะต้องมีคุณลักษณะดังนี้ 1.ทักษะการสื่อสาร 2.การทำงานเป็นทีม 3.ความสามารถในการแก้ไขปัญหา 4.การเรียนรู้ , 1.ผู้ที่จะผ่านการประเมินและได้รับการรับรองคุณวุฒิวิชาชีพช่างซ่อมบำรุงรักษาแม่พิมพ์ฉีดพลาสติกชั้น2ต้องผ่านเกณฑ์การประเมินตามหน่วยสมรรถนะอาชีพชั้น2ทั้ง2หน่วย 2.ผู้ที่เข้าสู่การทดสอบคุณวุฒิวิชาชีพช่างซ่อมบำรุงรักษาแม่พิมพ์ฉีดพลาสติกชั้น2ต้องมีประสบการณ์เกี่ยวกับการซ่อมบำรุงรักษาแม่พิมพ์ฉีดพลาสติกไม่น้อยกว่า2ปีต้องมีคุณวุฒิไม่ต่ำกว่าสมรรถนะและเกณฑ์ในการปฏิบัติงานที่กำหนดไว้ 3.ผู้ที่มีคุณวุฒิวิชาชีพช่างซ่อมบำรุงรักษาแม่พิมพ์ฉีดพลาสติกชั้น2สามารถเลื่อนระดับคุณวุฒิวิชาชีพช่างซ่อมบำรุงรักษาแม่พิมพ์ฉีดพลาสติกในระดับที่สูงขึ้นไม่น้อยกว่า2ปีหลังจากได้รับคุณวุฒิวิชาชีพชั้น2 ," , N/A ","2021-10-13 14:35:10.703"
50,51,51,None,สาขาวิชาชีพอุตสาหกรรมการผลิตแม่พิมพ์ สาขางานแม่พิมพ์พลาสติก อาชีพช่างซ่อมบำรุงรักษาแม่พิมพ์ฉีดพลาสติก  ชั้น 3, บุคคลที่มีคุณลักษณะของผลการเรียนรู้ที่พึงประสงค์ในอาชีพช่างซ่อมบำรุงรักษาแม่พิมพ์ฉีดพลาสติกชั้น3จะสามารถปฎิบัติงานวิเคราะห์และกำหนดรายละเอียดการซ่อมแม่พิมพ์โดยบุคคลจะต้องมีคุณลักษณะดังนี้ 1.ทักษะการสื่อสารการทำงานเป็นทีม 2.ความสามารถในการแก้ไขปัญหา 3.การเรียนรู้ , 1.ผู้ที่จะผ่านการประเมินและได้รับการรับรองคุณวุฒิวิชาชีพช่างซ่อมบำรุงรักษาแม่พิมพ์ฉีดพลาสติกชั้น3ต้องผ่านเกณฑ์การประเมินตามหน่วยสมรรถนะอาชีพชั้น3ทั้ง1หน่วย 2.ผู้ที่เข้าสู่การทดสอบคุณวุฒิวิชาชีพช่างซ่อมบำรุงรักษาแม่พิมพ์ฉีดพลาสติกชั้น3ต้องได้รับคุณวุฒิวิชาชีพช่างซ่อมบำรุงรักษาแม่พิมพ์ฉีดพลาสติกชั้น2มาไม่น้อยกว่า2ปี 3.ผู้ที่มีคุณวุฒิวิชาชีพช่างซ่อมบำรุงรักษาแม่พิมพ์ฉีดพลาสติกชั้น3สามารถเลื่อนระดับคุณวุฒิวิชาชีพช่างซ่อมบำรุงรักษาแม่พิมพ์ฉีดพลาสติกในระดับที่สูงขึ้นไม่น้อยกว่า3ปีหลังจากได้รับคุณวุฒิวิชาชีพชั้น3 ," , N/A ","2021-10-13 14:35:11.647"
51,52,52,None,สาขาวิชาชีพอุตสาหกรรมการผลิตแม่พิมพ์ สาขางานแม่พิมพ์พลาสติก อาชีพช่างซ่อมบำรุงรักษาแม่พิมพ์ฉีดพลาสติก  ชั้น 4, บุคคลที่มีคุณลักษณะของผลการเรียนรู้ที่พึงประสงค์ในอาชีพช่างซ่อมบำรุงรักษาแม่พิมพ์ฉีดพลาสติกชั้น4จะสามารถปฎิบัติงานวางแผนการบำรุงรักษาแม่พิมพ์โดยบุคคลจะต้องมีคุณลักษณะดังนี้ 1.ทักษะการสื่อสาร 2.การทำงานเป็นทีม 3.ความสามารถในการแก้ไขปัญหา 4.การเรียนรู้ , 1.ผู้ที่จะผ่านการประเมินและได้รับการรับรองคุณวุฒิวิชาชีพช่างซ่อมบำรุงรักษาแม่พิมพ์ฉีดพลาสติกชั้น4ต้องผ่านเกณฑ์การประเมินตามหน่วยสมรรถนะอาชีพชั้น4ทั้ง1หน่วย 2.ผู้ที่เข้าสู่การทดสอบคุณวุฒิวิชาชีพช่างซ่อมบำรุงรักษาแม่พิมพ์ฉีดพลาสติกชั้น4ต้องได้รับคุณวุฒิวิชาชีพช่างซ่อมบำรุงรักษาแม่พิมพ์ฉีดพลาสติกชั้น3มาไม่น้อยกว่า3ปี ," , N/A ","2021-10-13 14:35:12.607"
52,53,53,None,สาขาวิชาชีพอุตสาหกรรมการผลิตแม่พิมพ์ สาขางานแม่พิมพ์พลาสติก อาชีพช่างปรับประกอบแม่พิมพ์ฉีดพลาสติก  ชั้น 3, บุคคลที่มีคุณลักษณะของผลการเรียนรู้ที่พึงประสงค์ในอาชีพช่างปรับประกอบแม่พิมพ์ฉีดพลาสติกชั้น3จะสามารถปฎิบัติงานปรับแต่งและประกอบชุดแม่พิมพ์โดยบุคคลจะต้องมีคุณลักษณะดังนี้ 1.ทักษะการสื่อสาร 2.การทำงานเป็นทีม 3.ความสามารถในการแก้ไขปัญหา 4.การเรียนรู้ , 1.ผู้ที่จะผ่านการประเมินและได้รับการรับรองคุณวุฒิวิชาชีพช่างปรับประกอบแม่พิมพ์ฉีดพลาสติกชั้น3ต้องผ่านเกณฑ์การประเมินตามหน่วยสมรรถนะอาชีพชั้น3ทั้ง3หน่วย 2.ผู้ที่เข้าสู่การทดสอบคุณวุฒิวิชาชีพช่างปรับประกอบแม่พิมพ์ฉีดพลาสติกชั้น3ต้องมีประสบการณ์เกี่ยวกับการปรับประกอบแม่พิมพ์ฉีดพลาสติกไม่น้อยกว่า2ปี 3.ต้องมีคุณวุฒิไม่ต่ำกว่าสมรรถนะและเกณฑ์ในการปฏิบัติงานที่กำหนดไว้ผู้ที่มีคุณวุฒิวิชาชีพช่างปรับประกอบแม่พิมพ์ฉีดพลาสติกชั้น3 4.สามารถเลื่อนระดับคุณวุฒิวิชาชีพช่างปรับประกอบแม่พิมพ์ฉีดพลาสติกในระดับที่สูงขึ้นไม่น้อยกว่า2ปีหลังจากได้รับคุณวุฒิวิชาชีพชั้น3 ," , N/A ","2021-10-13 14:35:13.560"
53,54,54,None,สาขาวิชาชีพอุตสาหกรรมการผลิตแม่พิมพ์ สาขางานแม่พิมพ์พลาสติก อาชีพช่างปรับประกอบแม่พิมพ์ฉีดพลาสติก  ชั้น 4, บุคคลที่มีคุณลักษณะของผลการเรียนรู้ที่พึงประสงค์ในอาชีพช่างปรับประกอบแม่พิมพ์ฉีดพลาสติกชั้น4จะสามารถปฎิบัติงานประกอบแม่พิมพ์ที่ซับซ้อนควบคุมการติดตั้งแม่พิมพ์บนเครื่องฉีดและทดลองแม่พิมพ์โดยบุคคลจะต้องมีคุณลักษณะดังนี้ 1.ทักษะการสื่อสาร 2.การทำงานเป็นทีม 3.ความสามารถในการแก้ไขปัญหา 4.การเรียนรู้ , 1.ผู้ที่จะผ่านการประเมินและได้รับการรับรองคุณวุฒิวิชาชีพช่างปรับประกอบแม่พิมพ์ฉีดพลาสติกชั้น4ต้องผ่านเกณฑ์การประเมินตามหน่วยสมรรถนะอาชีพชั้น4ทั้ง3หน่วย 2.ผู้ที่เข้าสู่การทดสอบคุณวุฒิวิชาชีพช่างปรับประกอบแม่พิมพ์ฉีดพลาสติกชั้น4ต้องได้รับคุณวุฒิวิชาชีพช่างปรับประกอบแม่พิมพ์ฉีดพลาสติกชั้น3มาไม่น้อยกว่า2ปี 3.ผู้ที่มีคุณวุฒิวิชาชีพช่างปรับประกอบแม่พิมพ์ฉีดพลาสติกชั้น4สามารถเลื่อนระดับคุณวุฒิวิชาชีพช่างปรับประกอบแม่พิมพ์ฉีดพลาสติกในระดับที่สูงขึ้นไม่น้อยกว่า3ปีหลังจากได้รับคุณวุฒิวิชาชีพชั้น4 ," , N/A ","2021-10-13 14:35:14.520"
54,55,55,None,สาขาวิชาชีพอุตสาหกรรมการผลิตแม่พิมพ์ สาขางานแม่พิมพ์พลาสติก อาชีพช่างปรับประกอบแม่พิมพ์ฉีดพลาสติก  ชั้น 5, บุคคลที่มีคุณลักษณะของผลการเรียนรู้ที่พึงประสงค์ในอาชีพช่างปรับประกอบแม่พิมพ์ฉีดพลาสติกชั้น5จะสามารถปฎิบัติงานวางแผนควบคุมพัฒนากระบวนการปรับประกอบแม่พิมพ์ฉีดพลาสติกและถ่ายทอดองค์ความรู้ประสบการณ์ในการพัฒนาบุคลากรโดยบุคคลจะต้องมีคุณลักษณะดังนี้ 1.ทักษะการสื่อสาร 2.การทำงานเป็นทีม 3.ความสามารถในการแก้ไขปัญหา 4.การเรียนรู้ , 1.ผู้ที่จะผ่านการประเมินและได้รับการรับรองคุณวุฒิวิชาชีพช่างปรับประกอบแม่พิมพ์ฉีดพลาสติกชั้น5ต้องผ่านเกณฑ์การประเมินตามหน่วยสมรรถนะอาชีพชั้น5ทั้ง3หน่วย 2.ผู้ที่เข้าสู่การทดสอบคุณวุฒิวิชาชีพช่างปรับประกอบแม่พิมพ์ฉีดพลาสติกชั้น5ต้องได้รับคุณวุฒิวิชาชีพช่างปรับประกอบแม่พิมพ์ฉีดพลาสติกชั้น4มาไม่น้อยกว่า3ปี ," , N/A ","2021-10-13 14:35:15.493"
55,56,56,None,สาขาวิชาชีพอุตสาหกรรมการผลิตแม่พิมพ์ สาขางานแม่พิมพ์พลาสติก อาชีพช่างผลิตชิ้นส่วน อุปกรณ์แม่พิมพ์ฉีดพลาสติก  ชั้น 2, บุคคลที่มีคุณลักษณะของผลการเรียนรู้ที่พึงประสงค์ในอาชีพช่างผลิตชิ้นส่วนอุปกรณ์แม่พิมพ์ฉีดพลาสติกชั้น2จะสามารถปฎิบัติงานผลิตชิ้นส่วนแม่พิมพ์ด้วยเครื่องมือกลพื้นฐานโดยสามารถใช้เครื่องมือพื้นฐานเครื่องมือวัดละเอียดและอุปกรณ์ป้องกันภัยส่วนบุคคลโดยบุคคลจะต้องมีคุณลักษณะดังนี้ 1.ทักษะการสื่อสาร 2.การทำงานเป็นทีม 3.ความสามารถในการแก้ไขปัญหา 4.การเรียนรู้ , 1.ผู้ที่จะผ่านการประเมินและได้รับการรับรองคุณวุฒิวิชาชีพช่างผลิตชิ้นส่วนอุปกรณ์แม่พิมพ์ฉีดพลาสติกชั้น2ต้องผ่านเกณฑ์การประเมินตามหน่วยสมรรถนะอาชีพชั้น2ทั้ง7หน่วยโดยผ่านหน่วยสมรรถนะบังคับ6หน่วยและหน่วยสมรรถนะทางเลือก1หน่วย2.ผู้ที่เข้าสู่การทดสอบคุณวุฒิวิชาชีพช่างผลิตชิ้นส่วนอุปกรณ์แม่พิมพ์ฉีดพลาสติกชั้น2ต้องมีประสบการณ์เกี่ยวกับการผลิตชิ้นส่วนอุปกรณ์แม่พิมพ์ฉีดพลาสติกไม่น้อยกว่า2ปี 3.ต้องมีคุณวุฒิไม่ต่ำกว่าสมรรถนะและเกณฑ์ในการปฏิบัติงานที่กำหนดไว้ 4.ผู้ที่มีคุณวุฒิวิชาชีพช่างผลิตชิ้นส่วนอุปกรณ์แม่พิมพ์ฉีดพลาสติกชั้น2สามารถเลื่อนระดับคุณวุฒิวิชาชีพช่างผลิตชิ้นส่วนอุปกรณ์แม่พิมพ์ฉีดพลาสติกในระดับที่สูงขึ้นไม่น้อยกว่า2ปีหลังจากได้รับคุณวุฒิวิชาชีพชั้น2 ," , หน่วยสมรรถนะบังคับ6หน่วยได้แก่102P01102C01102C02102C03102C04และ102C05หน่วยสมรรถนะทางเลือก3หน่วยได้แก่102C06หรือ102C07หรือ102C08 ","2021-10-13 14:35:16.510"
56,57,57,None,สาขาวิชาชีพอุตสาหกรรมการผลิตแม่พิมพ์ สาขางานแม่พิมพ์พลาสติก อาชีพช่างผลิตชิ้นส่วน อุปกรณ์แม่พิมพ์ฉีดพลาสติก  ชั้น 3, บุคคลที่มีคุณลักษณะของผลการเรียนรู้ที่พึงประสงค์ในอาชีพช่างผลิตชิ้นส่วนอุปกรณ์แม่พิมพ์ฉีดพลาสติกชั้น3จะสามารถปฎิบัติงานผลิตชิ้นส่วนแม่พิมพ์ด้วยเครื่องCNCโดยบุคคลจะต้องมีคุณลักษณะดังนี้ 1.ทักษะการสื่อสาร 2.การทำงานเป็นทีม 3.ความสามารถในการแก้ไขปัญหา 4.การเรียนรู้ , 1.ผู้ที่จะผ่านการประเมินและได้รับการรับรองคุณวุฒิวิชาชีพช่างผลิตชิ้นส่วนอุปกรณ์แม่พิมพ์ฉีดพลาสติกชั้น3ต้องผ่านเกณฑ์การประเมินตามหน่วยสมรรถนะอาชีพชั้น3ทั้ง2หน่วยโดยผ่านหน่วยสมรรถนะบังคับ1หน่วยและหน่วยสมรรถนะทางเลือก1หน่วย2.ผู้ที่เข้าสู่การทดสอบคุณวุฒิวิชาชีพช่างผลิตชิ้นส่วนอุปกรณ์แม่พิมพ์ฉีดพลาสติกชั้น3ต้องได้รับคุณวุฒิวิชาชีพช่างผลิตชิ้นส่วนอุปกรณ์แม่พิมพ์ฉีดพลาสติกชั้น2มาไม่น้อยกว่า2ปี 3.ผู้ที่มีคุณวุฒิวิชาชีพช่างผลิตชิ้นส่วนอุปกรณ์แม่พิมพ์ฉีดพลาสติกชั้น3สามารถเลื่อนระดับคุณวุฒิวิชาชีพช่างผลิตชิ้นส่วนอุปกรณ์แม่พิมพ์ฉีดพลาสติกในระดับที่สูงขึ้นไม่น้อยกว่า2ปีหลังจากได้รับคุณวุฒิวิชาชีพชั้น3 ," , หน่วยสมรรถนะบังคับ1หน่วยได้แก่102P02หน่วยสมรรถนะทางเลือก6หน่วยได้แก่102C09หรือ102C10หรือ102C11หรือ102C12หรือ102C13หรือ102C14 ","2021-10-13 14:35:17.457"
57,58,58,None,สาขาวิชาชีพอุตสาหกรรมการผลิตแม่พิมพ์ สาขางานแม่พิมพ์พลาสติก อาชีพช่างผลิตชิ้นส่วน อุปกรณ์แม่พิมพ์ฉีดพลาสติก  ชั้น 4, บุคคลที่มีคุณลักษณะของผลการเรียนรู้ที่พึงประสงค์ในอาชีพช่างผลิตชิ้นส่วนอุปกรณ์แม่พิมพ์ฉีดพลาสติกชั้น4จะสามารถปฎิบัติงานจัดทำโปรแกรมคำสั่งสำหรับเครื่องCNCและตรวจสอบคุณภาพในขั้นตอนการผลิตชิ้นส่วนโดยบุคคลจะต้องมีคุณลักษณะดังนี้ 1.ทักษะการสื่อสาร 2.การทำงานเป็นทีม 3.ความสามารถในการแก้ไขปัญหา 4.การเรียนรู้ , 1.ผู้ที่จะผ่านการประเมินและได้รับการรับรองคุณวุฒิวิชาชีพช่างผลิตชิ้นส่วนอุปกรณ์แม่พิมพ์ฉีดพลาสติกชั้น4ต้องผ่านเกณฑ์การประเมินตามหน่วยสมรรถนะอาชีพชั้น4ทั้ง2หน่วยโดยผ่านหน่วยสมรรถนะบังคับ1หน่วยและหน่วยสมรรถนะทางเลือก1หน่วย 2.ผู้ที่เข้าสู่การทดสอบคุณวุฒิวิชาชีพช่างผลิตชิ้นส่วนอุปกรณ์แม่พิมพ์ฉีดพลาสติกชั้น4ต้องได้รับคุณวุฒิวิชาชีพช่างผลิตชิ้นส่วนอุปกรณ์แม่พิมพ์ฉีดพลาสติกชั้น3มาไม่น้อยกว่า2ปี 3.ผู้ที่มีคุณวุฒิวิชาชีพช่างผลิตชิ้นส่วนอุปกรณ์แม่พิมพ์ฉีดพลาสติกชั้น4สามารถเลื่อนระดับคุณวุฒิวิชาชีพช่างผลิตชิ้นส่วนอุปกรณ์แม่พิมพ์ฉีดพลาสติกในระดับที่สูงขึ้นไม่น้อยกว่า2ปีหลังจากได้รับคุณวุฒิวิชาชีพชั้น4 ," , หน่วยสมรรถนะบังคับ1หน่วยได้แก่102P03หน่วยสมรรถนะทางเลือก3หน่วยได้แก่102C15หรือ102C16หรือ102C17 ","2021-10-13 14:35:18.433"
58,59,59,None,สาขาวิชาชีพอุตสาหกรรมการผลิตแม่พิมพ์ สาขางานแม่พิมพ์พลาสติก อาชีพช่างผลิตชิ้นส่วน อุปกรณ์แม่พิมพ์ฉีดพลาสติก  ชั้น 5,   บุคคลที่มีคุณลักษณะของผลการเรียนรู้ที่พึงประสงค์ในอาชีพช่างผลิตชิ้นส่วนอุปกรณ์แม่พิมพ์ฉีดพลาสติกชั้น5จะสามารถปฎิบัติงานวางแผนควบคุมพัฒนากระบวนการผลิตชิ้นส่วนแม่พิมพ์ฉีดพลาสติกและถ่ายทอดองค์ความรู้ประสบการณ์ในการพัฒนาบุคลากรโดยบุคคลจะต้องมีคุณลักษณะดังนี้ 1.ทักษะการสื่อสาร ]2.การทำงานเป็นทีม 3.ความสามารถในการแก้ไขปัญหา 4.การเรียนรู้ , 1.ผู้ที่จะผ่านการประเมินและได้รับการรับรองคุณวุฒิวิชาชีพช่างผลิตชิ้นส่วนอุปกรณ์แม่พิมพ์ฉีดพลาสติกชั้น5ต้องผ่านเกณฑ์การประเมินตามหน่วยสมรรถนะอาชีพชั้น5ทั้ง3หน่วย 2.ผู้ที่เข้าสู่การทดสอบคุณวุฒิวิชาชีพช่างผลิตชิ้นส่วนอุปกรณ์แม่พิมพ์ฉีดพลาสติกชั้น5ต้องได้รับคุณวุฒิวิชาชีพช่างผลิตชิ้นส่วนอุปกรณ์แม่พิมพ์ฉีดพลาสติกชั้น4มาไม่น้อยกว่า2ปี ," , N/A ","2021-10-13 14:35:19.427"
59,60,60,None,สาขาวิชาชีพอุตสาหกรรมการผลิตแม่พิมพ์ สาขางานแม่พิมพ์พลาสติก อาชีพช่างออกแบบแม่พิมพ์ฉีดพลาสติก  ชั้น 2, บุคคลที่มีคุณลักษณะของผลการเรียนรู้ที่พึงประสงค์ในอาชีพช่างออกแบบแม่พิมพ์ฉีดพลาสติกชั้น2จะสามารถปฎิบัติงานเขียนแบบและอ่านแบบที่เกี่ยวข้องกับชิ้นส่วนแม่พิมพ์ฉีดพลาสติกและสื่อสารด้วยศัพท์เฉพาะทางด้านแม่พิมพ์ฉีดพลาสติกทั้งภาษาไทยและภาษาอังกฤษโดยบุคคลจะต้องมีคุณลักษณะดังนี้ 1.ทักษะการสื่อสาร 2.การทำงานเป็นทีม 3.ความสามารถในการแก้ไขปัญหา 4.การเรียนรู้ , 1.ผู้ที่จะผ่านการประเมินและได้รับการรับรองคุณวุฒิวิชาชีพช่างออกแบบแม่พิมพ์ฉีดพลาสติกชั้น2ต้องผ่านเกณฑ์การประเมินตามหน่วยสมรรถนะอาชีพชั้น2ทั้ง4หน่วย 2.ผู้ที่เข้าสู่การทดสอบคุณวุฒิวิชาชีพช่างออกแบบแม่พิมพ์ฉีดพลาสติกชั้น2ต้องมีประสบการณ์เกี่ยวกับการออกแบบแม่พิมพ์ฉีดพลาสติกไม่น้อยกว่า2ปีต้องมีคุณวุฒิไม่ต่ำกว่าสมรรถนะและเกณฑ์ในการปฏิบัติงานที่กำหนดไว้ 3.ผู้ที่มีคุณวุฒิวิชาชีพช่างออกแบบแม่พิมพ์ฉีดพลาสติกชั้น2สามารถเลื่อนระดับคุณวุฒิวิชาชีพช่างออกแบบแม่พิมพ์ฉีดพลาสติกในระดับที่สูงขึ้นไม่น้อยกว่า3ปีหลังจากได้รับคุณวุฒิวิชาชีพชั้น2 ," , N/A ","2021-10-13 14:35:20.473"
60,61,61,None,สาขาวิชาชีพอุตสาหกรรมการผลิตแม่พิมพ์ สาขางานแม่พิมพ์พลาสติก อาชีพช่างออกแบบแม่พิมพ์ฉีดพลาสติก  ชั้น 3, บุคคลที่มีคุณลักษณะของผลการเรียนรู้ที่พึงประสงค์ในอาชีพช่างออกแบบแม่พิมพ์ฉีดพลาสติกชั้น3จะสามารถปฎิบัติงานออกแบบแม่พิมพ์ฉีดพลาสติกเลือกใช้วัสดุทำชิ้นส่วนแม่พิมพ์และกำหนดขนาดของเครื่องฉีดพลาสติกโดยบุคคลจะต้องมีคุณลักษณะดังนี้1.ทักษะการสื่อสาร 2.การทำงานเป็นทีม 3.ความสามารถในการแก้ไขปัญหา 4.การเรียนรู้ , 1.ผู้ที่จะผ่านการประเมินและได้รับการรับรองคุณวุฒิวิชาชีพช่างออกแบบแม่พิมพ์ฉีดพลาสติกชั้น3ต้องผ่านเกณฑ์การประเมินตามหน่วยสมรรถนะอาชีพชั้น3ทั้ง3หน่วย 2.ผู้ที่เข้าสู่การทดสอบคุณวุฒิวิชาชีพช่างออกแบบแม่พิมพ์ฉีดพลาสติกชั้น3ต้องได้รับคุณวุฒิวิชาชีพช่างออกแบบแม่พิมพ์ฉีดพลาสติกชั้น2มาไม่น้อยกว่า3ปี 3.ผู้ที่มีคุณวุฒิวิชาชีพช่างออกแบบแม่พิมพ์ฉีดพลาสติกชั้น3สามารถเลื่อนระดับคุณวุฒิวิชาชีพช่างออกแบบแม่พิมพ์ฉีดพลาสติกในระดับที่สูงขึ้นไม่น้อยกว่า3ปีหลังจากได้รับคุณวุฒิวิชาชีพชั้น3 ," , N/A ","2021-10-13 14:35:21.510"
61,62,62,None,สาขาวิชาชีพอุตสาหกรรมการผลิตแม่พิมพ์ สาขางานแม่พิมพ์พลาสติก อาชีพช่างออกแบบแม่พิมพ์ฉีดพลาสติก  ชั้น 4, บุคคลที่มีคุณลักษณะของผลการเรียนรู้ที่พึงประสงค์ในอาชีพช่างออกแบบแม่พิมพ์ฉีดพลาสติกชั้น4จะสามารถปฏิบัติงานออกแบบแม่พิมพ์ฉีดพลาสติกชิ้นงานที่มีUndercutวิเคราะห์แบบชิ้นงานตามความต้องการของลูกค้าและนำผลการวิเคราะห์ด้วยCAEมาใช้ในการออกแบบแม่พิมพ์โดยบุคคลจะต้องมีคุณลักษณะดังนี้ 1.ทักษะการสื่อสาร 2.การทำงานเป็นทีม 3.ความสามารถในการแก้ไขปัญหา 4.การเรียนรู้ , 1.ผู้ที่จะผ่านการประเมินและได้รับการรับรองคุณวุฒิวิชาชีพช่างออกแบบแม่พิมพ์ฉีดพลาสติกชั้น4ต้องผ่านเกณฑ์การประเมินตามหน่วยสมรรถนะอาชีพชั้น4ทั้ง3หน่วย 2.ผู้ที่เข้าสู่การทดสอบคุณวุฒิวิชาชีพช่างออกแบบแม่พิมพ์ฉีดพลาสติกชั้น4ต้องได้รับคุณวุฒิวิชาชีพช่างออกแบบแม่พิมพ์ฉีดพลาสติกชั้น3มาไม่น้อยกว่า3ปี 3.ผู้ที่มีคุณวุฒิวิชาชีพช่างออกแบบแม่พิมพ์ฉีดพลาสติกชั้น4สามารถเลื่อนระดับคุณวุฒิวิชาชีพช่างออกแบบแม่พิมพ์ฉีดพลาสติกในระดับที่สูงขึ้นไม่น้อยกว่า3ปีหลังจากได้รับคุณวุฒิวิชาชีพชั้น4 ," , N/A ","2021-10-13 14:35:22.510"
62,63,63,None,สาขาวิชาชีพอุตสาหกรรมการผลิตแม่พิมพ์ สาขางานแม่พิมพ์พลาสติก อาชีพช่างออกแบบแม่พิมพ์ฉีดพลาสติก  ชั้น 5,   บุคคลที่มีคุณลักษณะของผลการเรียนรู้ที่พึงประสงค์ในอาชีพช่างออกแบบแม่พิมพ์ฉีดพลาสติกชั้น5จะสามารถปฎิบัติงานวางแผนควบคุมพัฒนากระบวนการออกแบบแม่พิมพ์ฉีดพลาสติกและถ่ายทอดองค์ความรู้ประสบการณ์ในการพัฒนาบุคลากรโดยบุคคลจะต้องมีคุณลักษณะดังนี้ 1.ทักษะการสื่อสาร 2.การทำงานเป็นทีม 3.ความสามารถในการแก้ไขปัญหา 4.การเรียนรู้ , 1.ผู้ที่จะผ่านการประเมินและได้รับการรับรองคุณวุฒิวิชาชีพช่างออกแบบแม่พิมพ์ฉีดพลาสติกชั้น5ต้องผ่านเกณฑ์การประเมินตามหน่วยสมรรถนะอาชีพชั้น5ทั้ง3หน่วย 2.ผู้ที่เข้าสู่การทดสอบคุณวุฒิวิชาชีพช่างออกแบบแม่พิมพ์ฉีดพลาสติกชั้น5ต้องได้รับคุณวุฒิวิชาชีพช่างออกแบบแม่พิมพ์ฉีดพลาสติกชั้น4มาไม่น้อยกว่า3ปี ," , N/A ","2021-10-13 14:35:23.553"
63,64,64,None,สาขาวิชาชีพอุตสาหกรรมการผลิตแม่พิมพ์ สาขางานแม่พิมพ์โลหะ อาชีพช่างซ่อมบำรุงรักษาแม่พิมพ์ปั๊มโลหะ  ชั้น 2, บุคคลที่มีคุณลักษณะของผลการเรียนรู้ที่พึงประสงค์ในอาชีพช่างซ่อมบำรุงรักษาแม่พิมพ์ปั๊มโลหะชั้น2จะสามารถปฎิบัติงานซ่อมและบำรุงรักษาแม่พิมพ์ปั๊มโลหะตามแผนโดยบุคคลจะต้องมีคุณลักษณะดังนี้ 1.ทักษะการสื่อสาร 2.การทำงานเป็นทีม 3.ความสามารถในการแก้ไขปัญหา 4.การเรียนรู้ , 1.ผู้ที่จะผ่านการประเมินและได้รับการรับรองคุณวุฒิวิชาชีพช่างซ่อมบำรุงรักษาแม่พิมพ์ปั๊มโลหะชั้น2ต้องผ่านเกณฑ์การประเมินตามหน่วยสมรรถนะอาชีพชั้น2ทั้ง2หน่วย 2.ผู้ที่เข้าสู่การทดสอบคุณวุฒิวิชาชีพช่างซ่อมบำรุงรักษาแม่พิมพ์ปั๊มโลหะชั้น2ต้องมีประสบการณ์เกี่ยวกับการซ่อมบำรุงรักษาแม่พิมพ์ปั๊มโลหะไม่น้อยกว่า2ปีต้องมีคุณวุฒิไม่ต่ำกว่าสมรรถนะและเกณฑ์ในการปฏิบัติงานที่กำหนดไว้ 3.ผู้ที่มีคุณวุฒิวิชาชีพช่างซ่อมบำรุงรักษาแม่พิมพ์ปั๊มโลหะชั้น2สามารถเลื่อนระดับคุณวุฒิวิชาชีพช่างซ่อมบำรุงรักษาแม่พิมพ์ปั๊มโลหะในระดับที่สูงขึ้นไม่น้อยกว่า2ปีหลังจากได้รับคุณวุฒิวิชาชีพชั้น2 ," , N/A ","2021-10-13 14:35:24.503"
64,65,65,None,สาขาวิชาชีพอุตสาหกรรมการผลิตแม่พิมพ์ สาขางานแม่พิมพ์โลหะ อาชีพช่างซ่อมบำรุงรักษาแม่พิมพ์ปั๊มโลหะ  ชั้น 3, บุคคลที่มีคุณลักษณะของผลการเรียนรู้ที่พึงประสงค์ในอาชีพช่างซ่อมบำรุงรักษาแม่พิมพ์ปั๊มโลหะชั้น3จะสามารถปฎิบัติงานวิเคราะห์และกำหนดรายละเอียดการซ่อมแม่พิมพ์โดยบุคคลจะต้องมีคุณลักษณะดังนี้ 1.ทักษะการสื่อสาร 2.การทำงานเป็นทีม 3.ความสามารถในการแก้ไขปัญหา 4.การเรียนรู้ , 1.ผู้ที่จะผ่านการประเมินและได้รับการรับรองคุณวุฒิวิชาชีพช่างซ่อมบำรุงรักษาแม่พิมพ์ปั๊มโลหะชั้น3ต้องผ่านเกณฑ์การประเมินตามหน่วยสมรรถนะอาชีพชั้น3ทั้ง1หน่วย 2.ผู้ที่เข้าสู่การทดสอบคุณวุฒิวิชาชีพช่างซ่อมบำรุงรักษาแม่พิมพ์ปั๊มโลหะชั้น3ต้องได้รับคุณวุฒิวิชาชีพช่างซ่อมบำรุงรักษาแม่พิมพ์ปั๊มโลหะชั้น2มาไม่น้อยกว่า2ปี 3.ผู้ที่มีคุณวุฒิวิชาชีพช่างซ่อมบำรุงรักษาแม่พิมพ์ปั๊มโลหะชั้น3สามารถเลื่อนระดับคุณวุฒิวิชาชีพช่างซ่อมบำรุงรักษาแม่พิมพ์ปั๊มโลหะในระดับที่สูงขึ้นไม่น้อยกว่า3ปีหลังจากได้รับคุณวุฒิวิชาชีพชั้น3 ," , N/A ","2021-10-13 14:35:25.427"
65,66,66,None,สาขาวิชาชีพอุตสาหกรรมการผลิตแม่พิมพ์ สาขางานแม่พิมพ์โลหะ อาชีพช่างซ่อมบำรุงรักษาแม่พิมพ์ปั๊มโลหะ  ชั้น 4, บุคคลที่มีคุณลักษณะของผลการเรียนรู้ที่พึงประสงค์ในอาชีพช่างซ่อมบำรุงรักษาแม่พิมพ์ปั๊มโลหะชั้น4จะสามารถปฎิบัติงานวางแผนการบำรุงรักษาแม่พิมพ์โดยบุคคลจะต้องมีคุณลักษณะดังนี้ 1.ทักษะการสื่อสาร 2.การทำงานเป็นทีม 3.ความสามารถในการแก้ไขปัญหา 4.การเรียนรู้ , 1.ผู้ที่จะผ่านการประเมินและได้รับการรับรองคุณวุฒิวิชาชีพช่างซ่อมบำรุงรักษาแม่พิมพ์ปั๊มโลหะชั้น4ต้องผ่านเกณฑ์การประเมินตามหน่วยสมรรถนะอาชีพชั้น4ทั้ง1หน่วย 2.ผู้ที่เข้าสู่การทดสอบคุณวุฒิวิชาชีพช่างซ่อมบำรุงรักษาแม่พิมพ์ปั๊มโลหะชั้น4ต้องได้รับคุณวุฒิวิชาชีพช่างซ่อมบำรุงรักษาแม่พิมพ์ปั๊มโลหะชั้น3มาไม่น้อยกว่า3ปี ," , N/A ","2021-10-13 14:35:26.370"
66,67,67,None,สาขาวิชาชีพอุตสาหกรรมการผลิตแม่พิมพ์ สาขางานแม่พิมพ์โลหะ อาชีพช่างตกแต่งผิวแม่พิมพ์  ชั้น 2, บุคคลที่มีคุณลักษณะของผลการเรียนรู้ที่พึงประสงค์ในอาชีพช่างตกแต่งผิวแม่พิมพ์ชั้น2จะสามารถปฎิบัติงานขัดผิวแม่พิมพ์ปั๊มโลหะด้วยหินขัดและกระดาษทรายโดยบุคคลจะต้องมีคุณลักษณะดังนี้ 1.ทักษะการสื่อสาร 2.การทำงานเป็นทีม 3.ความสามารถในการแก้ไขปัญหา 4.การเรียนรู้ , 1.ผู้ที่จะผ่านการประเมินและได้รับการรับรองคุณวุฒิวิชาชีพช่างตกแต่งผิวแม่พิมพ์ชั้น2ต้องผ่านเกณฑ์การประเมินตามหน่วยสมรรถนะอาชีพชั้น2ทั้ง3หน่วย 2.ผู้ที่เข้าสู่การทดสอบคุณวุฒิวิชาชีพช่างตกแต่งผิวแม่พิมพ์ชั้น2ต้องมีประสบการณ์เกี่ยวกับการตกแต่งผิวแม่พิมพ์ไม่น้อยกว่า1ปีต้องมีคุณวุฒิไม่ต่ำกว่าสมรรถนะและเกณฑ์ในการปฏิบัติงานที่กำหนดไว้ 3.ผู้ที่มีคุณวุฒิวิชาชีพช่างตกแต่งผิวแม่พิมพ์ชั้น2สามารถเลื่อนระดับคุณวุฒิวิชาชีพช่างตกแต่งผิวแม่พิมพ์ในระดับที่สูงขึ้นไม่น้อยกว่า1ปีหลังจากได้รับคุณวุฒิวิชาชีพชั้น2 ," , N/A ","2021-10-13 14:35:27.323"
67,68,68,None,สาขาวิชาชีพอุตสาหกรรมการผลิตแม่พิมพ์ สาขางานแม่พิมพ์โลหะ อาชีพช่างตกแต่งผิวแม่พิมพ์  ชั้น 3, บุคคลที่มีคุณลักษณะของผลการเรียนรู้ที่พึงประสงค์ในอาชีพช่างตกแต่งผิวแม่พิมพ์ชั้น3จะสามารถปฎิบัติงานขัดผิวแม่พิมพ์ปั๊มโลหะด้วยเครื่องมือช่วยขัดโดยบุคคลจะต้องมีคุณลักษณะดังนี้ 1.ทักษะการสื่อสาร 2.การทำงานเป็นทีม 3.ความสามารถในการแก้ไขปัญหา 4.การเรียนรู้ , 1.ผู้ที่จะผ่านการประเมินและได้รับการรับรองคุณวุฒิวิชาชีพช่างตกแต่งผิวแม่พิมพ์ชั้น3ต้องผ่านเกณฑ์การประเมินตามหน่วยสมรรถนะอาชีพชั้น3ทั้ง1หน่วย 2.ผู้ที่เข้าสู่การทดสอบคุณวุฒิวิชาชีพช่างตกแต่งผิวแม่พิมพ์ชั้น3ต้องได้รับคุณวุฒิวิชาชีพช่างตกแต่งผิวแม่พิมพ์ชั้น2มาไม่น้อยกว่า1ปี ," , N/A ","2021-10-13 14:35:28.307"
68,69,69,None,สาขาวิชาชีพอุตสาหกรรมการผลิตแม่พิมพ์ สาขางานแม่พิมพ์โลหะ อาชีพช่างปรับประกอบแม่พิมพ์ปั๊มโลหะ  ชั้น 3, บุคคลที่มีคุณลักษณะของผลการเรียนรู้ที่พึงประสงค์ในอาชีพช่างปรับประกอบแม่พิมพ์ปั๊มโลหะชั้น3จะสามารถปฎิบัติงานปรับแต่งประกอบชุดแม่พิมพ์และตรวจสอบการทำงานของแม่พิมพ์ขณะเคลื่อนที่แบบตัวเปล่าโดยบุคคลจะต้องมีคุณลักษณะดังนี้ 1.ทักษะการสื่อสาร 2.การทำงานเป็นทีม 3.ความสามารถในการแก้ไขปัญหา 4.การเรียนรู้ , 1.ผู้ที่จะผ่านการประเมินและได้รับการรับรองคุณวุฒิวิชาชีพช่างปรับประกอบแม่พิมพ์ปั๊มโลหะชั้น3ต้องผ่านเกณฑ์การประเมินตามหน่วยสมรรถนะอาชีพชั้น3ทั้ง4หน่วย 2.ผู้ที่เข้าสู่การทดสอบคุณวุฒิวิชาชีพช่างปรับประกอบแม่พิมพ์ปั๊มโลหะชั้น3ต้องมีประสบการณ์เกี่ยวกับปรับประกอบแม่พิมพ์ปั๊มโลหะไม่น้อยกว่า2ปีต้องมีคุณวุฒิไม่ต่ำกว่าสมรรถนะและเกณฑ์ในการปฏิบัติงานที่กำหนดไว้ 3.ผู้ที่มีคุณวุฒิวิชาชีพช่างปรับประกอบแม่พิมพ์ปั๊มโลหะชั้น3สามารถเลื่อนระดับคุณวุฒิวิชาชีพช่างปรับประกอบแม่พิมพ์ปั๊มโลหะในระดับที่สูงขึ้นไม่น้อยกว่า2ปีหลังจากได้รับคุณวุฒิวิชาชีพชั้น3 ," , N/A ","2021-10-13 14:35:29.277"
69,70,70,None,สาขาวิชาชีพอุตสาหกรรมการผลิตแม่พิมพ์ สาขางานแม่พิมพ์โลหะ อาชีพช่างปรับประกอบแม่พิมพ์ปั๊มโลหะ  ชั้น 4,    บุคคลที่มีคุณลักษณะของผลการเรียนรู้ที่พึงประสงค์ในอาชีพช่างปรับประกอบแม่พิมพ์ปั๊มโลหะชั้น4จะสามารถปฎิบัติงานประกอบแม่พิมพ์ที่ซับซ้อนตรวจสอบการทำงานของแม่พิมพ์ขณะเคลื่อนที่แบบตัวเปล่าติดตั้งแม่พิมพ์บนเครื่องเพรสและทดลองแม่พิมพ์โดยบุคคลจะต้องมีคุณลักษณะดังนี้ 1.ทักษะการสื่อสาร 2.การทำงานเป็นทีม 3.ความสามารถในการแก้ไขปัญหา 4.การเรียนรู้ , 1.ผู้ที่จะผ่านการประเมินและได้รับการรับรองคุณวุฒิวิชาชีพช่างปรับประกอบแม่พิมพ์ปั๊มโลหะชั้น4ต้องผ่านเกณฑ์การประเมินตามหน่วยสมรรถนะอาชีพชั้น4ทั้ง4หน่วย 2.ผู้ที่เข้าสู่การทดสอบคุณวุฒิวิชาชีพช่างปรับประกอบแม่พิมพ์ปั๊มโลหะชั้น4ต้องได้รับคุณวุฒิวิชาชีพช่างปรับประกอบแม่พิมพ์ปั๊มโลหะชั้น3มาไม่น้อยกว่า2ปี 3.ผู้ที่มีคุณวุฒิวิชาชีพช่างปรับประกอบแม่พิมพ์ปั๊มโลหะชั้น4สามารถเลื่อนระดับคุณวุฒิวิชาชีพช่างปรับประกอบแม่พิมพ์ปั๊มโลหะในระดับที่สูงขึ้นไม่น้อยกว่า3ปีหลังจากได้รับคุณวุฒิวิชาชีพชั้น4 ," , N/A ","2021-10-13 14:35:30.247"
70,71,71,None,สาขาวิชาชีพอุตสาหกรรมการผลิตแม่พิมพ์ สาขางานแม่พิมพ์โลหะ อาชีพช่างปรับประกอบแม่พิมพ์ปั๊มโลหะ  ชั้น 5,    บุคคลที่มีคุณลักษณะของผลการเรียนรู้ที่พึงประสงค์ในอาชีพช่างปรับประกอบแม่พิมพ์ปั๊มโลหะชั้น5จะสามารถปฎิบัติงานวางแผนควบคุมพัฒนากระบวนการปรับประกอบแม่พิมพ์ปั๊มโลหะวิเคราะห์กำหนดแนวทางแก้ไขปัญหาจากการทดลองแม่พิมพ์และถ่ายทอดองค์ความรู้ประสบการณ์ในการพัฒนาบุคลากรโดยบุคคลจะต้องมีคุณลักษณะดังนี้ 1.ทักษะการสื่อสาร 2.การทำงานเป็นทีม 3.ความสามารถในการแก้ไขปัญหา 4.การเรียนรู้ , 1.ผู้ที่จะผ่านการประเมินและได้รับการรับรองคุณวุฒิวิชาชีพช่างปรับประกอบแม่พิมพ์ปั๊มโลหะชั้น5ต้องผ่านเกณฑ์การประเมินตามหน่วยสมรรถนะอาชีพชั้น5ทั้ง4หน่วย 2.ผู้ที่เข้าสู่การทดสอบคุณวุฒิวิชาชีพช่างปรับประกอบแม่พิมพ์ปั๊มโลหะชั้น5ต้องได้รับคุณวุฒิวิชาชีพช่างปรับประกอบแม่พิมพ์ปั๊มโลหะชั้น4มาไม่น้อยกว่า3ปี ," , N/A ","2021-10-13 14:35:31.273"
71,72,72,None,สาขาวิชาชีพอุตสาหกรรมการผลิตแม่พิมพ์ สาขางานแม่พิมพ์โลหะ อาชีพช่างผลิตชิ้นส่วนอุปกรณ์แม่พิมพ์ปั๊มโลหะ ชั้น 2,   บุคคลที่มีคุณลักษณะของผลการเรียนรู้ที่พึงประสงค์ในอาชีพช่างผลิตชิ้นส่วนอุปกรณ์แม่พิมพ์ปั๊มโลหะชั้น2จะสามารถปฎิบัติงานผลิตชิ้นส่วนแม่พิมพ์ด้วยเครื่องมือกลพื้นฐานโดยสามารถใช้เครื่องมือพื้นฐานเครื่องมือวัดละเอียดและอุปกรณ์ป้องกันภัยส่วนบุคคลโดยบุคคลจะต้องมีคุณลักษณะดังนี้[ 1.ทักษะการสื่อสาร 2.การทำงานเป็นทีม 3.ความสามารถในการแก้ไขปัญหา 4.การเรียนรู้ , 1.ผู้ที่จะผ่านการประเมินและได้รับการรับรองคุณวุฒิวิชาชีพช่างผลิตชิ้นส่วนอุปกรณ์แม่พิมพ์ปั๊มโลหะชั้น2ต้องผ่านเกณฑ์การประเมินตามหน่วยสมรรถนะอาชีพชั้น2ทั้ง7หน่วยโดยผ่านหน่วยสมรรถนะบังคับ6หน่วยและหน่วยสมรรถนะทางเลือก1หน่วย 2.ผู้ที่เข้าสู่การทดสอบคุณวุฒิวิชาชีพช่างผลิตชิ้นส่วนอุปกรณ์แม่พิมพ์ปั๊มโลหะชั้น2ต้องมีประสบการณ์เกี่ยวกับการผลิตชิ้นส่วนอุปกรณ์แม่พิมพ์ไม่น้อยกว่า2ปีต้องมีคุณวุฒิไม่ต่ำกว่าสมรรถนะและเกณฑ์ในการปฏิบัติงานที่กำหนดไว้ 3.ผู้ที่มีคุณวุฒิวิชาชีพช่างผลิตชิ้นส่วนอุปกรณ์แม่พิมพ์ปั๊มโลหะชั้น2สามารถเลื่อนระดับคุณวุฒิวิชาชีพช่างผลิตชิ้นส่วนอุปกรณ์แม่พิมพ์ปั๊มโลหะในระดับที่สูงขึ้นไม่น้อยกว่า2ปีหลังจากได้รับคุณวุฒิวิชาชีพชั้น2 ," , หน่วยสมรรถนะบังคับ6หน่วยได้แก่102M01102C01102C02102C03102C04และ102C05หน่วยสมรรถนะทางเลือก3หน่วยได้แก่102C06หรือ102C07หรือ102C08 ","2021-10-13 14:35:32.253"
72,73,73,None,สาขาวิชาชีพอุตสาหกรรมการผลิตแม่พิมพ์ สาขางานแม่พิมพ์โลหะ อาชีพช่างผลิตชิ้นส่วนอุปกรณ์แม่พิมพ์ปั๊มโลหะ ชั้น 3, บุคคลที่มีคุณลักษณะของผลการเรียนรู้ที่พึงประสงค์ในอาชีพช่างผลิตชิ้นส่วนอุปกรณ์แม่พิมพ์ปั๊มโลหะชั้น3จะสามารถปฎิบัติงานผลิตชิ้นส่วนแม่พิมพ์ด้วยเครื่องCNCโดยบุคคลจะต้องมีคุณลักษณะดังนี้ 1.ทักษะการสื่อสาร 2.การทำงานเป็นทีม 3.ความสามารถในการแก้ไขปัญหา 4.การเรียนรู้ , 1.ผู้ที่จะผ่านการประเมินและได้รับการรับรองคุณวุฒิวิชาชีพช่างผลิตชิ้นส่วนอุปกรณ์แม่พิมพ์ปั๊มโลหะชั้น3ต้องผ่านเกณฑ์การประเมินตามหน่วยสมรรถนะอาชีพชั้น3ทั้ง2หน่วยโดยผ่านหน่วยสมรรถนะบังคับ1หน่วยและหน่วยสมรรถนะทางเลือก1หน่วย 2.ผู้ที่เข้าสู่การทดสอบคุณวุฒิวิชาชีพช่างผลิตชิ้นส่วนอุปกรณ์แม่พิมพ์ปั๊มโลหะชั้น3ต้องได้รับคุณวุฒิวิชาชีพช่างผลิตชิ้นส่วนอุปกรณ์แม่พิมพ์ปั๊มโลหะชั้น2มาไม่น้อยกว่า2ปี 3.ผู้ที่มีคุณวุฒิวิชาชีพช่างผลิตชิ้นส่วนอุปกรณ์แม่พิมพ์ปั๊มโลหะชั้น3สามารถเลื่อนระดับคุณวุฒิวิชาชีพช่างผลิตชิ้นส่วนอุปกรณ์แม่พิมพ์ปั๊มโลหะในระดับที่สูงขึ้นไม่น้อยกว่า2ปีหลังจากได้รับคุณวุฒิวิชาชีพชั้น3 ," , หน่วยสมรรถนะบังคับ1หน่วยได้แก่102M02หน่วยสมรรถนะทางเลือก6หน่วยได้แก่102C09หรือ102C10หรือ102C11หรือ102C12หรือ102C13หรือ102C14 ","2021-10-13 14:35:33.227"
73,74,74,None,สาขาวิชาชีพอุตสาหกรรมการผลิตแม่พิมพ์ สาขางานแม่พิมพ์โลหะ อาชีพช่างผลิตชิ้นส่วนอุปกรณ์แม่พิมพ์ปั๊มโลหะ ชั้น 4,    บุคคลที่มีคุณลักษณะของผลการเรียนรู้ที่พึงประสงค์ในอาชีพช่างผลิตชิ้นส่วนอุปกรณ์แม่พิมพ์ปั๊มโลหะชั้น4จะสามารถปฎิบัติงานจัดทำโปรแกรมคำสั่งสำหรับเครื่องCNCและตรวจสอบคุณภาพในขั้นตอนการผลิตชิ้นส่วนโดยบุคคลจะต้องมีคุณลักษณะดังนี้ 1.ทักษะการสื่อสาร 2.การทำงานเป็นทีม 3.ความสามารถในการแก้ไขปัญหา 4.การเรียนรู้ , 1.ผู้ที่จะผ่านการประเมินและได้รับการรับรองคุณวุฒิวิชาชีพช่างผลิตชิ้นส่วนอุปกรณ์แม่พิมพ์ปั๊มโลหะชั้น4ต้องผ่านเกณฑ์การประเมินตามหน่วยสมรรถนะอาชีพชั้น4ทั้ง2หน่วยโดยผ่านหน่วยสมรรถนะบังคับ1หน่วยและหน่วยสมรรถนะทางเลือก1หน่วย 2.ผู้ที่เข้าสู่การทดสอบคุณวุฒิวิชาชีพช่างผลิตชิ้นส่วนอุปกรณ์แม่พิมพ์ปั๊มโลหะชั้น4ต้องได้รับคุณวุฒิวิชาชีพช่างผลิตชิ้นส่วนอุปกรณ์แม่พิมพ์ปั๊มโลหะชั้น3มาไม่น้อยกว่า2ปี 3.ผู้ที่มีคุณวุฒิวิชาชีพช่างผลิตชิ้นส่วนอุปกรณ์แม่พิมพ์ปั๊มโลหะชั้น4สามารถเลื่อนระดับคุณวุฒิวิชาชีพช่างผลิตชิ้นส่วนอุปกรณ์แม่พิมพ์ปั๊มโลหะในระดับที่สูงขึ้นไม่น้อยกว่า2ปีหลังจากได้รับคุณวุฒิวิชาชีพชั้น4 ," , หน่วยสมรรถนะบังคับ1หน่วยได้แก่102M03หน่วยสมรรถนะทางเลือก3หน่วยได้แก่102C15หรือ102C16หรือ102C17 ","2021-10-13 14:35:34.137"
74,75,75,None,สาขาวิชาชีพอุตสาหกรรมการผลิตแม่พิมพ์ สาขางานแม่พิมพ์โลหะ อาชีพช่างผลิตชิ้นส่วนอุปกรณ์แม่พิมพ์ปั๊มโลหะ ชั้น 5,    บุคคลที่มีคุณลักษณะของผลการเรียนรู้ที่พึงประสงค์ในอาชีพช่างผลิตชิ้นส่วนอุปกรณ์แม่พิมพ์ปั๊มโลหะชั้น5จะสามารถปฎิบัติงานวางแผนควบคุมพัฒนากระบวนการผลิตชิ้นส่วนแม่พิมพ์ปั๊มโลหะและถ่ายทอดองค์ความรู้ประสบการณ์ในการพัฒนาบุคลากรโดยบุคคลจะต้องมีคุณลักษณะดังนี้ 1.ทักษะการสื่อสาร 2.การทำงานเป็นทีม 3.ความสามารถในการแก้ไขปัญหา 4.การเรียนรู้ , 1.ผู้ที่จะผ่านการประเมินและได้รับการรับรองคุณวุฒิวิชาชีพช่างผลิตชิ้นส่วนอุปกรณ์แม่พิมพ์ปั๊มโลหะชั้น5ต้องผ่านเกณฑ์การประเมินตามหน่วยสมรรถนะอาชีพชั้น5ทั้ง3หน่วย 2.ผู้ที่เข้าสู่การทดสอบคุณวุฒิวิชาชีพช่างผลิตชิ้นส่วนอุปกรณ์แม่พิมพ์ปั๊มโลหะชั้น5ต้องได้รับคุณวุฒิวิชาชีพช่างผลิตชิ้นส่วนอุปกรณ์แม่พิมพ์ปั๊มโลหะชั้น4มาไม่น้อยกว่า2ปี ," , N/A ","2021-10-13 14:35:35.090"
75,76,76,None,สาขาวิชาชีพอุตสาหกรรมการผลิตแม่พิมพ์ สาขางานแม่พิมพ์โลหะ อาชีพช่างออกแบบแม่พิมพ์ปั๊มโลหะ  ชั้น 2,   บุคคลที่มีคุณลักษณะของผลการเรียนรู้ที่พึงประสงค์ในอาชีพช่างออกแบบแม่พิมพ์ปั๊มโลหะชั้น2จะสามารถปฎิบัติงานเขียนแบบและอ่านแบบที่เกี่ยวข้องกับชิ้นส่วนแม่พิมพ์ปั๊มโลหะและสื่อสารด้วยศัพท์เฉพาะทางด้านแม่พิมพ์ปั๊มโลหะทั้งภาษาไทยและภาษาอังกฤษโดยบุคคลจะต้องมีคุณลักษณะดังนี้ 1.ทักษะการสื่อสาร 2.การทำงานเป็นทีม 3.ความสามารถในการแก้ไขปัญหา 4.การเรียนรู้ , 1.ผู้ที่จะผ่านการประเมินและได้รับการรับรองคุณวุฒิวิชาชีพช่างออกแบบแม่พิมพ์ปั๊มโลหะชั้น2ต้องผ่านเกณฑ์การประเมินตามหน่วยสมรรถนะอาชีพชั้น2ทั้ง4หน่วย 2.ผู้ที่เข้าสู่การทดสอบคุณวุฒิวิชาชีพช่างออกแบบแม่พิมพ์ปั๊มโลหะชั้น2ต้องมีประสบการณ์เกี่ยวกับการออกแบบชิ้นส่วนแม่พิมพ์ไม่น้อยกว่า2ปีต้องมีคุณวุฒิไม่ต่ำกว่าสมรรถนะและเกณฑ์ในการปฏิบัติงานที่กำหนดไว้ 3.ผู้ที่มีคุณวุฒิวิชาชีพช่างออกแบบแม่พิมพ์ปั๊มโลหะชั้น2สามารถเลื่อนระดับคุณวุฒิวิชาชีพช่างออกแบบแม่พิมพ์ปั๊มโลหะในระดับที่สูงขึ้นไม่น้อยกว่า3ปีหลังจากได้รับคุณวุฒิวิชาชีพชั้น2 ," , N/A ","2021-10-13 14:35:36.110"
76,77,77,None,สาขาวิชาชีพอุตสาหกรรมการผลิตแม่พิมพ์ สาขางานแม่พิมพ์โลหะ อาชีพช่างออกแบบแม่พิมพ์ปั๊มโลหะ  ชั้น 3, บุคคลที่มีคุณลักษณะของผลการเรียนรู้ที่พึงประสงค์ในอาชีพช่างออกแบบแม่พิมพ์ปั๊มโลหะชั้น3จะสามารถปฎิบัติงานออกแบบแม่พิมพ์ปั๊มโลหะพื้นฐานกำหนดขนาดของเครื่องจักรที่ใช้และรู้จักประเภทของวัสดุชิ้นงานโดยบุคคลจะต้องมีคุณลักษณะดังนี้ 1.ทักษะการสื่อสาร 2.การทำงานเป็นทีม 3.ความสามารถในการแก้ไขปัญหา 4.การเรียนรู้ , 1.ผู้ที่จะผ่านการประเมินและได้รับการรับรองคุณวุฒิวิชาชีพช่างออกแบบแม่พิมพ์ปั๊มโลหะชั้น3ต้องผ่านเกณฑ์การประเมินตามหน่วยสมรรถนะอาชีพชั้น3ทั้ง4หน่วยโดยผ่านหน่วยสมรรถนะบังคับ3หน่วยและหน่วยสมรรถนะทางเลือก1หน่วย 2.ผู้ที่เข้าสู่การทดสอบคุณวุฒิวิชาชีพช่างออกแบบแม่พิมพ์ปั๊มโลหะชั้น3ต้องได้รับคุณวุฒิวิชาชีพช่างออกแบบแม่พิมพ์ปั๊มโลหะชั้น2มาไม่น้อยกว่า3ปี 3.ผู้ที่มีคุณวุฒิวิชาชีพช่างออกแบบแม่พิมพ์ปั๊มโลหะชั้น3สามารถเลื่อนระดับคุณวุฒิวิชาชีพช่างออกแบบแม่พิมพ์ปั๊มโลหะในระดับที่สูงขึ้นไม่น้อยกว่า3ปีหลังจากได้รับคุณวุฒิวิชาชีพชั้น3 ," , หน่วยสมรรถนะบังคับ3หน่วยได้แก่101M03101M06และ101M07หน่วยสมรรถนะทางเลือก2หน่วยได้แก่101M04หรือ101M05 ","2021-10-13 14:35:37.097"
77,78,78,None,สาขาวิชาชีพอุตสาหกรรมการผลิตแม่พิมพ์ สาขางานแม่พิมพ์โลหะ อาชีพช่างออกแบบแม่พิมพ์ปั๊มโลหะ  ชั้น 4,   บุคคลที่มีคุณลักษณะของผลการเรียนรู้ที่พึงประสงค์ในอาชีพช่างออกแบบแม่พิมพ์ปั๊มโลหะชั้น4จะสามารถปฎิบัติงานออกแบบแม่พิมพ์ปั๊มโลหะที่มีความซับซ้อนมากขึ้นสามารถกำหนดprocessdesignและDielayoutตามความต้องการของลูกค้าโดยบุคคลจะต้องมีคุณลักษณะดังนี้ 1.ทักษะการสื่อสาร 2.การทำงานเป็นทีม 3.ความสามารถในการแก้ไขปัญหา 4.การเรียนรู้ , 1.ผู้ที่จะผ่านการประเมินและได้รับการรับรองคุณวุฒิวิชาชีพช่างออกแบบแม่พิมพ์ปั๊มโลหะชั้น4ต้องผ่านเกณฑ์การประเมินตามหน่วยสมรรถนะอาชีพชั้น4ทั้ง3หน่วยโดยผ่านหน่วยสมรรถนะบังคับ2หน่วยและหน่วยสมรรถนะทางเลือก1หน่วย 2.ผู้ที่เข้าสู่การทดสอบคุณวุฒิวิชาชีพช่างออกแบบแม่พิมพ์ปั๊มโลหะชั้น4ต้องได้รับคุณวุฒิวิชาชีพช่างออกแบบแม่พิมพ์ปั๊มโลหะชั้น3มาไม่น้อยกว่า3ปี 3.ผู้ที่มีคุณวุฒิวิชาชีพช่างออกแบบแม่พิมพ์ปั๊มโลหะชั้น4สามารถเลื่อนระดับคุณวุฒิวิชาชีพช่างออกแบบแม่พิมพ์ปั๊มโลหะในระดับที่สูงขึ้นไม่น้อยกว่า3ปีหลังจากได้รับคุณวุฒิวิชาชีพชั้น4 ," , หน่วยสมรรถนะบังคับ2หน่วยได้แก่101M08และ101C03หน่วยสมรรถนะทางเลือก2หน่วยได้แก่101M09หรือ101M10 ","2021-10-13 14:35:38.123"
78,79,79,None,สาขาวิชาชีพอุตสาหกรรมการผลิตแม่พิมพ์ สาขางานแม่พิมพ์โลหะ อาชีพช่างออกแบบแม่พิมพ์ปั๊มโลหะ  ชั้น 5,    บุคคลที่มีคุณลักษณะของผลการเรียนรู้ที่พึงประสงค์ในอาชีพช่างออกแบบแม่พิมพ์ปั๊มโลหะชั้น5จะสามารถปฎิบัติงานวางแผนควบคุมพัฒนากระบวนการออกแบบแม่พิมพ์ปั๊มโลหะและถ่ายทอดองค์ความรู้ประสบการณ์ในการพัฒนาบุคลากรโดยบุคคลจะต้องมีคุณลักษณะดังนี้ 1.ทักษะการสื่อสาร 2.การทำงานเป็นทีม 3.ความสามารถในการแก้ไขปัญหา 4.การเรียนรู้ , 1.ผู้ที่จะผ่านการประเมินและได้รับการรับรองคุณวุฒิวิชาชีพช่างออกแบบแม่พิมพ์ปั๊มโลหะชั้น5ต้องผ่านเกณฑ์การประเมินตามหน่วยสมรรถนะอาชีพชั้น5ทั้ง3หน่วย 2.ผู้ที่เข้าสู่การทดสอบคุณวุฒิวิชาชีพช่างออกแบบแม่พิมพ์ปั๊มโลหะชั้น5ต้องได้รับคุณวุฒิวิชาชีพช่างออกแบบแม่พิมพ์ปั๊มโลหะชั้น4มาไม่น้อยกว่า3ปี ," , N/A ","2021-10-13 14:35:40.093"
79,80,80,None,สาขาวิชาชีพธุรกิจภาพถ่าย สาขาถ่ายภาพ อาชีพช่างภาพบุคคล ชั้น 4, บุคคลที่มีคุณลักษณะของผลการเรียนรู้ที่พึงประสงค์ในอาชีพ ช่างภาพบุคคลชั้น4จะสามารถถ่ายภาพบุคคล และมีการพัฒนาความรอบรู้กับสายงานที่เกี่ยวข้อง เพื่องานถ่ายภาพบุคคลและจะต้องมีคุณลักษณะดังนี้ 1.ทักษะการสื่อสาร การทำงานเป็นทีม 3.ความสามารถในการแก้ไขปัญหา 4.การเรียนรู้ , 1.ผู้ที่จะผ่านการประเมินคุณวุฒิวิชาชีพ ช่างภาพบุคคลชั้นที่4ต้องผ่านเกณฑ์การประเมินตามหน่วยสมรรถนะอาชีพชั้น4 ทั้ง3หน่วย 2.ผู้ที่จะขอรับการประเมินคุณวุฒิวิชาชีพช่างภาพบุคคลชั้นที่4ต้องผ่านคุณวุฒิวิชาชีพช่างภาพทั่วไปชั้นที่3ก่อน ผู้ที่จะขอรับการประเมิน สามารถขอรับการประเมินคุณวุฒิวิชาชีพช่างภาพทั่วไปชั้นที่3ร่วมหรือควบกับคุณวุฒิวิชาชีพช่างภาพบุคคลชั้น4พร้อมกันได้ , ,"2021-10-13 14:35:41.130"
80,81,81,None,สาขาวิชาชีพธุรกิจภาพถ่าย สาขาถ่ายภาพ อาชีพช่างภาพบุคคล ชั้น 5, บุคคลที่มีคุณลักษณะของผลการเรียนรู้ที่พึงประสงค์ในอาชีพ ช่างภาพบุคคลชั้น5จะสามารถจัดการไฟล์ภาพและตกแต่งภาพ เพื่องานถ่ายภาพบุคคลได้และจะต้องมีคุณลักษณะดังนี้ 1. ทักษะการสื่อสาร  การทำงานเป็นทีม 3. ความสามารถในการแก้ไขปัญหา 4.การเรียนรู้ , 1.ผู้ที่จะผ่านการประเมินคุณวุฒิวิชาชีพ ช่างภาพบุคคลชั้นที่5ต้องผ่านเกณฑ์การประเมินตาม หน่วยสมรรถนะอาชีพชั้น5ทั้ง5หน่วย 2.ผู้ที่จะขอรับการประเมินคุณวุฒิวิชาชีพช่างภาพบุคคลชั้นที่5ต้องผ่านคุณวุฒิวิชาชีพ ช่างภาพบุคคลชั้นที่ 4ก่อน , ,"2021-10-13 14:35:42.063"
81,82,82,None,สาขาวิชาชีพธุรกิจภาพถ่าย สาขาถ่ายภาพ อาชีพช่างภาพสื่อมวลชน ชั้น 4, บุคคลที่มีคุณลักษณะของผลการเรียนรู้ที่พึงประสงค์ในอาชีพ ช่างภาพสื่อมวลชนชั้น4จะสามารถวางแผนการทำงานด้านถ่ายภาพสื่อมวลชนและพัฒนาตนเองด้านความรู้วิชาชีพข่าวและบุคคลจะต้องมีคุณลักษณะดังนี้ 1. ทักษะการสื่อสาร  การทำงานเป็นทีม 3. ความสามารถในการแก้ไขปัญหา 4. การเรียนรู้ , 1.ผู้ที่จะผ่านการประเมินคุณวุฒิวิชาชีพ ช่างภาพสื่อมวลชนชั้นที่4ต้องผ่านเกณฑ์การประเมินตาม หน่วยสมรรถนะอาชีพชั้น4ทั้ง2หน่วย 2.ผู้ที่จะขอรับการประเมินคุณวุฒิวิชาชีพช่างภาพสื่อมวลชนชั้นที่4ต้องผ่านคุณวุฒิวิชาชีพ ช่างภาพทั่วไปชั้นที่3ก่อน ผู้ที่จะขอรับการประเมิน สามารถขอรับการประเมินคุณวุฒิวิชาชีพช่างภาพทั่วไปชั้นที่3 ร่วมหรือควบกับคุณวุฒิวิชาชีพช่างภาพสื่อมวลชนชั้น4พร้อมกันได้ , ,"2021-10-13 14:35:43.353"
82,83,83,None,สาขาวิชาชีพธุรกิจภาพถ่าย สาขาถ่ายภาพ อาชีพช่างภาพสื่อมวลชน ชั้น 5, บุคคลที่มีคุณลักษณะของผลการเรียนรู้ที่พึงประสงค์ในอาชีพ ช่างภาพสื่อมวลชนชั้น5จะสามารถถ่ายภาพข่าว และจัดการไฟล์ภาพข่าวเพื่องานสื่อสารมวลชนและจะต้องมีคุณลักษณะดังนี้ 1. ทักษะการสื่อสาร  การทำงานเป็นทีม 3. ความสามารถในการแก้ไขปัญหา 4. การเรียนรู้ , 1.ผู้ที่จะผ่านการประเมินคุณวุฒิวิชาชีพ ช่างภาพสื่อมวลชนชั้นที่5 ต้องผ่านเกณฑ์การประเมินตามหน่วยสมรรถนะอาชีพชั้น5ทั้ง6หน่วย 2.ผู้ที่จะขอรับการประเมินคุณวุฒิวิชาชีพช่างภาพสื่อมวลชนชั้นที่5ต้องผ่านคุณวุฒิวิชาชีพช่างภาพสื่อมวลชน ชั้นที่4ก่อน , ,"2021-10-13 14:35:44.310"
83,84,84,None,สาขาวิชาชีพธุรกิจภาพถ่าย สาขาถ่ายภาพ อาชีพช่างภาพแต่งงาน ชั้น 4, บุคคลที่มีคุณลักษณะของผลการเรียนรู้ที่พึงประสงค์ในอาชีพ ช่างภาพแต่งงานชั้น4จะสามารถถ่ายภาพแต่งงาน และมีการพัฒนาความรอบรู้กับสายงานที่เกี่ยวข้อง เพื่องานถ่ายภาพแต่งงานและจะต้องมีคุณลักษณะดังนี้ 1. ทักษะการสื่อสาร  การทำงานเป็นทีม 3. ความสามารถในการแก้ไขปัญหา 4. การเรียนรู้ , 1.ผู้ที่จะผ่านการประเมินคุณวุฒิวิชาชีพ ช่างภาพแต่งงานชั้นที่4ต้องผ่านเกณฑ์การประเมินตามหน่วยสมรรถนะอาชีพชั้น4 ทั้ง3หน่วย 2.ผู้ที่จะขอรับการประเมินคุณวุฒิวิชาชีพช่างภาพแต่งงาน ชั้นที่4ต้องผ่านคุณวุฒิวิชาชีพช่างภาพทั่วไปชั้นที่3ก่อน ผู้ที่จะขอรับการประเมิน สามารถขอรับการประเมินคุณวุฒิวิชาชีพช่างภาพทั่วไปชั้นที่3ร่วมหรือควบกับคุณวุฒิวิชาชีพช่างภาพแต่งงาน ชั้น4พร้อมกันได้ , ,"2021-10-13 14:35:45.280"
84,85,85,None,สาขาวิชาชีพธุรกิจภาพถ่าย สาขาถ่ายภาพ อาชีพช่างภาพแฟชั่น ชั้น 4, บุคคลที่มีคุณลักษณะของผลการเรียนรู้ที่พึงประสงค์ในอาชีพ ช่างภาพแฟชั่นชั้น4จะสามารถถ่ายภาพแฟชั่นได้และจะต้องมีคุณลักษณะดังนี้ 1.ทักษะการสื่อสาร การทำงานเป็นทีม 3.ความสามารถในการแก้ไขปัญหา 4. การเรียนรู้ , 1.ผู้ที่จะผ่านการประเมินคุณวุฒิวิชาชีพ ช่างภาพแฟชั่นชั้นที่4ต้องผ่านเกณฑ์การประเมินตาม หน่วยสมรรถนะอาชีพ ชั้น4ทั้ง3หน่วย 2. ผู้ที่จะขอรับการประเมินคุณวุฒิวิชาชีพช่างภาพแฟชั่นชั้นที่4ต้องผ่านคุณวุฒิวิชาชีพ ช่างภาพทั่วไปชั้นที่3ก่อน ผู้ที่จะขอรับการประเมิน สามารถขอรับการประเมินคุณวุฒิวิชาชีพช่างภาพทั่วไปชั้นที่3 ร่วมหรือควบกับคุณวุฒิวิชาชีพช่างภาพแฟชั่น ชั้น4พร้อมกันได้ , ,"2021-10-13 14:35:46.190"
85,86,86,None,สาขาวิชาชีพธุรกิจภาพถ่าย สาขาถ่ายภาพ อาชีพช่างภาพทั่วไป ชั้น 3, บุคคลที่มีคุณลักษณะของผลการเรียนรู้ที่พึงประสงค์ในอาชีพ ช่างภาพทั่วไปชั้น3นั้นจะสามารถจัดการไฟล์ภาพ พัฒนาความรู้เกี่ยวกับวงการถ่ายภาพและต้องมีคุณลักษณะดังนี้ 1. ทักษะการสื่อสาร การทำงานเป็นทีม 3.ความสามารถในการแก้ไขปัญหา 4. การเรียนรู้ , 1.ผู้ที่จะผ่านการประเมินคุณวุฒิวิชาชีพช่างภาพทั่วไป ชั้นที่3 ต้องผ่านเกณฑ์การประเมินตามหน่วยสมรรถนะอาชีพชั้น3ทั้ง2หน่วย 2.ผู้ที่จะขอรับการประเมินคุณวุฒิวิชาชีพช่างภาพทั่วไป ชั้นที่3 ต้องผ่านคุณวุฒิวิชาชีพช่างภาพทั่วไปชั้นที่2มาก่อน ผู้ที่จะขอรับการประเมิน สามารถขอรับการประเมินคุณวุฒิวิชาชีพช่างภาพทั่วไปชั้นที่2ร่วมหรือควบกับคุณวุฒิวิชาชีพช่างภาพทั่วไปชั้นที่3 พร้อมกันได้ , ,"2021-10-13 14:35:47.210"
86,87,87,None,สาขาวิชาชีพธุรกิจภาพถ่าย สาขาถ่ายภาพ อาชีพช่างภาพทั่วไป ชั้น 4, บุคคลที่มีคุณลักษณะของผลการเรียนรู้ที่พึงประสงค์ในอาชีพ ช่างภาพทั่วไปชั้น4นั้นจะสามารถถ่ายภาพประชาสัมพันธ์ ถ่ายภาพมาโครถ่ายภาพศิลปวัฒนธรรมเบื้องต้นเพื่อการถ่ายภาพทั่วไปได้ วางแผนการทำงานตามวัตถุประสงค์หรือความต้องการของลูกค้าและต้องมีคุณลักษณะดังนี้ 1. ทักษะการสื่อสาร  การทำงานเป็นทีม 3. ความสามารถในการแก้ไขปัญหา 4. การเรียนรู้ , 1.ผู้ที่จะผ่านการประเมินคุณวุฒิวิชาชีพช่างภาพทั่วไป ชั้นที่4 ต้องผ่านเกณฑ์การประเมินตามหน่วยสมรรถนะอาชีพชั้น4ทั้ง4หน่วย 2.ผู้ที่จะขอรับการประเมินคุณวุฒิวิชาชีพช่างภาพทั่วไปชั้นที่4ต้องผ่านคุณวุฒิวิชาชีพช่างภาพทั่วไปชั้น3ก่อน ผู้ที่จะขอรับการประเมิน สามารถขอรับการประเมินคุณวุฒิวิชาชีพช่างภาพทั่วไปชั้นที่3ร่วมหรือควบกับคุณวุฒิวิชาชีพช่างภาพทั่วไปชั้นที่4 พร้อมกันได้ , ,"2021-10-13 14:35:48.223"
87,88,88,None,สาขาวิชาชีพธุรกิจภาพถ่าย สาขาผลิตภาพ อาชีพช่างควบคุมคุณภาพงานอัดภาพระบบดิจิตอล ชั้น 4, บุคคลที่มีคุณลักษณะของผลการเรียนรู้ที่พึงประสงค์ในอาชีพ ควบคุมคุณภาพงานอัดภาพระบบดิจิตอลชั้น4สามารถตรวจสอบสมรรถนะของเครื่องอัดภาพระบบดิจิตอลและควบคุมคุณภาพของงานให้อยู่ในเกณฑ์มาตรฐานและบุคคลจะต้องมีคุณลักษณะดังนี้ 1. ทักษะการสื่อสาร  การทำงานเป็นทีม 3. ความสามารถในการแก้ไขปัญหา 4. การเรียนรู้ , 1. ผู้ที่จะผ่านการประเมินคุณวุฒิวิชาชีพควบคุมคุณภาพงานอัดภาพระบบดิจิตอล ชั้น4ต้องผ่านเกณฑ์การประเมินตามหน่วยสมรรถนะอาชีพ ชั้น4ทั้ง4หน่วย , ,"2021-10-13 14:35:49.117"
88,89,89,None,สาขาวิชาชีพธุรกิจภาพถ่าย สาขาผลิตภาพ อาชีพช่างปรับแต่งภาพ ชั้น 2, บุคคลที่มีคุณลักษณะของผลการเรียนรู้ที่พึงประสงค์ในอาชีพ พนักงานปรับแต่งภาพชั้น2จะสามารถ เตรียมงานและปรับแต่งภาพแบบดัดแปลงได้และรักษาจรรยาบรรณโดยไม่เผยแพร่ข้อมูลของลูกค้า และบุคคลจะต้องมีคุณลักษณะดังนี้ 1. ทักษะการสื่อสาร  การทำงานเป็นทีม 3. ความสามารถในการแก้ไขปัญหา 4. การเรียนรู้ , ผู้ที่จะผ่านการประเมินคุณวุฒิวิชาชีพปรับแต่งภาพชั้น2 ต้องผ่านเกณฑ์การประเมินตามหน่วยสมรรถนะอาชีพชั้น2ทั้ง3หน่วย , ,"2021-10-13 14:35:50.017"
89,90,90,None,สาขาวิชาชีพธุรกิจภาพถ่าย สาขาผลิตภาพ อาชีพช่างปรับแต่งภาพ ชั้น 3, บุคคลที่มีคุณลักษณะของผลการเรียนรู้ที่พึงประสงค์ในอาชีพ พนักงานปรับแต่งภาพชั้น3จะสามารถปรับแต่งภาพแบบดัดแปลงโดยบุคคลจะต้องมีคุณลักษณะดังนี้ 1. ทักษะการสื่อสาร  การทำงานเป็นทีม 3. ความสามารถในการแก้ไขปัญหา 4. การเรียนรู้ , 1. ผู้ที่จะผ่านการประเมินคุณวุฒิวิชาชีพปรับแต่งภาพชั้น3 ต้องผ่านเกณฑ์การประเมินตามหน่วยสมรรถนะอาชีพชั้น3ทั้ง1หน่วย 2.ผู้ที่จะขอรับการประเมินคุณวุฒิวิชาชีพปรับแต่งภาพชั้น3ต้องผ่านคุณวุฒิวิชาชีพปรับแต่งภาพชั้น2มาก่อน ผู้ที่จะขอรับการประเมิน สามารถขอรับการประเมินคุณวุฒิวิชาชีพปรับแต่งภาพชั้นที่2 ร่วมหรือควบกับคุณวุฒิวิชาชีพปรับแต่งภาพชั้น3พร้อมกันได้ , ,"2021-10-13 14:35:51.093"
90,91,91,None,สาขาวิชาชีพธุรกิจภาพถ่าย สาขาผลิตภาพ อาชีพช่างผลิตภาพระบบดิจิตอล ชั้น 2, บุคคลที่มีคุณลักษณะของผลการเรียนรู้ที่พึงประสงค์ในอาชีพผลิตภาพระบบดิจิตอล ชั้น2จะสามารถเตรียมงานและปฏิบัติงานผลิตภาพระบบต่างๆตามยุคสมัยได้อย่างปลอดภัยและมีจรรยาบรรณ และบุคคลจะต้องมีคุณลักษณะดังนี้ 1. ทักษะการสื่อสาร  การทำงานเป็นทีม 3. ความสามารถในการแก้ไขปัญหา 4. การเรียนรู้ , ผู้ที่จะผ่านการประเมินคุณวุฒิวิชาชีพผลิตภาพระบบดิจิตอล ชั้น2ต้องผ่านเกณฑ์การประเมินตามหน่วยสมรรถนะอาชีพชั้น2ทั้ง4หน่วย , ,"2021-10-13 14:35:52.040"
91,92,92,None,สาขาวิชาชีพธุรกิจภาพถ่าย สาขาผลิตภาพ อาชีพนักออกแบบกราฟิก ชั้น 3, บุคคลที่มีคุณลักษณะของผลการเรียนรู้ที่พึงประสงค์ในอาชีพ ออกแบบกราฟิกชั้น3จะสามารถ ออกแบบกราฟิกพื้นฐานโดยคำนึงถึงเรื่องจรรยาบรรณและลิขสิทธิ์เกี่ยวกับการออกแบบ และบุคคลจะต้องมีคุณลักษณะดังนี้ 1. ทักษะการสื่อสาร  การทำงานเป็นทีม 3. ความสามารถในการแก้ไขปัญหา 4. การเรียนรู้ , 1. ผู้ที่จะผ่านการประเมินคุณวุฒิวิชาชีพออกแบบกราฟิกชั้น3 ต้องผ่านเกณฑ์การประเมินตามหน่วยสมรรถนะอาชีพชั้น3ทั้ง3หน่วย 2. ผู้ที่จะขอรับการประเมินคุณวุฒิวิชาชีพออกแบบกราฟิกชั้น3ต้องผ่านคุณวุฒิวิชาชีพปรับแต่งภาพชั้น2มาก่อน ผู้ที่จะขอรับการประเมิน สามารถขอรับการประเมินคุณวุฒิวิชาชีพปรับแต่งภาพชั้นที่2 ร่วมหรือควบกับคุณวุฒิวิชาชีพออกแบบกราฟิก ชั้น3พร้อมกันได้ , ,"2021-10-13 14:35:53.137"
92,93,93,None,สาขาวิชาชีพธุรกิจภาพถ่าย สาขาผลิตภาพ อาชีพนักออกแบบกราฟิก ชั้น 4, บุคคลที่มีคุณลักษณะของผลการเรียนรู้ที่พึงประสงค์ในอาชีพ ออกแบบกราฟิกชั้น4จะสามารถออกแบบกราฟิกขั้นสูงได้ และบุคคลจะต้องมีคุณลักษณะดังนี้ 1. ทักษะการสื่อสาร  การทำงานเป็นทีม 3. ความสามารถในการแก้ไขปัญหา 4. การเรียนรู้ ,   1. ผู้ที่จะผ่านการประเมินคุณวุฒิวิชาชีพออกแบบกราฟิกชั้น4 ต้องผ่านเกณฑ์การประเมินตามหน่วยสมรรถนะอาชีพชั้น4ทั้ง1หน่วย 2. ผู้ที่จะขอรับการประเมินคุณวุฒิวิชาชีพออกแบบกราฟิกชั้น4ต้องผ่านคุณวุฒิวิชาชีพออกแบบกราฟิกชั้น3มาก่อน ผู้ที่จะขอรับการประเมิน สามารถขอรับการประเมินคุณวุฒิวิชาชีพออกแบบกราฟิกชั้นที่3 ร่วมหรือควบกับคุณวุฒิวิชาชีพออกแบบกราฟิก ชั้น4พร้อมกันได้ , ,"2021-10-13 14:35:54.333"
93,94,94,None,สาขาวิชาชีพโลจิสติกส์ สาขางานจัดการขนส่ง อาชีพผู้ปฏิบัติการขนส่งสินค้าทางถนน  ชั้น 1, ปฏิบัติงานเกี่ยวกับการรับสินค้า และการส่งมอบสินค้าจากการขนส่งสินค้าทางถนนโดยบุคคลจะต้อง มีคุณลักษณะดังนี้ 1.มีทักษะการสื่อสารขั้นพื้นฐานในการปฏิบัติงาน สามารถทำงานร่วมกับผู้อื่นได้ 2.มีความสามารถในการแก้ปัญหาขั้นพื้นฐาน 3.มีทักษะการใช้เทคโนโลยีสารสนเทศพื้นฐาน4.มีการเรียนรู้จากการปฏิบัติงานอย่างต่อเนื่อง , 1.ผู้ที่มีคุณวุฒิวิชาชีพชั้น1สาขาอาชีพผู้ปฏิบัติการขนส่งสินค้าทางถนน ต้องผ่านเกณฑ์การประเมินสมรรถนะอาชีพชั้น1 2.ผู้ที่มีคุณวุฒิวิชาชีพชั้น1สามารถเลื่อนระดับคุณวุฒิวิชาชีพในระดับที่สูงขึ้นโดยไม่น้อยกว่า1ปีหลังจากได้รับคุณวุฒิวิชาชีพชั้น1 ," , ……………N/A……………………………………………………… ","2021-10-13 14:35:55.330"
94,95,95,None,สาขาวิชาชีพโลจิสติกส์ สาขาจัดการขนส่ง อาชีพผู้ปฏิบัติการขนส่งสินค้าทางท่อ ชั้น 1, ปฏิบัติงานเกี่ยวกับการรับสินค้า และการส่งมอบสินค้าจากการขนส่งสินค้าทางท่อโดยบุคคลจะต้องมีคุณลักษณะดังนี้ 1.มีทักษะการสื่อสารขั้นพื้นฐานในการปฏิบัติงาน สามารถทำงานร่วมกับผู้อื่นได้ 2มีความสามารถในการแก้ปัญหาขั้นพื้นฐาน 3.มีทักษะการใช้เทคโนโลยีสารสนเทศพื้นฐาน4.มีการเรียนรู้จากการปฏิบัติงานอย่างต่อเนื่อง , 1.ผู้ที่มีคุณวุฒิวิชาชีพชั้น1สาขาอาชีพผู้ปฏิบัติการขนส่งสินค้าทางท่อต้องมีคุณวุฒิวิชาชีพไม่ต่ำกว่าสมรรถนะและเกณฑ์ในการปฏิบัติงานที่กำหนด 2.ผู้ที่มีคุณวุฒิวิชาชีพชั้น1สามารถเลื่อนระดับคุณวุฒิวิชาชีพในระดับที่สูงขึ้นโดยไม่น้อยกว่า1ปีหลังจากได้รับคุณวุฒิวิชาชีพชั้น1 ," , ……………N/A……………………………………………………… ","2021-10-13 14:35:56.340"
95,96,96,None,สาขาวิชาชีพโลจิสติกส์ สาขาจัดการขนส่ง อาชีพผู้ปฏิบัติการขนส่งสินค้าทางน้ำ ชั้น 1, ปฏิบัติงานเกี่ยวกับการจัดเตรียมเอกสารสถานที่ อุปกรณ์ในการรับสินค้าและการตรวจสอบสินค้าปลายทางจากการขนส่งสินค้าทางน้ำโดยบุคคลจะต้องมีคุณลักษณะดังนี้ 1.มีทักษะการสื่อสารขั้นพื้นฐานในการปฏิบัติงาน สามารถทำงานร่วมกับผู้อื่นได้ 2.มีความสามารถในการแก้ปัญหาขั้นพื้นฐาน3.มีทักษะการใช้เทคโนโลยีสารสนเทศพื้นฐาน 4.มีการเรียนรู้จากการปฏิบัติงานอย่างต่อเนื่อง , 1.ผู้ที่มีคุณวุฒิวิชาชีพชั้น 1สาขาอาชีพผู้ปฏิบัติการขนส่งสินค้าทางน้ำต้องผ่านเกณฑ์การประเมินสมรรถนะอาชีพชั้น1 2.ผู้ที่มีคุณวุฒิวิชาชีพชั้น1 สามารถเลื่อนระดับคุณวุฒิวิชาชีพในระดับที่สูงขึ้นโดยไม่น้อยกว่า1ปีหลังจากได้รับคุณวุฒิวิชาชีพชั้น1 ," , ……………N/A……………………………………………………… ","2021-10-13 14:35:57.303"
96,97,97,None,สาขาวิชาชีพโลจิสติกส์ สาขาจัดการขนส่ง อาชีพผู้ปฏิบัติการขนส่งสินค้าทางราง ชั้น 1, ปฏิบัติงานเกี่ยวกับการรับสินค้า และการส่งมอบสินค้าจากการขนส่งสินค้าทางราง โดยบุคคลจะต้อง มีคุณลักษณะดังนี้ 1.มีทักษะการสื่อสารขั้นพื้นฐานในการปฏิบัติงาน สามารถทำงานร่วมกับผู้อื่นได้2.มีความสามารถในการแก้ปัญหาขั้นพื้นฐาน3.มีทักษะการใช้เทคโนโลยีสารสนเทศพื้นฐาน 4.มีการเรียนรู้จากการปฏิบัติงานอย่างต่อเนื่อง , 1.ผู้ที่มีคุณวุฒิวิชาชีพชั้น 1สาขาอาชีพผู้ปฏิบัติการขนส่งสินค้าทางรางต้องผ่านเกณฑ์การประเมินสมรรถนะอาชีพชั้น1 2.ผู้ที่มีคุณวุฒิวิชาชีพชั้น1 สามารถเลื่อนระดับคุณวุฒิวิชาชีพในระดับที่สูงขึ้นโดยไม่น้อยกว่า1ปีหลังจากได้รับคุณวุฒิวิชาชีพชั้น1 ," , ……………N/A………………………………………………………. ","2021-10-13 14:35:58.303"
97,98,98,None,สาขาวิชาชีพโลจิสติกส์ สาขาจัดการขนส่ง อาชีพผู้ปฏิบัติการขนส่งสินค้าทางอากาศ ชั้น 1, ปฏิบัติงานเกี่ยวกับการรับสินค้า และการส่งมอบสินค้าจากการขนส่งสินค้าทางอากาศโดยบุคคลจะต้องมีคุณลักษณะดังนี้ 1.มีทักษะการสื่อสารขั้นพื้นฐานในการปฏิบัติงาน สามารถทำงานร่วมกับผู้อื่นได้ 2.มีความสามารถในการแก้ปัญหาขั้นพื้นฐาน 3.มีทักษะการใช้เทคโนโลยีสารสนเทศพื้นฐาน4.มีการเรียนรู้จากการปฏิบัติงานอย่างต่อเนื่อง , 1.ผู้ที่มีคุณวุฒิวิชาชีพชั้น 1สาขาอาชีพผู้ปฏิบัติการขนส่งสินค้าทางอากาศต้องผ่านเกณฑ์การประเมินสมรรถนะอาชีพชั้น1 2.ผู้ที่มีคุณวุฒิวิชาชีพชั้น1 สามารถเลื่อนระดับคุณวุฒิวิชาชีพในระดับที่สูงขึ้นโดยไม่น้อยกว่า1ปีหลังจากได้รับคุณวุฒิวิชาชีพชั้น1 ," , ……………N/A……………………………………………………… ","2021-10-13 14:35:59.270"
98,99,99,None,สาขาวิชาชีพโลจิสติกส์ สาขาจัดการขนส่ง อาชีพผู้ปฏิบัติการขนส่งสินค้าทางท่อ ชั้น 2, ปฏิบัติงานเกี่ยวกับการรับสินค้า ปฏิบัติการขนส่งสินค้าและการส่งมอบสินค้าจากการขนส่งสินค้า ทางท่อโดยบุคคลจะต้องมีคุณลักษณะดังนี้ 1.สามารถสื่อสารภาษาต่างประเทศหรือภาษาในประเทศอาเซียนในการปฏิบัติงานเบื้องต้น สามารถทำงานร่วมกับผู้อื่นปรับตัวเข้ากับสังคมและสภาพแวดล้อมได้2.สามารถแก้ไขปัญหาพื้นฐานในการปฏิบัติงานที่พบประจำได้ 3.มีทักษะการใช้เทคโนโลยีสารสนเทศในการปฏิบัติงาน4.มีการเรียนรู้ด้วยตนเองอย่างต่อเนื่อง , 1.ผู้ที่มีคุณวุฒิวิชาชีพชั้น2สาขาอาชีพผู้ปฏิบัติการขนส่งสินค้าทางท่อต้องมีคุณวุฒิวิชาชีพไม่ต่ำกว่าสมรรถนะและเกณฑ์ในการปฏิบัติงานที่กำหนด 2.ผู้ที่มีคุณวุฒิวิชาชีพชั้น 2สามารถเลื่อนระดับคุณวุฒิวิชาชีพในระดับที่สูงขึ้นโดยไม่น้อยกว่า1ปีหลังจากได้รับคุณวุฒิวิชาชีพชั้น2 ," , ……………N/A……………………………………………………… ","2021-10-13 14:36:00.253"
99,100,100,None,สาขาวิชาชีพโลจิสติกส์ สาขางานจัดการขนส่ง อาชีพผู้ปฏิบัติการขนส่งสินค้าทางถนน  ชั้น 2, ปฏิบัติงานเกี่ยวกับการรับสินค้า ปฏิบัติการขนส่งสินค้าและส่งมอบสินค้าจากการขนส่งสินค้าทางถนนโดยบุคคลจะต้องมีคุณลักษณะดังนี้ 1.สามารถสื่อสารภาษาต่างประเทศหรือภาษาในประเทศอาเซียนในการปฏิบัติงานเบื้องต้น สามารถทำงานร่วมกับผู้อื่นปรับตัวเข้ากับสังคมและสภาพแวดล้อมได้ 2.สามารถแก้ไขปัญหาพื้นฐานในการปฏิบัติงานที่พบประจำได้ 3.มีทักษะการใช้เทคโนโลยีสารสนเทศในการปฏิบัติงาน4.มีการเรียนรู้ด้วยตนเองอย่างต่อเนื่อง , 1.ผู้ที่มีคุณวุฒิวิชาชีพชั้น2สาขาอาชีพผู้ปฏิบัติการขนส่งสินค้าทางถนน ต้องมีคุณวุฒิวิชาชีพไม่ต่ำกว่าสมรรถนะและเกณฑ์ในการปฏิบัติงานที่กำหนด 2.ผู้ที่มีคุณวุฒิวิชาชีพชั้น2สามารถเลื่อนระดับคุณวุฒิวิชาชีพในระดับที่สูงขึ้นโดยไม่น้อยกว่า1ปีหลังจากได้รับคุณวุฒิวิชาชีพชั้น23.ผู้ที่มีคุณวุฒิวิชาชีพชั้น 2ต้องมีประสบการณ์ทำงานมาแล้วอย่างน้อย 2 ปี ," , ……………N/A……………………………………………………… ","2021-10-13 14:36:01.267"
