industry_code,class_code,industry_name,industry_name_eng,description,"status"
01111,0111,การปลูกข้าวโพดที่ใช้เมล็ดแก่,Growing of maize," การปลูกข้าวโพดที่เก็บเกี่ยวเมล็ดแก่มาใช้ประโยชน์เพื่อเป็นวัตถุดิบในการผลิต แป้ง น้ำมัน หรืออาหารเช้าจากธัญพืช (คอร์นเฟล็กซ์) 
  แต่ไม่รวมถึง 
- การปลูกข้าวโพดที่กินฝักสด เช่น ข้าวโพดหวาน ข้าวโพดฝักอ่อน ดูกิจกรรม 01132
 - การปลูกข้าวโพดที่ใช้เป็นอาหารสัตว์ดูกิจกรรม 01191
","1"
01112,0111,การปลูกธัญพืช (ยกเว้น ข้าวและข้าวโพด),Growing of cereals except rice and maize,"การปลูกข้าวฟ่าง ข้าวสาลีข้าวบาร์เลย์ข้าวไรย์ข้าวโอ๊ต ลูกเดือย และธัญพืชอื่น ๆ แต่ไม่รวมถึง - การปลูกข้าว ดูหมู่ย่อย 0112 - การปลูกข้าวโพดที่ใช้เมล็ดแก่ ดูกิจกรรม 01111 - การปลูกข้าวโพดที่กินฝักสด เช่น ข้าวโพดหวาน ข้าวโพดฝักอ่อน ดูกิจกรรม 01132 - การปลูกข้าวโพดที่ใช้เป็นอาหารสัตว์ดูกิจกรรม 01191
","1"
01113,0111,การปลูกพืชตระกูลถั่ว,,"การปลูกถั่วเขียว ถั่วลันเตา ถั่วบีน ถั่วปากอ้า ถั่วหัวช้าง ถั่วมะแฮะ ถั่วสด ชิคพี(chick peas) คาวพี(cow peas) ถั่วเลนทิล (lentils) ถั่วลูพิน (lupins) ถั่วพีเจียน (pigeon peas) และพืชตระกูลถั่วอื่น ๆ แต่ไม่รวมถึง - การปลูกถั่วเหลือง ดูกิจกรรม 01114 - การปลูกถั่วลิสง ดูกิจกรรม 01115 - การปลูกถั่วฝักยาว ถั่วแขก ดูกิจกรรม 01132
","1"
01114,0111,การปลูกถั่วเหลือง,,"การปลูกถั่วเหลือง แต่ไม่รวมถึง - การปลูกพืชน้ำมัน (ยกเว้น ถั่วเหลือง) ดูกิจกรรม 01115
","1"
01115,0111,การปลูกพืชน้ำมัน (ยกเว้น ถั่วเหลือง),,"การปลูกพืชน้ำมัน เช่น ถั่วลิสง ดอกคำฝอย ดอกทานตะวัน งา ละหุ่ง ลินสีด มัสตาร์ด ไนเจอร์เรป และพืชอื่น ๆ ที่ให้น้ำมัน แต่ไม่รวมถึง - การปลูกถั่วเหลือง ดูกิจกรรม 01114 - การปลูกไม้ยืนต้นที่ให้น้ำมัน เช่น ปาล์มน้ำมัน มะพร้าว ดูหมู่ย่อย 0126
","1"
01121,0112,การปลูกข้าวเจ้า,,"การปลูกข้าวเจ้า
","1"
01122,0112,การปลูกข้าวเหนียว,,"การปลูกข้าวเหนียว
","1"
01131,0113,การปลูกพืชผักกินใบและพืชผักกินต้น,,"การปลูกพืชผักกินใบหรือพืชผักกินต้น เช่น ผักคะน้า ผักบุ้ง ผักกาด ผักสลัด กะหล่ำปลีกะหล่ำดอก หน่อไม้ฝรั่ง บรอกโคลีอาติโชก ชิโครี่ ผักโขม และ พืชผักกินใบและพืชผักกินต้นอื่น ๆ
","1"
01132,0113,การปลูกพืชผักกินผล รวมถึงแตงชนิดต่าง ๆ,,"การปลูกพืชผักกินผล เช่น มะเขือม่วง มะเขือเทศ มะเขือยาว ฟัก ฟักทอง ข้าวโพด ที่กินฝักสด (เช่น ข้าวโพดฝักอ่อน ข้าวโพดหวาน ข้าวโพดข้าวเหนียว) ถั่วฝักยาว ถั่วแขก แตงร้าน แตงกวา แตงโม แคนตาลูป รวมทั้งแตงและพืชผัก กินผลชนิดอื่น ๆ แต่ไม่รวมถึง - การปลูกข้าวโพดที่ใช้เมล็ดแก่ ดูกิจกรรม 01111 - การปลูกข้าวโพดที่ใช้เป็นอาหารสัตว์ดูกิจกรรม 01191
","1"
01133,0113,การปลูกพืชผักกินหัว,,"การปลูกพืชผักกินหัว เช่น แครอท เทอร์นิป กระเทียม หอม หอมหัวใหญ่ หอมแดง และการปลูกพืชผักกินหัวอื่น ๆ
","1"
01134,0113,การปลูกพืชจำพวกรากและหัว (ยกเว้นมันสำปะหลัง),,"การปลูกพืชจำพวกรากและหัวที่ให้สตาร์ชและอินนูลินสูง เช่น มันฝรั่ง มันเทศ เผือก กลอย มันเสา ท้าวยายม่อม และพืชจำพวกรากและหัวอื่น ๆ
","1"
01135,0113,การปลูกมันสำปะหลัง,,"การปลูกมันสำปะหลัง
","1"
01136,0113,การเพาะเห็ด,,"การปลูกเห็ดชนิดมัชรูม (เช่น เห็ดหอม เห็ดฟาง เห็ดนางฟ้า ฯลฯ) และเห็ด ชนิดทรัฟเฟิล แต่ไม่รวมถึง - การเพาะเชื้อเห็ด/ส่าเห็ด ดูกิจกรรม 01302
","1"
01139,0113,การปลูกพืชผักอื่น ๆ ซึ่งมิได้จัดประเภทไว้ในที่อื่น,,"การปลูกพืชผักกินดอก เช่น แค โสน ขจร ฯลฯ การปลูกพืชที่มีเมล็ด ยกเว้น เมล็ดหัวผักกาด การปลูกชูการ์บีทและพืชผักอื่น ๆ ซึ่งมิได้จัดประเภทไว้ในที่อื่น แต่ไม่รวมถึง - การปลูกพริกและพริกไทย (พริกในตระกูลแคปซิกัม) และพืชที่ใช้เป็น เครื่องเทศและพืชน้ำมันหอมระเหยอื่น ๆ ดูหมู่ย่อย 0128 - การปลูกหัวผักกาดที่ให้เมล็ด ดูกิจกรรม 01199
","1"
01140,0114,การปลูกอ้อย,Growing of sugar cane,"การปลูกอ้อยเคี้ยวหรืออ้อยโรงงาน แต่ไม่รวมถึง - การปลูกชูการ์บีท ดูกิจกรรม 01139
","1"
01150,0115,การปลูกยาสูบ,Growing of tobacco,"การปลูกยาสูบซึ่งมิได้ใช้ในโรงงานอุตสาหกรรม ก้านใบยา ยาเส้นที่ผ่านการบ่มแล้ว
","1"
01161,0116,การปลูกฝ้าย,,"การปลูกฝ้าย รวมถึงการหีบฝ้ายที่ดำเนินการในแหล่งเดียวกัน แต่ไม่รวมถึง - การหีบฝ้าย โดยได้รับค่าตอบแทนหรือตามสัญญาจ้าง ดูกิจกรรม 01630
","1"
01169,0116,การปลูกพืชเส้นใยอื่น ๆ ซึ่งมิได้จัดประเภทไว้ในที่อื่น,,"การปลูกปอ ปอกระเจา ปอแก้ว ปอเทืองและพืชอื่น ๆ ที่ให้เส้นใยเพื่อทำ สิ่งทอ การปลูกแฟลกส์และป่านศรนารายณ์ ป่านมานิลา ป่านอะบากา ป่านรามี และพืชเส้นใยอื่น ๆ ซึ่งมิได้จัดประเภทไว้ในที่อื่น การนำพืชแช่น้ำหรือตากน้ำค้าง เพื่อผลิตเส้นใยสิ่งทอ (ปอกระเจา แฟลกส์หรือใยมะพร้าว)
","1"
01191,0119,การปลูกข้าวโพดเลี้ยงสัตว์,,"การปลูกข้าวโพดเลี้ยงสัตว์ แต่ไม่รวมถึง - การปลูกข้าวโพดที่ใช้เมล็ดแก่ ดูกิจกรรม 01111 - การปลูกข้าวโพดที่กินฝักสด เช่น ข้าวโพดหวาน ข้าวโพดฝักอ่อน ดูกิจกรรม 01132
","1"
01192,0119,การปลูกพืชล้มลุกที่ใช้เป็นอาหารสัตว์(ยกเว้น ข้าวโพดเลี้ยงสัตว์),,"การปลูกสวีด (swedes) แมนโกลด์ (mangolds) พืชหัวสด โคลเวอร์ (clover) อัลฟาฟา (alfalfa) เซนฟอน หญ้าชนิดอื่น ๆ ที่ใช้เป็นอาหารสัตว์
","1"
01193,0119,การปลูกกล้วยไม้,,"การปลูกกล้วยไม้พันธุ์ต่าง ๆ
แต่ไม่รวมถึง - การปลูกไม้ดอกอื่น ๆ ดูกิจกรรม 01194 - การขยายพันธุ์กล้วยไม้ดูกิจกรรม 01302
","1"
01194,0119,การปลูกไม้ดอกอื่น ๆ (ยกเว้น กล้วยไม้),,"การปลูกไม้ดอก เช่น มะลิ ดาวเรือง กุหลาบ การผลิตไม้ตัดดอกและ กล้าไม้ดอก รวมถึงการปลูกไม้ดอกเพื่อเก็บเมล็ดพันธุ์ แต่ไม่รวมถึง - การปลูกกล้วยไม้ดูกิจกรรม 01193 - การทำสวนไม้ประดับ ดูกิจกรรม 01301 - กระบวนการจัดการเมล็ดพันธุ์เพื่อการขยายพันธุ์ดูกิจกรรม 01640
","1"
01199,0119,การปลูกพืชล้มลุกชนิดอื่น ๆ ซึ่งมิได้จัดประเภทไว้ในที่อื่น,,"การปลูกพืชเพื่อเอาเมล็ดมาใช้เป็นอาหารสัตว์ เช่น เมล็ดหัวผักกาด (ยกเว้น เมล็ดของชูการ์ บีท) เมล็ดของพืชอื่น ๆ ที่ใช้เป็นอาหารสัตว์ และการปลูก พืชล้มลุกชนิดอื่น ๆ ซึ่งมิได้จัดประเภทไว้ในที่อื่น แต่ไม่รวมถึง - การปลูกชูการ์บีทเพื่อเอาเมล็ดพันธุ์ดูกิจกรรม 01139 - การปลูกพืชล้มลุกที่เป็นเครื่องเทศ เครื่องหอม ยารักษาโรคและพืชทาง เภสัชภัณฑ์ดูหมู่ย่อย 0128 - กระบวนการจัดการเมล็ดพันธุ์เพื่อการขยายพันธุ์ดูกิจกรรม 01640
","1"
01210,0121,การทำสวนองุ่น,Growing of grapes,"การปลูกองุ่นในสวนเพื่อผลิตไวน์และรับประทานสด แต่ไม่รวมถึง - การผลิตไวน์ดูหมู่ย่อย 1102
","1"
01221,0122,การปลูกสับปะรด,,"การปลูกสับปะรดภูเก็ต สับปะรดศรีราชาและสับปะรดอื่น ๆ
","1"
01222,0122,การปลูกทุเรียน,,"การปลูกทุเรียนหมอนทอง ทุเรียนก้านยาว ทุเรียนชะนีและทุเรียนอื่น ๆ
","1"
01223,0122,การปลูกลำไย,,"การปลูกลำไย
","1"
01224,0122,การปลูกมะม่วง,,"การปลูกมะม่วงน้ำดอกไม้มะม่วงมหาชนก มะม่วงเขียวเสวย และมะม่วงอื่น ๆ
","1"
01225,0122,การปลูกกล้วย,,"การปลูกกล้วยหอม กล้วยน้ำว้า เพลนเทน (plaintains) และกล้วยอื่น ๆ
","1"
01226,0122,การปลูกมังคุด,,"การปลูกมังคุด
","1"
01227,0122,การปลูกเงาะ,,"การปลูกเงาะ
","1"
01228,0122,การปลูกลิ้นจี,,"การปลูกลิ้นจี
","1"
01229,0122,การปลูกไม้ผลเมืองร้อนและกึ่งร้อนอื่น ๆ ซึ่งมิได้จัดประเภทไว้ในที่อื่น,,"การปลูกมะละกอ อโวคาโด มะเดื่อ อินทผาลัม พุทราและไม้ผลเมืองร้อน และกึ่งร้อนอื่น ๆ ซึ่งมิได้จัดประเภทไว้ในที่อื่น
","1"
01231,0123,การปลูกส้ม,,"การปลูกส้มเขียวหวาน ส้มสายน้ำผึ้ง ส้มโชกุน ส้มแมนดาริน ส้มเช้ง ส้มจีน ส้มคลีเมนไทล์และส้มอื่น ๆ
","1"
01239,0123,การปลูกไม้ผลตระกูลส้มอื่น ๆ ซึ่งมิได้จัดประเภทไว้ในที่อื่น,,"การปลูกมะนาวและไลม์ มะกรูด การปลูกส้มโอและเกรปฟรุทและไม้ผลอื่น ๆ ในประเภทส้มและมะนาว
","1"
01241,0124,การปลูกไม้ผลตระกูลแอปเปิ้ล,,"การปลูกแอปเปิ้ล แพร์และไม้ผลอื่น ๆ ตระกูลแอปเปิ้ล
","1"
01249,0124,การปลูกไม้ผลเมืองหนาวอื่น ๆ ซึ่งมิได้จัดประเภทไว้ในที่อื่น,,"การปลูกแอปริคอต เชอร์รี่ และเชอร์รี่ที่มีรสเปรี้ยว ลูกท้อ ลูกพีชและเนคทารีน ลูกพลัม และลูกพรุน รวมถึงไม้ผลอื่น ๆ ในประเภทเดียวกัน
","1"
01251,0125,การปลูกไม้ผลเปลือกแข็งที่กินได,,"การปลูกอัลมอนด์มะม่วงหิมพานต์เกาลัด เฮเซลนัต ถั่วพิตาชิโอ วอลนัต และ ไม้ผลที่มีเปลือกแข็งอื่น ๆ
","1"
01252,0125,การปลูกไม้ผลที่มีต้นเป็นพุ่ม,,"การปลูกสตรอเบอร์รี่ บลูเบอร์รี่ เคอร์แรนต์กูสเบอร์รี่ กีวีฟรุต ราสเบอรี่และ ไม้ผลที่มีต้นเป็นพุ่มอื่น ๆ
","1"
01259,0125,การปลูกไม้ผลยืนต้นอื่น ๆ ซึ่งมิได้จัดประเภทไว้ในทื่อื่น,,"การปลูกถั่วโลคัสและไม้ผลยืนต้นอื่น ๆ ซึ่งมิได้จัดประเภทไว้ในที่อื่น
","1"
01261,0126,การปลูกปาล์มน้ำมัน,,"การปลูกปาล์มชนิดที่ให้น้ำมัน แต่ไม่รวมถึง - การปลูกปาล์มชนิดที่ใช้เพื่อการประดับตกแต่ง ดูกิจกรรม 01301
","1"
01262,0126,การปลูกมะพร้าว,,"การปลูกมะพร้าวทั้งชนิดที่ใช้เป็นวัตถุดิบในการผลิตน้ำมันมะพร้าวและเพื่อ วัตถุประสงค์อื่น เช่น มะพร้าวน้ำหอม มะพร้าวกะทิ
","1"
01269,0126,การปลูกไม้ยืนต้นอื่น ๆ ที่ให้น้ำมันซึ่งมิได้จัดประเภทไว้ในที่อื่น,,"การปลูกมะกอก การปลูกสบู่ดำ และการปลูกไม้ยืนต้นอื่น ๆ ที่ให้น้ำมัน ซึ่งมิได้จัดประเภทไว้ในที่อื่น
","1"
01271,0127,การทำไร่ชา,,"การปลูกชา ชาจีน ชาเขียว ชามาเต้และชาอื่น ๆ
","1"
01272,0127,การทำไร่กาแฟ,,"การทำไร่กาแฟ
","1"
01279,0127,การปลูกพืชอื่น ๆ ที่นำไปทำเครื่องดื่มซึ่งมิได้จัดประเภทไว้ในที่อื่น,,"การปลูกโกโก้การปลูกพืชที่ใช้ทำเครื่องดื่มสมุนไพร (เช่น เก็กฮวย กระเจี๊ยบแดง หม่อน) และพืชอื่น ๆ ที่นำไปทำเครื่องดื่ม ซึ่งมิได้จัดประเภทไว้ในที่อื่น แต่ไม่รวมถึง - การปลูกต้นหม่อนเพื่อเลี้ยงไหม ดูกิจกรรม 01492
","1"
01281,0128,การปลูกพริก,,"การปลูกพริกขี้หนู พริกชี้ฟ้าแดงและเขียว พริกเหลือง พริกหนุ่ม พริกหวาน และพริกหยวก ฯลฯ แต่ไม่รวมถึง - การแปรรูปพริก เช่น พริกแห้ง พริกป่น ดูกิจกรรม 10771
","1"
01282,0128,การปลูกพริกไทย,,"การปลูกพริกไทย แต่ไม่รวมถึง - การแปรรูปพริกไทย ดูกิจกรรม 10771
","1"
01289,0128,การปลูกพืชอื่น ๆ ประเภทเครื่องเทศ เครื่องหอม ยารักษาโรคและพืชทาง เภสัชภัณฑ์ซึ่งมิได้จัดประเภทไว้ในที่อื่น,,"การปลูกพืชล้มลุกและพืชยืนต้นที่ใช้เป็นเครื่องเทศ เครื่องหอมและยารักษาโรค การปลูกลูกจันทน์เทศ ดอกจันทน์เทศและกระวาน การปลูกผักชียี่หร่า โป๊ยกั๊ก เทียนข้าวเปลือก อบเชย กานพลู การปลูกวานิลา มัสตาร์ด หญ้าฝรั่น ฮอฟ มินท์การปลูกขิง ข่า ตะไคร้ขมิ้น การปลูกมะขามแขก ฟ้าทะลายโจรเหงือกปลาหมอ และการปลูกพืชที่ใช้เป็นเครื่องเทศ เครื่องหอมและยารักษาโรค การปลูกพืชเสพติด (ยกเว้น ยาสูบ) เช่น กัญชา ฝิ่น กระท่อม การปลูกพืช ที่ใช้ในการผลิตน้ำหอม ใช้ในทางเภสัชภัณฑ์หรือใช้ในการป้องกันแมลงและ กำจัดเชื้อราหรือวัตถุประสงค์ที่คล้ายกัน แต่ไม่รวมถึง - การปลูกยาสูบ ดูกิจกรรม 01150
","1"
01291,0129,การปลูกต้นยางพารา,,"การปลูกต้นยางพารา เพื่อการกรีดน้ำยางและการแปรรูปน้ำยางดิบ แต่ไม่รวมถึง - การเก็บหาน้ำยางไม้หรือยางไม้ที่คล้ายน้ำยางพาราที่อยู่ในป่า ดูกิจกรรม 02300
","1"
01292,0129,การปลูกพืชที่ใช้ในการถักสาน,,"การปลูกไผ่ หวาย อ้อ กก และพืชที่ใช้ในการถักสานอื่น ๆ แต่ไม่รวมถึง - การเก็บหาไผ่ หวาย อ้อ กก และพืชที่ใช้ในการถักสานอื่น ๆ ที่ขึ้นในป่าหรือ ที่เกิดขึ้นในธรรมชาติดูกิจกรรม 02300
","1"
01299,0129,การปลูกพืชยืนต้นประเภทอื่น ๆ ซึ่งมิได้จัดประเภทไว้ในที่อื่น,,"การปลูกต้นไม้เพื่อนำมาแยกน้ำยางไม้ เช่น การปลูกต้นเมเปิล การปลูกต้นสน และต้นสนที่ใช้ประดับในงานคริสต์มาส และการปลูกพืชยืนต้นประเภทอื่น ๆ ซึ่งมิได้จัดประเภทไว้ในที่อื่น
","1"
01301,0130,การทำสวนไม้ประดับ,,"การปลูกไม้ประดับภายใต้โรงเรือนหรือกลางแจ้ง รวมถึงการย้ายปลูกหญ้า
","1"
01302,0130,การปลูกพืช การเพาะพันธุ์และการขยายพันธุ์พืชอื่น ๆ,,"การเพาะและขยายพันธุ์พืช เช่น การตัดกิ่งชำ การแยกหน่อ การเพาะเมล็ด สำหรับการขยายพันธุ์พืชโดยตรง การตอนหรือการขยายกิ่งของพืชที่เลือกไว้ เพื่อนำไปขยายพันธุ์ต่อไป นอกจากนั้นยังรวมถึงการปลูกพืชใช้ขยายพันธุ์ การปลูกต้นไม้ที่มีหัว หัวใต้ดินและราก การตัดกิ่งชำและการตอนเพื่อนำไป ขยายพันธุ์ รวมทั้งการเพาะเชื้อเห็ดชนิดต่าง ๆและการดำเนินงานเกี่ยวกับ การเพาะชำกล้าไม้ยกเว้น การเพาะชำกล้าไม้ป่า
","1"
01411,0141,การเลี้ยงโคนมและโคเนื้อ,,"การเลี้ยง การเพาะพันธุ์และการผสมพันธุ์โคนมและโคเนื้อ การผลิตน้ำนมดิบ จากโคนม รวมถึงการผลิตน้ำเชื้อของสัตว์ดังกล่าว
 แต่ไม่รวมถึง
 - กระบวนการผลิตนม ดูหมู่ย่อย 1050

","1"
01412,0141,การเลี้ยงกระบือนมและกระบือเนื้อ,,"การเลี้ยง การเพาะพันธุ์และการผสมพันธุ์กระบือนมและกระบือเนื้อ การผลิต น้ำนมดิบจากกระบือนม รวมถึงการผลิตน้ำเชื้อสัตว์ดังกล่าว
แต่ไม่รวมถึง
 - กระบวนการผลิตนม ดูหมู่ย่อย 1050

","1"
01419,0141,การเลี้ยงโคและกระบือเพื่อวัตถุประสงค์อื่น ๆ ซึ่งมิได้จัดประเภทไว้ในที่อื่น,,"การเลี้ยง การเพาะพันธุ์ และการผสมพันธุ์โคและกระบือเพื่อการอนุรักษ์ การท่องเที่ยวและการกีฬา รวมถึงการผลิตน้ำเชื้อของโคและกระบือเพื่อ วัตถุประสงค์อื่น ๆ ซึ่งมิได้จัดประเภทไว้ในที่อื่น
","1"
01420,0142,การเลี้ยงม้า ลา ล่อ ม้าล่อและสัตว์อื่น ๆ ที่คล้ายม้า,Raising of horses and other equines,"การเลี้ยงและการเพาะพันธุ์ม้า ลา ล่อ ม้าล่อ และสัตว์อื่น ๆ ที่คล้ายม้า
แต่ไม่รวมถึง
- การดำเนินงานเกี่ยวกับคอกม้าแข่งและม้าสำหรับขี่ ดูหมู่ย่อย 9319

","1"
01430,0143,การเลี้ยงอูฐที่มีโหนกเดียวและอูฐที่มีสองโหนก,Raising of camels and camelids,"การเลี้ยงและเพาะพันธุ์อูฐที่มีโหนกเดียวและอูฐที่มีสองโหนก
","1"
01441,0144,การเลี้ยงแกะ,,"การเลี้ยง การเพาะพันธุ์การผสมพันธุ์การผลิตน้ำนมดิบ และการผลิตขนแกะหยาบ
แต่ไม่รวมถึง
- การตัดขนแกะ โดยได้รับค่าตอบแทนหรือตามสัญญาจ้าง ดูกิจกรรม 01629 
- การผลิตขนแกะซึ่งเป็นผลพลอยได้จากการฆ่าแกะ ดูกิจกรรม 10111
 - กระบวนการผลิตนม ดูหมู่ย่อย 1050
","1"
01442,0144,การเลี้ยงแพะ,,"การเลี้ยง การเพาะพันธุ์การผสมพันธุ์และการผลิตน้ำนมดิบที่ได้จากแพะ
แต่ไม่รวมถึง
- กระบวนการผลิตนม ดูหมู่ย่อย 1050
","1"
01450,0145,การเลี้ยงสุกร,Raising of swine/pigs,"การเลี้ยงและการเพาะพันธุ์สุกร
","1"
01461,0146,การเลี้ยงไก่ไข่,,"การเลี้ยง การเพาะพันธุ์ การผสมพันธุ์ไก่ไข่ การดำเนินงานเกี่ยวกับโรงฟักไข่ และการผลิตไข่ไก่สด
แต่ไม่รวมถึง
- การเลี้ยง การเพาะพันธุ์และการผสมพันธุ์ไก่งวง ไก่ชน ไก่ต๊อก/ไก่แจ้ ดูกิจกรรม 01469
","1"
01462,0146,การเลี้ยงไก่เนื้อ,,"การเลี้ยง การเพาะพันธุ์และการผสมพันธุ์ไก่เนื้อ
แต่ไม่รวมถึง
- การเลี้ยง การเพาะพันธุ์และการผสมพันธุ์ไก่งวง ไก่ชน ไก่ต๊อก/ไก่แจ้ ดูกิจกรรม 01469
","1"
01463,0146,การเลี้ยงเป็ด,,"การเลี้ยง การเพาะพันธุ์และการผสมพันธุ์เป็ดไข่ เป็ดเนื้อ เป็ดเทศ การดำเนินงาน เกี่ยวกับโรงฟักไข่เป็ด การผลิตไข่เป็ด
","1"
01469,0146,การเลี้ยงสัตว์ปีกอื่น ๆ ซึ่งมิได้จัดประเภทไว้ในที่อื่น,,"การเลี้ยง การเพาะพันธุ์และการผสมพันธุ์ รวมถึงการดำเนินงานเกี่ยวกับ โรงฟักไข่ สัตว์ปีกอื่น ๆ ซึ่งมิได้จัดประเภทไว้ในที่อื่น การเลี้ยง การเพาะพันธุ์ และการผสมพันธุ์ไก่พื้นเมือง เช่น ไก่ต๊อก/ไก่แจ้ไก่ชน ไก่อูไก่ตะเภา ไก่เบตง ไก่งวง ห่าน และการผลิตไข่ของสัตว์ดังกล่าว
แต่ไม่รวมถึง
- การเลี้ยง การเพาะพันธุ์และการผสมพันธุ์ไก่ไข่และไก่เนื้อ ดูกิจกรรม 01461 และ 01462 
- การผลิตขนแข็งหรือขนอ่อน ซึ่งเป็นผลิตภัณฑ์พลอยได้จากการฆ่าสัตว์ปีก ดูกิจกรรม 10120
","1"
01491,0149,การเลี้ยงนกกระจอกเทศและนกอีม,,"การเลี้ยง การเพาะพันธุ์และการผสมพันธุ์รวมถึง การดำเนินงานเกี่ยวกับโรงฟักไข่ นกกระจอกเทศและนกอีมู การผลิตผลิตภัณฑ์จากเนื้อ หนังและขน นกกระจอกเทศ และนกอีมูที่ดำเนินการภายในฟาร์ม
","1"
01492,0149,การเลี้ยงไหม ผีเสื้อและแมลง,,"การเลี้ยง และการขยายพันธุ์ไหม ผีเสื้อและแมลง การผลิตไข่ไหม รังไหมดิบ รวมถึงการปลูกต้นหม่อนเพื่อเลี้ยงไหม
แต่ไม่รวมถึง 
- การปลูกหม่อนเพื่อใช้ทำเครื่องดื่ม ดูกิจกรรม 01279 
- การแปรรูปไหมที่ไม่ได้ดำเนินการต่อเนื่องจากการเลี้ยงไหม ดูหมวดย่อย 13
","1"
01493,0149,การเลี้ยงผึ้ง,,"การเลี้ยง และการขยายพันธุ์ผึ้ง การผลิตน้ำผึ้ง ขี้ผึ้ง และผลิตภัณฑ์พลอยได้ จากการเลี้ยงผึ้ง
แต่ไม่รวมถึง
 - การผลิตน้ำผึ้งแท้ที่ผ่านกระบวนการแปรรูป (เช่น ผ่านการฆ่าเชื้อ) ซึ่งมิได้ดำเนินการต่อเนื่องจากการเลี้ยงผึ้ง ดูกิจกรรม 10779
","1"
01494,0149,การเลี้ยงนกนางแอ่น,,"การเลี้ยง และการขยายพันธุ์นกนางแอ่น การดำเนินกิจการของบ้านหรือคอนโด เพื่อเลี้ยงนกนางแอ่น การผลิตผลิตภัณฑ์ที่ได้จากการเลี้ยงนกนางแอ่น เช่น รังนกดิบ 
แต่ไม่รวมถึง
 - การผลิตรังนก ที่นำมาตกแต่ง ทำความสะอาดและบรรจุภาชนะ เช่น รังนกแห้ง รังนกกึ่งสำเร็จรูป รังนกสดพร้อมปรุง ดูกิจกรรม 10134
 - การผลิตเครื่องดื่มรังนกสำเร็จรูป ดูกิจกรรม 10799
","1"
01495,0149,การทำฟาร์มง,,"การเลี้ยง การผสมพันธุ์และการผลิตผลิตภัณฑ์จากเนื้อหรือหนังงูจากฟาร์มเลี้ยง
","1"
01496,0149,การทำฟาร์มสัตว์เลี้ยง (ยกเว้น สัตว์น้ำ),,"การเลี้ยง รวมถึงการคัดสายพันธุ์การเพาะพันธุ์และการผสมพันธุ์สัตว์เลี้ยง เช่น สุนัข แมว นก ( นกแก้วเล็ก นกหงส์หยก นกเขา นกกรงหัวจุก ฯลฯ) หนูแฮมสเตอร์ และการทำฟาร์มสัตว์เลี้ยงอื่น ๆ 
แต่ไม่รวมถึง
 - กิจกรรมการดูแลสัตว์เลี้ยง เช่น การฝึกสัตว์เลี้ยง การตัดแต่งขนสัตว์เลี้ยง ดูกิจกรรม 96302
","1"
01499,0149,การเลี้ยงสัตว์ประเภทอื่น ๆ ซึ่งมิได้จัดประเภทไว้ในที่อื่น,,"การเลี้ยงและการเพาะพันธุ์สัตว์กึ่งสัตว์เลี้ยง กระต่ายและสัตว์มีขนประเภทอื่น ๆ นกกระทาและนกอื่น ๆ (ยกเว้น นกที่เป็นสัตว์เลี้ยงและนกนางแอ่น) การทำฟาร์ม ไส้เดือน ทาก หอย ที่อาศัยบนบก การเลี้ยงและการผสมพันธุ์สัตว์ล่า การเลี้ยงสัตว์ประเภทอื่น ๆ ซึ่งมิได้จัดประเภทไว้ในที่อื่น 
แต่ไม่รวมถึง 
- การเลี้ยงนกนางแอ่น ดูกิจกรรม 01494 
- การผลิตหนังขนสัตว์ที่ได้จากการล่าสัตว์และการดักสัตว์ดูกิจกรรม 01700 
- การเพาะเลี้ยงเม่นทะเล กบ จระเข้ดูหมู่ย่อย 0321 และ 0322 
- การเพาะเลี้ยงสัตว์น้ำ ดูหมู่ย่อย 0321 และ 0322
","1"
01500,0150,การทำฟาร์มผสมผสาน,Mixed farming,"การผสมผสานระหว่างการเพาะปลูกและการเลี้ยงสัตว์เข้าด้วยกันโดยไม่เจาะจง ว่าจะเป็นการปลูกพืชผลหรือเลี้ยงสัตว์ประเภทใดเป็นพิเศษ ขนาดของ การดำเนินงานโดยรวมของฟาร์มดังกล่าวนี้ มิใช่ปัจจัยกำหนดลักษณะของฟาร์ม แต่ถ้าการผลิตพืชผลหรือสัตว์ในหมู่นี้มีปริมาณเกินกว่าร้อยละ 66 ของมาตรฐาน การผลิตโดยรวมแล้วกิจกรรมนี้จะไม่จัดไว้ในหมู่ย่อยนี้แต่จะจัดไว้ในหมู่ย่อย ของการเพาะปลูกพืชผลหรือการเลี้ยงสัตว์แยกออกมาโดยเฉพาะ 
แต่ไม่รวมถึง 
- การปลูกพืชผสมผสาน ดูหมู่ใหญ่ 011และ 012 การเลี้ยงปศุสัตว์ผสมผสาน ดูหมู่ใหญ่014
","1"
01611,0161,การควบคุมแมลงและสัตว์ศัตรูพืช,,"การควบคุมแมลงและสัตว์ศัตรูพืชซึ่งเกี่ยวข้องกับการเกษตร โดยได้รับค่าตอบแทน หรือตามสัญญาจ้าง การพ่นยาฆ่าแมลงและกำจัดวัชพืช รวมทั้งการฉีดพ่น ทางอากาศ และการรมยาเพื่อควบคุมกำจัดศัตรูพืช
","1"
01612,0161,การดำเนินการเกี่ยวกับอุปกรณ์การให้น้ำและเครื่องมือชลประทานทางการเกษตร,,"กิจกรรมการดำเนินการเกี่ยวกับอุปกรณ์การให้น้ำและเครื่องมือชลประทาน ทางการเกษตร โดยได้รับค่าตอบแทนหรือตามสัญญาจ้าง เช่น อุปกรณ์ให้น้ำ แบบฉีดฝอย (สปริงเกอร์) อุปกรณ์ให้น้ำแบบน้ำหยดทั้งทางผิวดินและใต้ดิน
","1"
01619,0161,กิจกรรมสนับสนุนการผลิตพืชผล ซึ่งมิได้จัดประเภทไว้ในที่อื่น,,"กิจกรรมทางการเกษตร โดยได้รับค่าตอบแทนหรือตามสัญญาจ้าง การเตรียม พื้นที่เพาะปลูก การปลูก การให้ปุ๋ย การตัดแต่งกิ่งก้านต้นไม้ผลและไม้เถา การปักดำข้าวและกล้าหัวผักกาด การเก็บเกี่ยว การจัดหาเครื่องจักรกล ทางการเกษตรพร้อมผู้ควบคุมและคนงาน การดูแลรักษาที่ดินให้อยู่ในสภาพดี เพื่อการใช้งานทางการเกษตร 
แต่ไม่รวมถึง 
- กิจกรรมของนักวิชาการเกษตรและนักเศรษฐศาสตร์การเกษตร ดูกิจกรรม 74902 
- กิจกรรมของนักภูมิสถาปัตยกรรม ดูกิจกรรม 71101 - การจัดการแสดงผลผลิตทางการเกษตร ดูกิจกรรม 82302
","1"
01621,0162,กิจกรรมสนับสนุนการแพร่พันธุ์สัตว,,"ิจกรรมสนับสนุนการแพร่พันธุ์การเพาะพันธุ์การผสมพันธุ์และการผสมเทียม รวมถึงการบริการพ่อ-แม่พันธุ์สัตว์โดยได้รับค่าตอบแทนหรือตามสัญญาจ้าง แต่ไม่รวมถึง 
- กิจกรรมการผสมพันธุ์สัตว์ที่ดำเนินการโดยฟาร์มเลี้ยงสัตว์ ได้จัดประเภทไว้ ตามชนิดของสัตว์ที่เลี้ยง
","1"
01629,0162,กิจกรรมสนับสนุนการเลี้ยงสัตว์อื่น ๆ ซึ่งมิได้จัดประเภทไว้ในที่อื่น,,"การบริการทดสอบฝูงสัตว์ บริการต้อนฝูงสัตว์ บริการตอนไก่ การทำความสะอาด เล้าไก่ การบริการตัดขนแกะ ฯลฯ โดยได้รับค่าตอบแทนหรือตามสัญญาจ้าง การจัดที่พักและอาหารให้สัตว์ การดูแลสัตว์ในฟาร์ม รวมถึงกิจกรรมของ ช่างทำเกือกม้า 
แต่ไม่รวมถึง 
- การจัดที่พักชั่วคราวให้สัตว์เลี้ยง ดูกิจกรรม 96302
","1"
01630,0163,กิจกรรมหลังการเก็บเกี่ยวพืชผล,Post-harvest crop activities,"การเตรียมพืชผลเพื่อการจำหน่าย เช่น การทำความสะอาด การตัดแต่ง การคัดแยกขนาด การกำจัดเชื้อโรค การหีบฝ้าย การเตรียมใบยาสูบ การเตรียม เมล็ดโกโก้และการเคลือบผลไม้ด้วยขี้ผึ้ง การทำให้ผักและผลไม้แห้งด้วยการ ตากแดด 
แต่ไม่รวมถึง 
- การเตรียมผลิตผลทางการเกษตรโดยผู้ผลิต ดูหมู่ย่อยที่เกี่ยวข้องกับเรื่องนี้ ในหมู่ใหญ่011 หรือ 012
- การถนอมผลไม้และผัก รวมถึงการบดแห้ง ดูหมู่ย่อย 1030 
- การบ่มและอบใบยาสูบ ดูหมู่ย่อย 1200 
- กิจกรรมการตลาดของพ่อค้าและสมาคมพ่อค้า ดูหมวดย่อย 46 
- การขายส่งวัตถุดิบทางการเกษตร ดูหมู่ย่อย 4620
","1"
01640,0164,กระบวนการจัดการเมล็ดพันธุ์เพื่อการขยายพันธุ,Seed processing for propagation,"กิจกรรมทั้งหลายหลังการเก็บเกี่ยวซึ่งมีวัตถุประสงค์เพื่อการพัฒนาคุณภาพ ของเมล็ดพืชที่จะใช้ในการขยายพันธุ์ด้วยวิธีการแยกสิ่งที่มิใช่เมล็ด เมล็ดที่มี ขนาดเล็กเกินไป เมล็ดที่เสียหายเพราะเครื่องจักรหรือแมลง และเมล็ดที่ยัง ไม่แก่จัดออกไป นอกจากนั้น ยังขจัดความชื้นเพื่อให้ปลอดภัยแก่การเก็บรักษา ดังนั้น หมู่ย่อยนี้จึงรวมกิจกรรมต่าง ๆ คือ การทำให้แห้ง การทำความสะอาด การคัดแยกขนาด และการจัดการกับเมล็ดพันธุ์ จนกระทั่งได้รับการตีตราประทับ เพื่อรับรองคุณภาพ กิจกรรมการตัดแต่งพันธุกรรมเมล็ดพืชก็รวมอยู่ในหมู่ย่อยนี้ด้วย 
แต่ไม่รวมถึง 
- การเพาะเมล็ด ดูหมู่ใหญ่011 และ 012 
- กระบวนการจัดการกับเมล็ดเพื่อสกัดน้ำมัน ดูหมู่ใหญ่104 
- การวิจัยเพื่อการพัฒนาหรือการตัดแต่งพันธุกรรมเพื่อสร้างสายพันธุ์ชนิดใหม่ ๆ ดูหมู่ย่อย 7210
","1"
01700,0170,การล่าสัตว์การดักสัตว์และกิจกรรมบริการอื่น ๆ ที่เกี่ยวข้อง,"Hunting, trapping and related service activities","การล่าสัตว์และการดักสัตว์เพื่อการพาณิชย์ การจับสัตว์ (เป็นหรือตาย) เพื่อเป็นอาหาร การถลกหนังขนสัตว์หรือการแล่หนังสัตว์หรือเพื่อการวิจัย ในสวนสัตว์ หรือในสัตว์เลี้ยง การผลิตหนังขนสัตว์ หนังสัตว์เลื้อยคลานหรือขนนก ที่ได้จากการล่าสัตว์หรือการดักสัตว์ นอกจากนี้ยังรวมถึงการจับสัตว์ทะเล ที่เลี้ยงลูกด้วยนมซึ่งอาศัยอยู่ตามชายฝั่งทะเล เช่น วอลรัส และแมวน้ำ 
แต่ไม่รวมถึง 
- ผลิตภัณฑ์จากหนังขนสัตว์ หนังสัตว์เลื้อยคลานหรือขนนกที่ได้จาก ฟาร์มเลี้ยง ดูหมู่ใหญ่014 
- การเลี้ยงสัตว์ที่ใช้เพื่อการแข่งขันเกมกีฬา ดูหมู่ย่อย 0149 
- การล่าปลาวาฬ ดูหมู่ย่อย 0311 
- การผลิตหนังสัตว์ที่ได้จากโรงฆ่าสัตว์ดูหมู่ย่อย 1011 
- การล่าสัตว์เพื่อการกีฬาหรือนันทนาการ รวมทั้งกิจกรรมอื่น ๆ ที่เกี่ยวข้อง ดูหมู่ย่อย 9319 
- กิจกรรมบริการเพื่อสนับสนุนการล่าสัตว์และการดักสัตว์ดูหมู่ย่อย 9499
","1"
02100,0210,วนวัฒนวิทยาและกิจกรรมอื่น ๆ ที่เกี่ยวกับป่าไม,Silviculture and other forestry activities,"กิจกรรมต่าง ๆ ที่สามารถกระทำได้ในป่าธรรมชาติหรือในสวนป่า ได้แก่ การปลูกไม้ยืนต้น การเพาะชำกล้าไม้การปลูกซ่อม การย้ายปลูก การตัดสาง ขยายระยะ และการปลูกไม้ยืนต้นเพื่อการอนุรักษ์ ทั้งในพื้นที่ป่าไม้และพื้นที่ ที่ผ่านการทำไม้แล้ว รวมทั้งการปลูกไม้ยืนต้นที่ได้จากการแตกหน่อ เพื่อทำ เยื่อกระดาษและทำไม้ฟืน 
แต่ไม่รวมถึง 
- การปลูกต้นคริสต์มาส ดูหมู่ย่อย 0129 
- การดำเนินงานเกี่ยวกับการเพาะชำกล้าไม้ดูหมู่ย่อย 0130 
- การเก็บหาของป่า ดูหมู่ย่อย 0230 
- การผลิตชิ้นไม้สับและเศษชิ้นไม้ดูหมู่ย่อย 1610
","1"
02200,0220,การทำไม้,Logging,"การผลิตไม้ท่อนกลมเพื่อการผลิตผลิตภัณฑ์สำหรับอุตสาหกรรมป่าไม้การผลิต ไม้ท่อนกลมที่ยังมิได้แปรรูป เช่น ไม้เสาอุโมงค์เหมือง ไม้ค้ำ เสาเข็ม ไม้ทำรั้ว และไม้เสาประเภทอื่น ๆ การเก็บหาและการผลิตไม้ฟืน การเผาถ่านในป่า (ตามวิธีดั้งเดิมที่ปฏิบัติกันมา) ผลผลิตของกิจกรรมนี้ออกมาในรูปของไม้ซุงและ ชิ้นไม้สับหรือไม้ฟืน 
แต่ไม่รวมถึง 
- การปลูกต้นคริสต์มาส ดูหมู่ย่อย 0129 
- การปลูกไม้ยืนต้น การเพาะชำกล้าไม้การปลูกซ่อม การย้ายปลูก การตัดสาง ขยายระยะและการปลูกไม้ยืนต้น เพื่อการอนุรักษ์ทั้งในพื้นที่ป่าไม้และพื้นที่ ที่ผ่านการทำไม้แล้ว ดูหมู่ย่อย 0210 
- การเก็บหาของป่า ดูหมู่ย่อย 0230 
- การผลิตชิ้นไม้สับและเศษชิ้นไม้ดูหมู่ย่อย 1610 - การผลิตถ่านที่ได้จากการเผาไม้ดูหมู่ย่อย 2011
","1"
02300,0230,การเก็บหาของป่า,Gathering of non-wood forest products,"การเก็บหาของป่าและพืชอื่น ๆ ที่ขึ้นในป่า รวมถึง การเก็บสิ่งที่เกิดขึ้น ในธรรมชาติเช่น เห็ด เห็ดทรัฟเฟิล ไม้ไผ่ หน่อไม้หวาย กก เปลือกไม้สมุนไพร ผลไม้ป่า ดอกไม้ป่าและรากไม้ ลูกเบอร์รี่ ผลไม้เปลือกแข็งบาลาตา (balata) และยางไม้ ที่คล้ายน้ำยางพารา เปลือกไม้โอ๊ค ยางไม้ที่นำมาทำกาวยาง ยางบาลซัม (balsams) เถาวัลย์ อีลกราส (eelgrass) ลูกโอ๊ค เกาลัดป่า หญ้ามอสและตะไคร่ 
แต่ไม่รวมถึง 
- การจัดการด้านการผลิตผลผลิตต่าง ๆ เหล่านี้ยกเว้น การปลูกต้นไม้ เพื่อใช้ทำไม้ก๊อก ดูหมวดย่อย 01 
- การเพาะเห็ดหรือเห็ดทรัฟเฟิล ดูหมู่ย่อย 0113 
- การปลูกต้นเบอร์รี่และไม้ผลที่มีเปลือกแข็ง ดูหมู่ย่อย 0125 - การเก็บหาไม้ฟืน ดูหมู่ย่อย 0220
","1"
02400,0240,บริการสนับสนุนการป่าไม้,Support services to forestry,"การดำเนินงานเกี่ยวกับป่าไม้ที่กระทำโดยได้รับค่าตอบแทนหรือตามสัญญาจ้าง ได้แก่ กิจกรรมบริการเกี่ยวกับป่าไม้การสำรวจป่า บริการให้คำปรึกษา ด้านการบริหารจัดการเกี่ยวกับป่า การประเมินคุณภาพไม้การป้องกัน และการดับไฟป่า การควบคุมแมลงในป่า และกิจกรรมบริการเกี่ยวกับการทำไม้ การขนย้ายไม้ซุงในป่า 
แต่ไม่รวมถึง 
- การดำเนินงานเกี่ยวกับการเพาะชำกล้าไม้ป่า ดูหมู่ย่อย 0210
","1"
03111,0311,การจับปลาทะเล,,"การจับปลาทะเล เช่น ปลาทู ปลาอินทรีปลาสำลีปลากุเรา ฯลฯ รวมถึง การล่าปลาวาฬการแปรรูปและการเก็บรักษาปลาบนเรือประมง ที่ดำเนินการ ต่อเนื่องจากการประมง
","1"
03112,0311,การจับกุ้งทะเล,,"การจับกุ้งทะเล เช่น กุ้งแชบ๊วย กุ้งกุลาดำ กุ้งกุลาลาย กุ้งเหลือง ฯลฯ การจับกั้งทะเล เช่น กั้งกระดาน กั้งตั๊กแตน ฯลฯ การจับเคย การแปรรูปและการเก็บรักษากุ้งบน เรือประมง ที่ดำเนินการต่อเนื่องจากการประมง
","1"
03113,0311,การจับปูทะเล,,"การจับปูทะเล เช่น ปูม้า ปูทะเล ฯลฯ การแปรรูปและการเก็บรักษาปูบนเรือประมง ที่ดำเนินการต่อเนื่องจากการประมง
","1"
03114,0311,การจับหมึก,,"การจับหมึก เช่น หมึกกล้วย หมึกกระดอง หมึกสาย ฯลฯ การแปรรูป และการเก็บรักษาหมึกบนเรือประมง ที่ดำเนินการต่อเนื่องจากการประมง
","1"
03115,0311,การจับหอยทะเล,,"การจับหอยทะเล เช่น หอยแครง หอยแมลงภู่ หอยนางรม หอยลาย ฯลฯ การแปรรูป และการเก็บรักษาหอยบนเรือประมงที่ดำเนินการต่อเนื่องจากการประมง
","1"
03119,0311,การประมงทะเลอื่น ๆ ซึ่งมิได้จัดประเภทไว้ในที่อื่น,,"การจับสัตว์ทะเลอื่น ๆ ซึ่งมิได้จัดประเภทไว้ในที่อื่น เช่น เต่าทะเล เพรียง เม่นทะเล ปลิงทะเล แมงกะพรุน ฯลฯ การแปรรูปและการเก็บรักษา สัตว์ทะเลอื่น ๆ บนเรือประมงที่ดำเนินการต่อเนื่องจากการประมง การเก็บ รวบรวมพืช สัตว์และผลิตผลต่าง ๆ จากทะเล เช่น ไข่มุกธรรมชาติฟองน้ำ ปะการัง สาหร่ายทะเล ฯลฯ
","1"
03121,0312,การจับปลาน้ำจืด,,"การจับปลาน้ำจืด เช่น ปลาตะเพียน ปลานิล ปลาดุก ปลาช่อน ปลาไน ปลาไหล ฯลฯ
","1"
03122,0312,การจับกุ้งน้ำจืด,,"การจับกุ้งน้ำจืด เช่น กุ้งแม่น้ำ กุ้งนาง กุ้งฝอย ฯลฯ
","1"
03129,0312,การประมงสัตว์น้ำจืดอื่น ๆ ซึ่งมิได้จัดประเภทไว้ในที่อื่น,,"การจับสัตว์น้ำจืดอื่น ๆ ซึ่งมิได้จัดประเภทไว้ในที่อื่น เช่น กบ หอยหวาน หอยขม ฯลฯ การเก็บรวบรวมผลิตผลต่าง ๆ จากแหล่งน้ำจืด เช่น สาหร่าย ฯลฯ
","1"
03211,0321,การเพาะเลี้ยงปลาทะเล,,"การเลี้ยงปลาทะเล เช่น ปลากะพงขาว ปลานวลจันทร์ทะเล ปลากะรัง ฯลฯ การเลี้ยงลูกปลาขนาดเล็กและใหญ่ กิจกรรมการเพาะเลี้ยงปลาน้ำกร่อย การเพาะเลี้ยงปลาในบ่อพักน้ำหรือในอ่างเก็บน้ำทะเล การดำเนินงานเกี่ยวกับ โรงเพาะฟักและอนุบาลลูกปลาทะเล รวมถึงการเลี้ยงพ่อพันธุ์แม่พันธุ์ปลาทะเล เพื่อการเพาะพันธุ์
","1"
03212,0321,การเพาะเลี้ยงกุ้งทะเล,,"การเลี้ยงกุ้งทะเล เช่น กุ้งมังกร กุ้งแชบ๊วย กุ้งขาว กุ้งกุลาดำ ฯลฯ กั้งทะเล การเลี้ยง ลูกกุ้งวัยอ่อน กิจกรรมการเพาะพันธุ์กุ้งน้ำกร่อย การเพาะเลี้ยงกุ้งในบ่อพักน้ำหรือในอ่างเก็บน้ำทะเล การดำเนินงานเกี่ยวกับโรงเพาะฟักและอนุบาลกุ้งทะเล รวมถึง การเลี้ยงพ่อพันธุ์แม่พันธุ์กุ้งทะเลเพื่อการเพาะพันธุ
","1"
03213,0321,การเพาะเลี้ยงหอยทะเล,,"การเลี้ยงหอยทะเล เช่น หอยแครง หอยลาย หอยแมลงภู่ หอยนางรม หอยสองฝา หอยเป๋าฮื้อ ฯลฯ การเพาะเลี้ยงหอยมุก การเพาะเลี้ยงลูกหอยวัยอ่อน (หอยนางรม หอยสองฝา) กิจกรรมการเพาะเลี้ยงหอยน้ำกร่อย การเพาะเลี้ยงหอยในบ่อพักน้ำ หรือในอ่างเก็บน้ำทะเล รวมถึงการเลี้ยงพ่อพันธุ์แม่พันธุ์หอยทะเลเพื่อการเพาะพันธ
","1"
03214,0321,การเพาะเลี้ยงสัตว์ทะเลสวยงาม,,"การเลี้ยงสัตว์ทะเลสวยงาม เช่น ปลาการ์ตูน ปลาหูช้าง ม้าน้ำ ดอกไม้ทะเล ปะการัง เห็ดทะเล ฯลฯ การดำเนินงานเกี่ยวกับโรงเพาะฟักและอนุบาล สัตว์ทะเลสวยงาม รวมถึงการเลี้ยงพ่อพันธุ์ แม่พันธุ์สัตว์ทะเลสวยงาม เพื่อการเพาะพันธุ์
","1"
03219,0321,การเพาะเลี้ยงสัตว์น้ำทะเลอื่น ๆ ซึ่งมิได้จัดประเภทไว้ในที่อื่น,,"การเลี้ยงสัตว์น้ำทะเลอื่น ๆ เช่น ปูทะเล ปลิงทะเล เม่นทะเล หนอนทะเล ฯลฯ การดำเนินงานเกี่ยวกับโรงเพาะฟักและอนุบาล รวมถึงการเลี้ยงพ่อพันธุ์แม่พันธุ์ เพื่อการเพาะพันธุ์ การปลูกสาหร่ายเลเวอร์และสาหร่ายทะเลชนิดอื่น ที่รับประทานได้การเพาะเลี้ยงสาหร่ายทะเล สัตว์ทะเลและสิ่งมีชีวิตในทะเลอื่น ๆ ซึ่งมิได้จัดประเภทไว้ในที่อื่น
","1"
