,class_code,group_code,class_name,class_name_eng,description,"status"
0,0111,011,การปลูกธัญพืช (ยกเว้น ข้าว) พืชตระกูลถั่วและพืชน้ำมัน,"Growing of cereals (except rice), leguminous crops and oil seeds","หมู่ย่อยนี้รวมถึงการปลูกธัญพืชในทุกรูปแบบ พืชตระกูลถั่วและพืชน้ำมัน รวมทั้งการทำ เกษตรอินทรีย์และการปลูกพืชที่มีการตัดแต่งพันธุกรรม การปลูกพืชต่าง ๆ เหล่านี้รวมอยู่ ในกลุ่มของเกษตรกรรม รวมถึงการปลูกธัญพืช เช่น ข้าวสาลีข้าวโพด ข้าวฟ่าง ข้าวบาร์เลย์ ข้าวไรย์ ข้าวโอ๊ต ลูกเดือยและธัญพืชอื่น ๆ ซึ่งมิได้จัดประเภทไว้ในที่อื่น การปลูกพืชตระกูลถั่ว เช่น ถั่วสด ถั่วปากอ้า ชิคพี(chick peas) คาวพี(cow peas) ถั่วเลนทิล (lentils) ถั่วลูพิน (lupins) ถั่วพีเจียน(pigeon peas)และพืชอื่นในประเภท เดียวกัน การปลูกพืชน้ำมัน เช่น ถั่วเหลือง ถั่วลิสง เมล็ดฝ้าย เมล็ดละหุ่ง เมล็ดของ ต้นแฟลกซ์ มัสตาร์ด เมล็ดไนเจอร์ เมล็ดเรพ เมล็ดดอกคำฝอย เมล็ดงา เมล็ดทานตะวัน และเมล็ดพืชอื่น ๆ ที่ให้น้ำมัน 
แต่ไม่รวมถึง - การปลูกข้าวโพดที่ใช้เป็นอาหารสัตว์ดูหมู่ย่อย 0119

","1"
1,0112,011,การปลูกข้าว,Growing of rice,"หมู่ย่อยนี้รวมถึงการปลูกข้าว การปลูกข้าวอินทรีย์และการปลูกข้าวตัดแต่งพันธุกรรม
","1"
2,0113,011,การปลูกพืชผัก แตงและพืชหัว,"Growing of vegetables and melons, roots and tubers","หมู่ย่อยนี้รวมถึงการปลูกพืชผักกินใบและพืชผักกินต้น เช่น ผักกาด ผักคะน้า หน่อไม้ฝรั่ง กะหล่ำปลีดอกกะหล่ำ บรอคโคลีผักสลัด ผักโขม พืชผักกินใบ และพืชผักกินต้นอื่น ๆ การปลูกพืชผักกินผล เช่น การปลูกแตงร้าน แตงกวา และมะเขือยาว มะเขือเทศ แตงโม แคนตาลูป รวมทั้งแตงและพืชผักกินผลชนิดอื่น ๆ การปลูกพืชหัว เช่น แครอท เทอร์นิป กระเทียม หอม หอมหัวใหญ่ หอมแดง รวมทั้งพืชจำพวกรากและจำพวกหัวชนิดอื่น ๆ การเพาะเห็ดและเห็ดทรัฟเฟิล การปลูกพืชที่มีเมล็ด ยกเว้น เมล็ดหัวผักกาด การปลูก ชูการ์บีท การปลูกพืชผักชนิดอื่น ๆ การปลูกพืชจำพวกรากและหัว เช่น มันฝรั่ง มันเทศ มันสำปะหลัง และพืชจำพวกรากและหัวชนิดอื่น ๆ แต่ไม่รวมถึง - การเพาะเชื้อเห็ด ดูหมู่ย่อย 0130 - การปลูกพริกและพริกไทย รวมทั้งเครื่องเทศและเครื่องหอมชนิดอื่น ๆ ดูหมู่ย่อย 0128
","1"
3,0114,011,การปลูกอ้อย,Growing of sugar cane,"การปลูกอ้อยเคี้ยวหรืออ้อยโรงงาน แต่ไม่รวมถึง - การปลูกชูการ์บีท ดูกิจกรรม 01139
","1"
4,0115,011,การปลูกยาสูบ,Growing of tobacco,"การปลูกยาสูบซึ่งมิได้ใช้ในโรงงานอุตสาหกรรม ก้านใบยา ยาเส้นที่ผ่านการบ่มแล้ว
","1"
5,0116,011,การปลูกพืชเส้นใย,Growing of fibre crops,"หมู่ย่อยนี้รวมถึงการปลูกฝ้าย ปอกระเจา ปอแก้ว และพืชอื่น ๆ ที่ให้เส้นใยเพื่อทำสิ่งทอ การปลูกแฟลกส์และการปลูกป่านศรนารายณ์ ป่านมานิลา ป่านรามีและพืชอื่น ๆ ที่ให้ เส้นใยสิ่งทอ
","1"
6,0119,011,การปลูกพืชล้มลุกชนิดอื่น ๆ,Growing of other non-perennial crops,"หมู่ย่อยนี้รวมถึงการปลูกพืชล้มลุกชนิดอื่น ๆ ทุกชนิดซึ่งมิได้จัดประเภทไว้ในที่อื่น เช่น การปลูกสวีด (swedes) หัวแมนโกลด์ (mangolds) (ใช้เลี้ยงสัตว์) พืชหัวสด โคลเวอร์ (clover) อัลฟาฟา (alfalfa) ข้าวโพดและหญ้าชนิดอื่น ๆ ที่ใช้เป็นอาหารสัตว์การปลูก หัวผักกาดที่ให้เมล็ด (ยกเว้น เมล็ดของชูการ์บีท)และเมล็ดของพืชอื่น ๆ ที่ใช้เป็นอาหารสัตว์ การปลูกไม้ดอก การผลิตไม้ตัดดอกและกล้าไม้ดอก รวมทั้งการปลูกไม้ดอกเพื่อเก็บเมล็ด แต่ไม่รวมถึง - การปลูกเมล็ดทานตะวัน ดูหมู่ย่อย 0111 - การปลูกพืชล้มลุกที่เป็นเครื่องเทศ เครื่องหอม ยารักษาโรคและพืชทางเภสัชภัณฑ์ ดูหมู่ย่อย 0128
","1"
7,0121,012,การทำสวนองุ่น,Growing of grapes,"การปลูกองุ่นในสวนเพื่อผลิตไวน์และรับประทานสด แต่ไม่รวมถึง - การผลิตไวน์ดูหมู่ย่อย 1102
","1"
8,0122,012,การปลูกไม้ผลเมืองร้อนและกึ่งร้อน,Growing of tropical and subtropical fruits,"หมู่ย่อยนี้รวมถึงการปลูกไม้ผลเมืองร้อนและกึ่งร้อน เช่น อโวคาโด กล้วย เพลนเทน (plaintains) อินทผาลัม มะเดื่อ มะม่วง มะละกอ สับปะรดและไม้ผลอื่น ๆ ที่เป็นไม้ผล เมืองร้อนและกึ่งร้อน
","1"
9,0123,012,การปลูกไม้ผลตระกูลส้ม,Growing of citrus fruits,"หมู่ย่อยนี้รวมถึงการปลูกไม้ผลตระกูลส้ม เช่น เกรปฟรุทและส้มโอ มะนาวและไลม์ ส้ม ส้มเขียวหวาน ส้มจีนและส้มคลีเมนไทล์รวมทั้งไม้ผลอื่น ๆ ในประเภทส้มและมะนาว
","1"
10,0124,012,การปลูกไม้ผลเมืองหนาว,Growing of pome fruits and stone fruits,"หมู่ย่อยนี้รวมถึงการปลูกไม้ผลเมืองหนาว เช่น แอปเปิล แอปปริคอต เชอรี่และเชอรี่ที่มี รสเปรี้ยว ลูกพีชและเนคทารีน ลูกแพร์ ลูกพลัมและลูกพรุน รวมทั้งไม้ผลอื่น ๆ ในประเภทเดียวกันนี
","1"
11,0125,012,การปลูกไม้ผลยืนต้น ไม้ผลที่มีต้นเป็นพุ่มและไม้ผลที่มีเปลือกแข็ง,Growing of other tree and bush fruits and nuts,"หมู่ย่อยนี้รวมถึงการปลูกไม้ผลที่มีต้นเป็นพุ่มต่าง ๆ เช่น บลูเบอรี่ เคอร์แรนต์กีวีฟรุต ราสเบอรี่ สตรอเบอรี่และอื่น ๆ การปลูกไม้ผลที่มีเมล็ด การปลูกไม้ผลที่มีเปลือกแข็ง ที่กินได้เช่น อัลมอนด์ มะม่วงหิมพานต์ เกาลัด เฮเซลนัท ถั่วพิตาชิโอ วอลนัต ถั่วโลคัส และไม้ผลที่มีเปลือกแข็งชนิดอื่น ๆ แต่ไม่รวมถึง การปลูกมะพร้าว ดูหมู่ย่อย 0126
","1"
12,0126,012,การปลูกไม้ยืนต้นที่ให้น้ำมัน,(Growing of oleaginous fruits,"หมู่ย่อยนี้รวมถึงการปลูกไม้ยืนต้นที่ให้น้ำมัน เช่น มะพร้าว มะกอก ปาล์มน้ำมัน และไม้ยืนต้นอื่น ๆ ที่นำไปสกัดน้ำมันได้ แต่ไม่รวมถึง - การปลูกถั่วเหลือง ถั่วลิสงและพืชน้ำมันอื่น ๆ ดูหมู่ย่อย 0111
","1"
13,0127,012,การปลูกพืชที่นำไปทำเครื่องดื่ม,Growing of beverage crops,"หมู่ย่อยนี้รวมถึงการปลูกพืชที่นำไปทำเครื่องดื่ม เช่น กาแฟ ชา โกโก้และพืชอื่น ๆ ในประเภทเดียวกัน
","1"
14,0128,012,การปลูกพืชประเภทเครื่องเทศ เครื่องหอม ยารักษาโรคและพืชทางเภสัชภัณฑ,"Growing of spices, aromatic, drug and pharmaceutical crops","หมู่ย่อยนี้รวมถึงการปลูกพืชทั้งประเภทล้มลุกและประเภทยืนต้นที่ใช้ใบ เมล็ด เปลือก ดอก และผลเป็นเครื่องเทศและเครื่องหอม เช่น พริกไทย พริก ลูกจันทน์เทศ ดอกจันทน์เทศ และกระวาน ลูกผักชียี่หร่า อบเชย กานพลูขิง วานิลา ต้นฮอพ (ใช้ปรุง เบียร์) พืชอื่น ๆ ที่เป็นเครื่องเทศ และเครื่องหอม นอกจากนั้นยังรวมทั้งการปลูกพืชที่เป็น ยารักษาโรค และพืชเสพติด เช่น ฝิ่น กัญชา การปลูกพืชที่ใช้ในการผลิตน้ำหอม ในการ ผลิตยาหรือในการป้องกันแมลงและกำจัดเชื้อราหรือในวัตถุประสงค์ประเภทเดียวกัน
","1"
15,0129,012,การปลูกพืชยืนต้นประเภทอื่น ๆ,Growing of other perennial crops,"หมู่ย่อยนี้รวมถึงการปลูกต้นยางพารา ต้นคริสต์มาสและต้นไม้ที่นำมาแยกน้ำยางไม้ การปลูกต้นยางพาราเพื่อการกรีดน้ำยาง การแปรรูปน้ำยางดิบ และการปลูกพืชที่ใช้ ในการถักสาน แต่ไม่รวมถึง - การเก็บหาน้ำยางไม้หรือยางไม้ที่คล้ายน้ำยางพาราที่อยู่ในป่า ดูหมู่ย่อย 0230
","1"
16,0130,013,การขยายพันธุ์พืช,Plant propagation,"   หมู่ย่อยนี้รวมถึงกรรมวิธีที่ใช้ในการเพาะและขยายพันธุ์พืช เช่น การตัดกิ่งชำ การแยกหน่อ การเพาะเมล็ด สำหรับการขยายพันธุ์พืชโดยตรง การตอนหรือการขยายกิ่งของพืช ที่เลือกไว้ เพื่อนำไปขยายพันธุ์ต่อไป นอกจากนั้นยังรวมถึงการปลูกพืชใช้ขยายพันธุ์ การปลูกพืชสำหรับการประดับตกแต่ง รวมทั้งการย้ายปลูกหญ้า การปลูกต้นไม้ที่มีหัว หัวใต้ดินและราก การตัดกิ่งชำและการตอนเพื่อนำไปขยายพันธุ์ รวมทั้งการเพาะเชื้อเห็ด ชนิดต่าง ๆ และการดำเนินงานเกี่ยวกับการเพาะชำกล้าไม้ยกเว้น การเพาะชำกล้าไม้ป่า
      แต่ไม่รวมถึง - การปลูกพืชเพื่อวัตถุประสงค์ในการผลิตเมล็ดพันธุ์ดูหมู่ใหญ่011 และหมู่ใหญ่012 - การดำเนินงานเกี่ยวกับการเพาะชำกล้าไม้ป่า ดูกิจกรรม 02100
","1"
17,0141,014,การเลี้ยงโคและกระบือ,Raising of cattle and buffaloes,"หมู่ย่อยนี้รวมถึงการเลี้ยงและการเพาะพันธุ์โคและกระบือ การผลิตน้ำนมดิบจากโค และกระบือ รวมทั้งการผลิตน้ำเชื้อของโคและกระบือ
แต่ไม่รวมถึง - กระบวนการผลิตนม ดูหมู่ย่อย 1050

","1"
18,0142,014,การเลี้ยงม้า ลา ล่อ ม้าล่อและสัตว์อื่น ๆ ที่คล้ายม้า,Raising of horses and other equines,"การเลี้ยงและการเพาะพันธุ์ม้า ลา ล่อ ม้าล่อ และสัตว์อื่น ๆ ที่คล้ายม้า
แต่ไม่รวมถึง
- การดำเนินงานเกี่ยวกับคอกม้าแข่งและม้าสำหรับขี่ ดูหมู่ย่อย 9319

","1"
19,0143,014,การเลี้ยงอูฐที่มีโหนกเดียวและอูฐที่มีสองโหนก,Raising of camels and camelids,"การเลี้ยงและเพาะพันธุ์อูฐที่มีโหนกเดียวและอูฐที่มีสองโหนก
","1"
20,0144,014,การเลี้ยงแกะและแพะ,Raising of sheep and goats,"หมู่ย่อยนี้รวมถึงการเลี้ยงและการเพาะพันธุ์แกะและแพะ การผลิตน้ำนมดิบจากแกะ และแพะ รวมทั้งการผลิตขนสัตว์หยาบ
แต่ไม่รวมถึง
- การตัดขนแกะโดยได้รับค่าตอบแทนหรือตามสัญญาจ้าง ดูหมู่ย่อย 0162 - การถลกหนังสัตว์ดูหมู่ย่อย 1011 - กระบวนการผลิตนม ดูหมู่ย่อย 1050
- การถลกหนังสัตว์ดูหมู่ย่อย 1011
- กระบวนการผลิตนม ดูหมู่ย่อย 1050
","1"
21,0145,014,การเลี้ยงสุกร,Raising of swine/pigs,"การเลี้ยงและการเพาะพันธุ์สุกร
","1"
22,0146,014,การเลี้ยงสัตว์ปีก,Raising of poultry,"หมู่ย่อยนี้รวมถึงการเลี้ยงและการเพาะพันธุ์สัตว์ปีก เช่น ไก่ เป็ด ห่าน ไก่งวง การผลิต ไข่ไก่ ไข่เป็ด ไข่นกกระทา ฯลฯ รวมทั้งการดำเนินงานเกี่ยวกับโรงฟักไข
แต่ไม่รวมถึง
- การผลิตผลิตภัณฑ์จากขนของสัตว์ปีก ดูหมู่ย่อย 1012
","1"
23,0149,014,การเลี้ยงสัตว์ประเภทอื่น ๆ,Raising of other animals,"หมู่ย่อยนี้รวมถึงการเลี้ยงและการเพาะพันธุ์สัตว์กึ่งสัตว์เลี้ยงหรือสัตว์ที่มีชีวิตอื่น ๆ เช่น นกกระจอกเทศ และนกอีมู นกอื่น ๆ (ยกเว้น สัตว์ปีก) แมลง กระต่ายและสัตว์มีขน ประเภทอื่น ๆ การผลิตหนังขนสัตว์ หนังงูหรือหนังนกจากฟาร์มเลี้ยง การดำเนินการ เกี่ยวกับฟาร์มเลี้ยงหนอน ฟาร์มเลี้ยงหอย ฟาร์มเลี้ยงหอยทาก การเลี้ยงหม่อนไหมการผลิตตัวไหม การเลี้ยงผึ้งและการผลิตน้ำผึ้งและขี้ผึ้ง การเลี้ยงและการเพาะพันธุ์ สัตว์เลี้ยง (ยกเว้น ปลา) เช่น แมวและสุนัข นก นกหงส์หยก หนูแฮมสเตอร์ ฯลฯ รวมทั้งการเลี้ยงสัตว์อื่น ๆ หลากหลายพันธ
แต่ไม่รวมถึง
 - การผลิตหนังสัตว์ที่ได้จากการล่าสัตว์และการดักสัตว์ดูหมู่ย่อย 0170
 - การดำเนินการเกี่ยวกับฟาร์มเลี้ยงกบและฟาร์มเลี้ยงจระเข้ฟาร์มเลี้ยงหนอนทะเล ดูหมู่ย่อย 0321 และ 0322
 - การดำเนินการเกี่ยวกับฟาร์มเลี้ยงปลา ดูหมู่ย่อย 0321 และ 0322
 - การฝึกสัตว์เลี้ยง ดูหมู่ย่อย 9630
","1"
24,0150,015,การทำฟาร์มผสมผสาน,Mixed farming,"การผสมผสานระหว่างการเพาะปลูกและการเลี้ยงสัตว์เข้าด้วยกันโดยไม่เจาะจง ว่าจะเป็นการปลูกพืชผลหรือเลี้ยงสัตว์ประเภทใดเป็นพิเศษ ขนาดของ การดำเนินงานโดยรวมของฟาร์มดังกล่าวนี้ มิใช่ปัจจัยกำหนดลักษณะของฟาร์ม แต่ถ้าการผลิตพืชผลหรือสัตว์ในหมู่นี้มีปริมาณเกินกว่าร้อยละ 66 ของมาตรฐาน การผลิตโดยรวมแล้วกิจกรรมนี้จะไม่จัดไว้ในหมู่ย่อยนี้แต่จะจัดไว้ในหมู่ย่อย ของการเพาะปลูกพืชผลหรือการเลี้ยงสัตว์แยกออกมาโดยเฉพาะ 
แต่ไม่รวมถึง 
- การปลูกพืชผสมผสาน ดูหมู่ใหญ่ 011และ 012 การเลี้ยงปศุสัตว์ผสมผสาน ดูหมู่ใหญ่014
","1"
25,0161,016,กิจกรรมสนับสนุนการผลิตพืชผล,Support activities for crop production,"หมู่ย่อยนี้รวมถึงกิจกรรมหลักทางการเกษตรที่กระทำโดยได้รับค่าตอบแทนหรือตาม สัญญาจ้าง ได้แก่ การเตรียมพื้นที่เพาะปลูก การปลูก การให้ปุ๋ย การพ่นยา รวมทั้ง การฉีดพ่นทางอากาศ การตัดแต่งกิ่งก้านต้นไม้ผลและไม้เถา การปักดำข้าวและกล้าหัวผักกาด การเก็บเกี่ยว การควบคุมแมลงและสัตว์ศัตรูพืช ซึ่งเกี่ยวข้องกับการเกษตร การดำเนินงาน เกี่ยวกับเครื่องมือชลประทานทางการเกษตร นอกจากนี้ยังรวมถึงการจัดหาเครื่องจักรกล ทางการเกษตรพร้อมผู้ควบคุมและคนงาน รวมทั้งการดูแลรักษาที่ดินให้อยู่ในสภาพดี เพื่อการใช้งานทางการเกษตร 
แต่ไม่รวมถึง 
- กิจกรรมหลังการเก็บเกี่ยวพืชผล ดูหมู่ย่อย 0163 
- กิจกรรมของนักวิชาการเกษตรและนักเศรษฐศาสตร์การเกษตร ดูหมู่ย่อย 7490 
- กิจกรรมของนักภูมิสถาปัตยกรรม ดูหมู่ย่อย 7110 
- การจัดการที่ดินเพื่อการจัดสวนและเพื่อปลูกต้นไม้ดูหมู่ย่อย 8130 
- การบำรุงพื้นที่เพื่อรักษาให้มีระบบนิเวศที่ดีดูหมู่ย่อย 8130 
- การจัดการแสดงทางการเกษตร ดูหมู่ย่อย 8230
","1"
26,0162,016,กิจกรรมสนับสนุนการเลี้ยงสัตว,Support activities for animal production,"หมู่ย่อยนี้รวมถึงกิจกรรมทางการเกษตรที่กระทำโดยได้รับค่าตอบแทนหรือตามสัญญาจ้าง ได้แก่ กิจกรรมสนับสนุนการแพร่พันธุ์สัตว์การเจริญเติบโตของสัตว์และผลผลิตของสัตว์ บริการทดสอบฝูงสัตว์ บริการต้อนฝูงสัตว์ บริการตอนไก่ การทำความสะอาดเล้าไก่ ฯลฯ กิจกรรมที่เกี่ยวกับการผสมเทียม การนำสัตว์ตัวผู้ไปให้บริการผสมพันธุ์ การตัดขนแกะ การจัดที่พักและอาหารให้สัตว์รวมทั้งกิจกรรมของช่างทำเกือกม้า 
แต่ไม่รวมถึง 
- การจัดที่ว่างให้สัตว์พักอาศัย ดูหมู่ย่อย 6810 - กิจกรรมเกี่ยวกับสัตวแพทย์ดูหมู่ย่อย 7500 
- การฉีดวัคซีนให้สัตว์ดูหมู่ย่อย 7500 
- การให้เช่าสัตว์เช่น ฝูงสัตว์ดูหมู่ย่อย 7730 
- กิจกรรมบริการเพื่อสนับสนุนการล่าสัตว์และการดักสัตว์เพื่อการพาณิชย์ดูหมู่ย่อย 9499 
- การจัดที่พักชั่วคราวให้สัตว์เลี้ยง ดูหมู่ย่อย 9630
","1"
27,0163,016,กิจกรรมหลังการเก็บเกี่ยวพืชผล,Post-harvest crop activities,"การเตรียมพืชผลเพื่อการจำหน่าย เช่น การทำความสะอาด การตัดแต่ง การคัดแยกขนาด การกำจัดเชื้อโรค การหีบฝ้าย การเตรียมใบยาสูบ การเตรียม เมล็ดโกโก้และการเคลือบผลไม้ด้วยขี้ผึ้ง การทำให้ผักและผลไม้แห้งด้วยการ ตากแดด 
แต่ไม่รวมถึง 
- การเตรียมผลิตผลทางการเกษตรโดยผู้ผลิต ดูหมู่ย่อยที่เกี่ยวข้องกับเรื่องนี้ ในหมู่ใหญ่011 หรือ 012
- การถนอมผลไม้และผัก รวมถึงการบดแห้ง ดูหมู่ย่อย 1030 
- การบ่มและอบใบยาสูบ ดูหมู่ย่อย 1200 
- กิจกรรมการตลาดของพ่อค้าและสมาคมพ่อค้า ดูหมวดย่อย 46 
- การขายส่งวัตถุดิบทางการเกษตร ดูหมู่ย่อย 4620
","1"
28,0164,016,กระบวนการจัดการเมล็ดพันธุ์เพื่อการขยายพันธุ,Seed processing for propagation,"กิจกรรมทั้งหลายหลังการเก็บเกี่ยวซึ่งมีวัตถุประสงค์เพื่อการพัฒนาคุณภาพ ของเมล็ดพืชที่จะใช้ในการขยายพันธุ์ด้วยวิธีการแยกสิ่งที่มิใช่เมล็ด เมล็ดที่มี ขนาดเล็กเกินไป เมล็ดที่เสียหายเพราะเครื่องจักรหรือแมลง และเมล็ดที่ยัง ไม่แก่จัดออกไป นอกจากนั้น ยังขจัดความชื้นเพื่อให้ปลอดภัยแก่การเก็บรักษา ดังนั้น หมู่ย่อยนี้จึงรวมกิจกรรมต่าง ๆ คือ การทำให้แห้ง การทำความสะอาด การคัดแยกขนาด และการจัดการกับเมล็ดพันธุ์ จนกระทั่งได้รับการตีตราประทับ เพื่อรับรองคุณภาพ กิจกรรมการตัดแต่งพันธุกรรมเมล็ดพืชก็รวมอยู่ในหมู่ย่อยนี้ด้วย 
แต่ไม่รวมถึง 
- การเพาะเมล็ด ดูหมู่ใหญ่011 และ 012 
- กระบวนการจัดการกับเมล็ดเพื่อสกัดน้ำมัน ดูหมู่ใหญ่104 
- การวิจัยเพื่อการพัฒนาหรือการตัดแต่งพันธุกรรมเพื่อสร้างสายพันธุ์ชนิดใหม่ ๆ ดูหมู่ย่อย 7210
","1"
29,0170,017,การล่าสัตว์การดักสัตว์และกิจกรรมบริการอื่น ๆ ที่เกี่ยวข้อง,"Hunting, trapping and related service activities","การล่าสัตว์และการดักสัตว์เพื่อการพาณิชย์ การจับสัตว์ (เป็นหรือตาย) เพื่อเป็นอาหาร การถลกหนังขนสัตว์หรือการแล่หนังสัตว์หรือเพื่อการวิจัย ในสวนสัตว์ หรือในสัตว์เลี้ยง การผลิตหนังขนสัตว์ หนังสัตว์เลื้อยคลานหรือขนนก ที่ได้จากการล่าสัตว์หรือการดักสัตว์ นอกจากนี้ยังรวมถึงการจับสัตว์ทะเล ที่เลี้ยงลูกด้วยนมซึ่งอาศัยอยู่ตามชายฝั่งทะเล เช่น วอลรัส และแมวน้ำ 
แต่ไม่รวมถึง 
- ผลิตภัณฑ์จากหนังขนสัตว์ หนังสัตว์เลื้อยคลานหรือขนนกที่ได้จาก ฟาร์มเลี้ยง ดูหมู่ใหญ่014 
- การเลี้ยงสัตว์ที่ใช้เพื่อการแข่งขันเกมกีฬา ดูหมู่ย่อย 0149 
- การล่าปลาวาฬ ดูหมู่ย่อย 0311 
- การผลิตหนังสัตว์ที่ได้จากโรงฆ่าสัตว์ดูหมู่ย่อย 1011 
- การล่าสัตว์เพื่อการกีฬาหรือนันทนาการ รวมทั้งกิจกรรมอื่น ๆ ที่เกี่ยวข้อง ดูหมู่ย่อย 9319 
- กิจกรรมบริการเพื่อสนับสนุนการล่าสัตว์และการดักสัตว์ดูหมู่ย่อย 9499
","1"
30,0210,021,วนวัฒนวิทยาและกิจกรรมอื่น ๆ ที่เกี่ยวกับป่าไม,Silviculture and other forestry activities,"กิจกรรมต่าง ๆ ที่สามารถกระทำได้ในป่าธรรมชาติหรือในสวนป่า ได้แก่ การปลูกไม้ยืนต้น การเพาะชำกล้าไม้การปลูกซ่อม การย้ายปลูก การตัดสาง ขยายระยะ และการปลูกไม้ยืนต้นเพื่อการอนุรักษ์ ทั้งในพื้นที่ป่าไม้และพื้นที่ ที่ผ่านการทำไม้แล้ว รวมทั้งการปลูกไม้ยืนต้นที่ได้จากการแตกหน่อ เพื่อทำ เยื่อกระดาษและทำไม้ฟืน 
แต่ไม่รวมถึง 
- การปลูกต้นคริสต์มาส ดูหมู่ย่อย 0129 
- การดำเนินงานเกี่ยวกับการเพาะชำกล้าไม้ดูหมู่ย่อย 0130 
- การเก็บหาของป่า ดูหมู่ย่อย 0230 
- การผลิตชิ้นไม้สับและเศษชิ้นไม้ดูหมู่ย่อย 1610
","1"
31,0220,022,การทำไม้,Logging,"การผลิตไม้ท่อนกลมเพื่อการผลิตผลิตภัณฑ์สำหรับอุตสาหกรรมป่าไม้การผลิต ไม้ท่อนกลมที่ยังมิได้แปรรูป เช่น ไม้เสาอุโมงค์เหมือง ไม้ค้ำ เสาเข็ม ไม้ทำรั้ว และไม้เสาประเภทอื่น ๆ การเก็บหาและการผลิตไม้ฟืน การเผาถ่านในป่า (ตามวิธีดั้งเดิมที่ปฏิบัติกันมา) ผลผลิตของกิจกรรมนี้ออกมาในรูปของไม้ซุงและ ชิ้นไม้สับหรือไม้ฟืน 
แต่ไม่รวมถึง 
- การปลูกต้นคริสต์มาส ดูหมู่ย่อย 0129 
- การปลูกไม้ยืนต้น การเพาะชำกล้าไม้การปลูกซ่อม การย้ายปลูก การตัดสาง ขยายระยะและการปลูกไม้ยืนต้น เพื่อการอนุรักษ์ทั้งในพื้นที่ป่าไม้และพื้นที่ ที่ผ่านการทำไม้แล้ว ดูหมู่ย่อย 0210 
- การเก็บหาของป่า ดูหมู่ย่อย 0230 
- การผลิตชิ้นไม้สับและเศษชิ้นไม้ดูหมู่ย่อย 1610 - การผลิตถ่านที่ได้จากการเผาไม้ดูหมู่ย่อย 2011
","1"
32,0230,023,การเก็บหาของป่า,Gathering of non-wood forest products,"การเก็บหาของป่าและพืชอื่น ๆ ที่ขึ้นในป่า รวมถึง การเก็บสิ่งที่เกิดขึ้น ในธรรมชาติเช่น เห็ด เห็ดทรัฟเฟิล ไม้ไผ่ หน่อไม้หวาย กก เปลือกไม้สมุนไพร ผลไม้ป่า ดอกไม้ป่าและรากไม้ ลูกเบอร์รี่ ผลไม้เปลือกแข็งบาลาตา (balata) และยางไม้ ที่คล้ายน้ำยางพารา เปลือกไม้โอ๊ค ยางไม้ที่นำมาทำกาวยาง ยางบาลซัม (balsams) เถาวัลย์ อีลกราส (eelgrass) ลูกโอ๊ค เกาลัดป่า หญ้ามอสและตะไคร่ 
แต่ไม่รวมถึง 
- การจัดการด้านการผลิตผลผลิตต่าง ๆ เหล่านี้ยกเว้น การปลูกต้นไม้ เพื่อใช้ทำไม้ก๊อก ดูหมวดย่อย 01 
- การเพาะเห็ดหรือเห็ดทรัฟเฟิล ดูหมู่ย่อย 0113 
- การปลูกต้นเบอร์รี่และไม้ผลที่มีเปลือกแข็ง ดูหมู่ย่อย 0125 - การเก็บหาไม้ฟืน ดูหมู่ย่อย 0220
","1"
33,0240,024,บริการสนับสนุนการป่าไม้,Support services to forestry,"การดำเนินงานเกี่ยวกับป่าไม้ที่กระทำโดยได้รับค่าตอบแทนหรือตามสัญญาจ้าง ได้แก่ กิจกรรมบริการเกี่ยวกับป่าไม้การสำรวจป่า บริการให้คำปรึกษา ด้านการบริหารจัดการเกี่ยวกับป่า การประเมินคุณภาพไม้การป้องกัน และการดับไฟป่า การควบคุมแมลงในป่า และกิจกรรมบริการเกี่ยวกับการทำไม้ การขนย้ายไม้ซุงในป่า 
แต่ไม่รวมถึง 
- การดำเนินงานเกี่ยวกับการเพาะชำกล้าไม้ป่า ดูหมู่ย่อย 0210
","1"
34,0311,031,การประมงทะเล,Marine fishing,"หมู่ย่อยนี้รวมถึงการจับปลาเพื่อการพาณิชย์ในทะเลและชายฝั่ง การจับสัตว์น้ำ จำพวกครัสตาเซียและโมลลุสก์การล่าปลาวาฬ การจับสัตว์ทะเล เช่น เต่าทะเล ปลิงทะเล เพรียง เม่นทะเล รวมทั้งกิจกรรมในการใช้เรือประมง เพื่อการ จับสัตว์น้ำ การแปรรูปและการเก็บรักษาสัตว์น้ำ การเก็บรวบรวมพืชสัตว์ และผลิตผลจากทะเล เช่น ไข่มุกธรรมชาติฟองน้ำ ปะการังและสาหร่ายทะเล 
แต่ไม่รวมถึง 
- การจับสัตว์ทะเลที่เลี้ยงลูกด้วยนม เช่น วอลรัส แมวน้ำ (ยกเว้น ปลาวาฬ) ดูหมู่ย่อย 0170 
- การแปรรูปปลา สัตว์น้ำจำพวกครัสตาเซียและโมลลุสก์บนเรือที่ใช้ในกิจการพิเศษ (เรือโรงงาน) หรือในโรงงานอุตสาหกรรมบนบก ดูหมู่ใหญ่102 
- การให้เช่าเรือสำราญกีฬาพร้อมคนประจำเรือสำหรับการเดินทางในทะเล และตามแนวชายฝั่งทะเล (เช่น เรือเช่าสำหรับตกปลาในทะเล) ดูหมู่ย่อย 5011 
- การให้บริการตรวจสอบและปกป้องคุ้มครองการจับสัตว์น้ำ ดูหมู่ย่อย 8423 
- การฝึกสอนเกี่ยวกับการตกปลาเพื่อการกีฬาหรือนันทนาการและบริการอื่น ๆ ที่เกี่ยวข้อง ดูหมู่ย่อย 9319 
- การดำเนินงานเกี่ยวกับการตกปลาเพื่อการกีฬาเชิงอนุรักษ์ดูหมู่ย่อย 9319
","1"
35,0312,031,การประมงน้ำจืด,Freshwater fishing,"หมู่ย่อยนี้รวมถึงการจับปลาในแหล่งน้ำจืดเพื่อการพาณิชย์การจับสัตว์น้ำจำพวกครัสตาเซีย และโมลลุสก์ รวมทั้งสัตว์น้ำจืดอื่น ๆและยังรวมถึงการเก็บรวบรวมผลิตผลต่าง ๆ จากแหล่งน้ำจืดด้วย
แต่ไม่รวมถึง 
- การแปรรูปปลาและสัตว์น้ำจำพวกครัสตาเซียและโมลลุสก์ดูหมู่ใหญ่102 
- การให้บริการตรวจสอบปกป้องคุ้มครองการจับสัตว์น้ำ ดูหมู่ย่อย 8423 
- การฝึกสอนเกี่ยวกับการตกปลาเพื่อการกีฬาหรือนันทนาการและบริการอื่น ๆ ที่เกี่ยวข้อง ดูหมู่ย่อย 9319 
- การดำเนินงานเกี่ยวกับการตกปลาเพื่อการกีฬาเชิงอนุรักษ์ดูหมู่ย่อย 9319
","1"
36,0321,032,การเพาะเลี้ยงสัตว์น้ำทะเล,Marine aquaculture,"หมู่ย่อยนี้รวมถึงการเพาะเลี้ยงปลาในทะเล รวมทั้งการเพาะเลี้ยงปลาทะเลสวยงาม การเลี้ยงลูกหอยวัยอ่อน (เช่น หอยนางรม หอยสองฝา) กุ้งมังกร ลูกกุ้งวัยอ่อน และลูกปลาขนาดเล็กและใหญ่ การปลูกสาหร่ายทะเลที่ใช้เป็นอาหาร การเพาะเลี้ยงสัตว์น้ำจืด จำพวกครัสตาเซียและโมลลุสก์และสัตว์น้ำอื่น ๆ ในทะเล นอกจากนี้ยังรวมถึงกิจกรรม การเพาะเลี้ยงสัตว์น้ำกร่อย การเพาะเลี้ยงสัตว์น้ำในบ่อพักน้ำหรือในอ่างเก็บน้ำทะเล การดำเนินงานเกี่ยวกับโรงเพาะฟักและอนุบาลลูกปลาทะเล การดำเนินงานเกี่ยวกับฟาร์ม เพาะเลี้ยงหนอนทะเล 
แต่ไม่รวมถึง 
- การทำฟาร์มเลี้ยงกบและตะพาบน้ำ ดูหมู่ย่อย 0322 
- การดำเนินงานเกี่ยวกับการตกปลาเพื่อการกีฬาเชิงอนุรักษ์ดูหมู่ย่อย 9319
","1"
37,0322,032,การเพาะเลี้ยงสัตว์น้ำจืด,Freshwater aquaculture,"หมู่ย่อยนี้รวมถึงการเพาะเลี้ยงปลาในน้ำจืดรวมทั้งการเลี้ยงปลาสวยงาม การเพาะเลี้ยง สัตว์น้ำจำพวกครัสตาเซียและโมลลุสก์หอยสองฝา และสัตว์น้ำจืดชนิดอื่น ๆ การเพาะฟัก และอนุบาลลูกพันธุ์สัตว์น้ำจืด รวมทั้งการเพาะเลี้ยงกบ 
แต่ไม่รวมถึง 
- กิจกรรมเพาะเลี้ยงสัตว์น้ำในบ่อพักน้ำหรือในอ่างเก็บน้ำทะเล ดูหมู่ย่อย 0321 
- การดำเนินงานเกี่ยวกับการตกปลาเพื่อการกีฬาเชิงอนุรักษ์ดูหมู่ย่อย 9319
","1"
38,0510,051,การทำเหมืองถ่านหินคุณภาพสูง,Mining of hard coal,"การทำเหมืองถ่านหินคุณภาพสูง เหมืองใต้ดินและเหมืองผิวดิน รวมทั้ง การทำเหมืองด้วยวิธีการสกัดน้ำมันดิบจากถ่านหิน การทำให้สะอาด การคัดขนาด การคัดคุณภาพ การบด การอัดก้อนถ่านหิน เพื่อแยกประเภท เพื่อพัฒนา คุณภาพหรือเพื่อสะดวกแก่การขนส่งหรือการเก็บ นอกจากนี้ยังรวมถึงการผลิต ถ่านหินคุณภาพสูงจากผงถ่านหิน 
แต่ไม่รวมถึง 
- การทำเหมืองลิกไนต์ดูหมู่ย่อย 0520 
- การขุดพีตและการอัดก้อนพีต ดูหมู่ย่อย 0892 
- การเจาะทดสอบเพื่อการทำเหมืองถ่านหิน ดูหมู่ย่อย 0990 
- กิจกรรมที่สนับสนุนการทำเหมืองถ่านหินคุณภาพสูง ดูหมู่ย่อย 0990 
- การผลิตถ่านโค้กเพื่อผลิตเชื้อเพลิงแข็ง ดูหมู่ย่อย 1910 
- การผลิตถ่านหินคุณภาพสูงอัดแท่ง ดูหมู่ย่อย 1920 
- การปฏิบัติงานเพื่อพัฒนาหรือเตรียมพื้นที่เพื่อการทำเหมืองถ่านหิน ดูหมู่ย่อย 4312
","1"
39,0520,052,การทำเหมืองลิกไนต์,Mining of lignite,"การทำเหมืองลิกไนต์ (ถ่านหินสีน้ำตาล) เหมืองใต้ดินหรือเหมืองผิวดิน รวมทั้ง การทำเหมืองด้วยวิธีการสกัดน้ำมันดิบจากถ่านหิน การล้าง การขจัดน้ำออก การบด การอัดถ่านลิกไนต์ เพื่อพัฒนาคุณภาพ และเพื่อให้สะดวกแก่การขนส่ง หรือการจัดเก็บ 
แต่ไม่รวมถึง 
- การทำเหมืองถ่านหินคุณภาพสูง ดูหมู่ย่อย 0510 
- การขุดพีต ดูหมู่ย่อย 0892 
- การเจาะทดสอบเพื่อการทำหมืองถ่านหิน ดูหมู่ย่อย 0990 
- กิจกรรมที่สนับสนุนการทำเหมืองลิกไนต์ดูหมู่ย่อย 0990
- การผลิตถ่านลิกไนต์อัดแท่ง ดูหมู่ย่อย 1920 
- การปฏิบัติงานเพื่อพัฒนาหรือเตรียมพื้นที่ เพื่อการทำเหมืองถ่านหิน ดูหมู่ย่อย 4312
","1"
40,0610,061,การผลิตน้ำมันดิบ,Extraction of crude petroleum,"  การผลิตน้ำมันดิบ และการทำเหมืองถ่านหินหรือหินน้ำมันและทรายน้ำมัน การผลิตน้ำมันดิบจากหินน้ำมันและทรายน้ำมัน กระบวนการเพื่อให้ได้น้ำมันดิบ ได้แก่การแยกของเหลวออกจากน้ำมัน การแยกเกลือออกจากน้ำมัน กระบวนการ แยกน้ำออกจากน้ำมันและขั้นตอนอื่นที่เกี่ยวข้อง โดยน้ำมันดิบที่ได้ต้องไม่ เปลี่ยนแปลงคุณลักษณะสำคัญของผลิตภัณฑ์ฯลฯ
แต่ไม่รวมถึง 
- กิจกรรมที่สนับสนุนการผลิตน้ำมันดิบและก๊าซธรรมชาติดูหมู่ย่อย 0910 
- การสำรวจหาแหล่งน้ำมันและก๊าซธรรมชาติดูหมู่ย่อย 0910 
- การผลิตผลิตภัณฑ์ที่ได้จากการกลั่นปิโตรเลียม ดูหมู่ย่อย 1920 
- การได้มาซึ่งก๊าซเหลวจากการกลั่นปิโตรเลียม ดูหมู่ย่อย 1920 
- การดำเนินงานเกี่ยวกับการขนส่งทางระบบท่อลำเลียง ดูหมู่ย่อย 4940
","1"
41,0620,062,การผลิตก๊าซธรรมชาติ,Extraction of natural gas,"   การผลิตก๊าซธรรมชาติก๊าซธรรมชาติเหลว การแยกน้ำและสิ่งเจือปนต่าง ๆออกจากสารประกอบไฮโดรคาร์บอนเหลว การแยกกำมะถันออกจาก ก๊าซธรรมชาติรวมทั้งการผลิตไฮโดรคาร์บอนเหลวหรือการผลิตไฮโดรคาร์บอน โดยวิธีไพโรไลซิส (pyrolysis) 
แต่ไม่รวมถึง 
- กิจกรรมที่สนับสนุนการผลิตน้ำมันดิบและก๊าซธรรมชาติดูหมู่ย่อย 0910 
- การสำรวจหาแหล่งน้ำมันและก๊าซธรรมชาติดูหมู่ย่อย 0910
 - การได้มาซึ่งก๊าซเหลวจากการกลั่นปิโตรเลียม ดูหมู่ย่อย 1920 
- การผลิตก๊าซอุตสาหกรรม ดูหมู่ย่อย 2011 
- การดำเนินงานเกี่ยวกับการขนส่งทางระบบท่อลำเลียง ดูหมู่ย่อย 4940
","1"
42,0710,071,การทำเหมืองสินแร่เหล็ก,Mining of iron ores," การทำเหมืองสินแร่เหล็กที่มีเหล็กเป็นส่วนประกอบหลัก รวมทั้งการแต่ง และการอัดก้อนสินแร่เหล็ก 
แต่ไม่รวมถึง 
- การสกัดและการแต่งแร่ไพไรต์และพิร์โรไทต์ยกเว้น การย่างแร่ ดูหมู่ย่อย 0891
","1"
43,0721,072,การทำเหมืองสินแร่ยูเรเนียมและทอเรียม,Mining of uranium and thorium ores,"- การทำเหมืองสินแร่ที่มีส่วนประกอบยูเรเนียมและทอเรียม เช่น แร่พิตช์เบลนด์ฯลฯ 
- การทำให้สินแร่ดังกล่าวเข้มข้น รวมทั้งการผลิตเค้กเหลือง (yellowcake) 
แต่ไม่รวมถึง 
- การแต่งแร่ยูเรเนียมและทอเรียม ดูหมู่ย่อย 2011 
- การผลิตโลหะยูเรเนียมจากแร่พิตช์เบลนด์หรือจากสินแร่อื่น ๆ ดูหมู่ย่อย 2420 
- การหลอมละลายและการทำยูเรเนียมให้บริสุทธิ์ดูหมู่ย่อย 2420
","1"
44,0729,072,การทำเหมืองสินแร่โลหะนอกกลุ่มสินแร่เหล็กอื่น ๆ,Mining of other non-ferrous metal ores,"หมู่ย่อยนี้รวมถึงการทำเหมืองและการแต่งสินแร่โลหะนอกกลุ่มแร่เหล็ก เช่น อะลูมิเนียม (บ็อกไซต์) ทองแดง ตะกั่ว สังกะสีดีบุก แมงกานีส โครเมียม นิกเกิล โคบอลต์ โมลิบดีนัม แทนทาลัม วาเนเดียม ฯลฯ 
แต่ไม่รวมถึง 
- การทำเหมืองแร่ยูเรเนียมและทอเรียม ดูหมู่ย่อย 0721 
- การผลิตอะลูมิเนียมออกไซด์และนิกเกิลหรือทองแดงผิวด้าน ดูหมู่ย่อย 2420
","1"
45,0730,073,การทำเหมืองสินแร่โลหะมีค่า,Mining of precious metals,"การทำเหมืองแร่โลหะมีค่า เช่น ทองคำ เงิน แพลทินัมและโลหะมีค่าอื่น ๆ รวมถึงกระบวนการแยกส่วนที่เป็นอโลหะชนิดอื่นออก
","1"
46,0810,081,การทำเหมืองหิน ทรายและดิน,"Quarrying of stone, sand and clay","หมู่ย่อยนี้รวมถึงการทำเหมืองหิน การแต่งหินอย่างหยาบ การเลื่อยหรือตัดบล็อก หินประดับและหินตกแต่ง เช่น หินอ่อน หินแกรนิต หินทราย ฯลฯ การทำเหมืองหิน การย่อยและการระเบิดหินปูน การทำเหมืองแร่ยิปซัมและแอนไฮไดรต์การทำเหมืองชอล์ก และโดโลไมต์ (ชนิดไม่ผ่านกระบวนการแคลไซน์) การทำเหมืองเรือขุดเพื่อผลิตทราย ที่ใช้ในอุตสาหกรรม ทรายสำหรับงานก่อสร้าง และกรวด การระเบิดและย่อยหิน และกรวด การทำเหมืองทราย การทำเหมืองดินเหนียว ดินทนไฟและดินขาว 
แต่ไม่รวมถึง 
- การทำเหมืองทรายน้ำมัน ดูหมู่ย่อย 0610 
- การทำเหมืองแร่ที่ใช้ทำเคมีภัณฑ์และปุ๋ย ดูหมู่ย่อย 0891 
- การผลิตโดโลไมต์ที่ผ่านกระบวนการแคลไซน์ดูหมู่ย่อย 2394 
- การตัด การขึ้นรูปและการแต่งสำเร็จหินนอกเหมืองหิน ดูหมู่ย่อย 2396
","1"
47,0891,089,การทำเหมืองแร่ที่ใช้ทำเคมีภัณฑ์และปุ๋ย,Mining of chemical and fertilizer minerals,"การทำเหมืองแร่ฟอสเฟตและแร่โพแทช กำมะถัน การสกัดและการแต่งแร่ไพไรต์ และแร่พิร์โรไทต์ยกเว้นการย่างแร่ดังกล่าว การทำเหมืองแบเรียมซัลเฟตและ คาร์บอเนต (แร่แบไรต์และแร่วิเทอร์ไรต์) แร่โบเรตและแร่แมกนีเซียมซัลเฟต การทำเหมืองดินสีแร่ฟลูออสปาร์และแร่อื่น ๆ ที่ใช้ประโยชน์ทางเคมีภัณฑ์ รวมถึงการทำเหมืองกวาโน 
แต่ไม่รวมถึง 
- การทำเหมืองเกลือ ดูหมู่ย่อย 0893 
- การย่างแร่เหล็กไพไรต์ดูหมู่ย่อย 2011 
- การผลิตปุ๋ยเคมีและปุ๋ยที่มีธาตุไนโตรเจนเป็นสารประกอบ ดูหมู่ย่อย 2012
","1"
48,0892,089,การขุดพีต,Extraction of peat,"การขุดพีตและการอัดก้อนพีต การเตรียมพีตเพื่อการปรับปรุงคุณภาพหรือเพื่อ ความสะดวกในการขนส่งหรือเก็บรักษา 
แต่ไม่รวมถึง 
- งานบริการที่เกี่ยวข้องกับการขุดพีต ดูหมู่ย่อย 0990 
- การผลิตสิ่งของต่าง ๆ จากพีต ดูหมู่ย่อย 2399
","1"
49,0893,089,การทำเหมืองเกลือ,Extraction of salt,"หมู่ย่อยนี้รวมถึงการผลิตเกลือจากใต้ดิน โดยวิธีการละลายแร่และสูบน้ำเกลือขึ้นมา การผลิตเกลือสมุทรโดยกระบวนการระเหย และการผลิตเกลือสินเธาว์จากแหล่งน้ำเค็มอื่น ๆ รวมทั้งการบดเกลือ การทำเกลือให้บริสุทธิ์และสะอาดโดยผู้ประกอบการ
แต่ไม่รวมถึง 
- การผลิตเกลือปรุงอาหาร เช่น เกลือผสมไอโอดีน ดูหมู่ย่อย 1077 
- การผลิตน้ำจืดจากน้ำเค็มโดยกระบวนการระเหย ดูหมู่ย่อย 3600
","1"
50,0899,089,การทำเหมืองแร่และเหมืองหินอื่น ๆ ซึ่งมิได้จัดประเภทไว้ในที่อื่น,Other mining and quarrying not elsewhere classified,"หมู่ย่อยนี้รวมถึงการทำเหมืองแร่และวัสดุต่าง ๆ ได้แก่ วัตถุสำหรับขัดถูแร่ใยหิน แร่ที่มี ส่วนประกอบหลักเป็นซิลิกา เช่น ดินเบา (diatomite) แร่ดินสอดำ (แกรไฟต์) แร่สตีไทต์ (ทัลก์) แร่ฟันม้า ( เฟลด์สปาร์) แอสฟัลต์ธรรมชาติแอสฟัลไตต์และหินแอสฟัลต์บิทูเมน ที่เกิดตามธรรมชาติแร่รัตนชาติแร่เขี้ยวหนุมาน (ควอตซ์) แร่กลีบหิน(ไมกา) ฯลฯ
","1"
51,0910,091,กิจกรรมที่สนับสนุนการขุดเจาะน้ำมันดิบและก๊าซธรรมชาต,Support activities for petroleum and natural gas extraction,"กิจกรรมการให้บริการต่าง ๆ ที่เกี่ยวกับการขุดเจาะน้ำมันและก๊าซธรรมชาติ ที่กระทำโดยได้รับค่าตอบแทนหรือตามสัญญาจ้าง ซึ่งได้แก่ กิจกรรมต่าง ๆ ดังนี้ การให้บริการสำรวจซึ่งเกี่ยวข้องกับการขุดเจาะน้ำมันดิบหรือก๊าซธรรมชาติ การใช้วิธีการดั้งเดิมที่ปฏิบัติกันมา เช่น การสำรวจทางธรณีวิทยาของสถานที่ คาดว่าจะมีแหล่งน้ำมันหรือก๊าซธรรมชาติการขุดเจาะหลุมเอียงและการขุดเจาะซ้ำ บ่อน้ำมัน การติดตั้งแท่นขุดเจาะ การซ่อม และการรื้อแท่นขุดเจาะ การอัดซีเมนต์ ท่อกรุของหลุมน้ำมันดิบและก๊าซธรรมชาติการสูบน้ำมันจากหลุมผลิต การอัด ซีเมนต์เข้าไปในหลุมเจาะที่ไม่พบปิโตรเลียมเพื่อการสละหลุม การเปลี่ยนสถานะ จากก๊าซธรรมชาติให้เป็นของเหลวและการเปลี่ยนสถานะกลับให้เป็นก๊าซธรรมชาติ เพื่อการขนส่ง ซึ่งกระทำ ณ สถานที่ผลิตปิโตรเลียม การระบายน้ำและการสูบ น้ำมันที่กระทำโดยได้รับค่าตอบแทนหรือตามสัญญาจ้าง การเจาะทดสอบ ที่เกี่ยวข้องกับน้ำมันดิบหรือก๊าซธรรมชาติรวมทั้งการให้บริการดับเพลิง และผจญเพลิงบริเวณแหล่งน้ำมันดิบและก๊าซธรรมชาติ 
แต่ไม่รวมถึง 
- กิจกรรมบริการต่าง ๆ ที่กระทำโดยพนักงานที่ทำงานประจำ ณ บ่อน้ำมันดิบ หรือก๊าซธรรมชาติดูหมู่ย่อย 0610 และ 0620 
- การซ่อมเครื่องจักรที่ใช้ในงานเหมืองซึ่งต้องใช้ผู้ชำนาญการเฉพาะด้าน ดูหมู่ย่อย 3312 
- การเปลี่ยนก๊าซธรรมชาติให้เป็นของเหลวและการเปลี่ยนกลับให้เป็น 
- ก๊าซธรรมชาติเพื่อการขนส่ง ซึ่งกระทำนอกสถานที่ทำเหมือง ดูหมู่ย่อย 5221 
- การสำรวจทางธรณีฟิสิกส์ การสำรวจทางธรณีวิทยาและการสำรวจโดยใช้ คลื่นไหวสะเทือน ดูหมู่ย่อย 7110
","1"
52,0990,099,กิจกรรมที่สนับสนุนการทำเหมืองแร่และเหมืองหินอื่น ๆ,Support activities for other mining and quarrying,"บริการสนับสนุนต่าง ๆ ที่กระทำโดยได้รับค่าตอบแทนหรือตามสัญญาจ้างตามที่ กำหนดไว้ในกิจกรรมการทำเหมืองในหมวดย่อยต่าง ๆ คือ หมวดย่อย 05 07 และ 08 บริการต่าง ๆ เหล่านี้ได้แก่ บริการสำรวจ การสำรวจตามวิธีการดั้งเดิม ที่ปฏิบัติกันมา เช่น การเก็บแท่งตัวอย่างและการสำรวจสภาพทางธรณีวิทยา ณ สถานที่ที่คาดว่าจะเป็นแหล่งแร่ บริการในการระบายและการสูบน้ำที่กระทำ โดยได้รับค่าตอบแทนหรือตามสัญญาจ้าง รวมทั้งการเจาะทดสอบและการตรวจสอบ หลุมเจาะ 
แต่ไม่รวมถึง 
- การทำเหมืองแร่หรือเหมืองหินโดยได้รับค่าตอบแทนหรือตามสัญญาจ้าง ดูหมวดย่อย 05, 07 และ 08 
- การซ่อมเครื่องจักรที่ใช้ในงานเหมืองซึ่งต้องใช้ผู้ชำนาญการเฉพาะด้าน ดูหมู่ย่อย 3312 
- บริการการสำรวจทางธรณีฟิสิกส์โดยได้รับค่าตอบแทนหรือตามสัญญาจ้าง ดูหมู่ย่อย 7110
","1"
53,1011,101,การฆ่าสัตว์และการบรรจุเนื้อสัตว์(ยกเว้น สัตว์ปีก),"Slaughtering and packing of meat, except poultry","ในหมู่ย่อยนี้ได้แก่ การดำเนินงานของโรงฆ่าสัตว์ ในการฆ่า การชำแหละ การตกแต่ง และการบรรจุเนื้อสัตว์สด การผลิตเนื้อสัตว์สด (ยกเว้น สัตว์ปีก) แช่เย็นหรือแช่แข็ง ในรูป เนื้อสด เป็นซากและตัดเป็นส่วน ๆ การผลิตส่วนอื่นของสัตว์(ยกเว้น สัตว์ปีก) ที่บริโภคได้
แต่ไม่รวมถึง 
- การผลิตเนื้อสัตว์ปีก ดูหมู่ย่อย 1012
","1"
54,1012,101,การฆ่าและการบรรจุเนื้อสัตว์ปีกสด,Slaughtering and packing of poultry,"การฆ่าสัตว์ปีกและการผลิตเนื้อสัตว์ปีกสด แช่เย็นหรือแช่แข็ง การฆ่าสัตว์ปีก เช่น ไก่ เป็ด ห่าน ไก่งวง การผลิตเนื้อสัตว์ปีกสด แช่เย็น หรือแช่แข็ง ที่นำมาตกแต่งหรือตัดเป็นส่วน ๆ การทำความสะอาดและการบรรจุภาชนะ (ยกเว้น การบรรจุกระป๋อง) การผลิตส่วนอื่นของสัตว์ปีกที่บริโภคได้ เช่น เครื่องในสัตว์ ขนแข็งหรือขนอ่อน ที่ดำเนินการต่อเนื่องจากการฆ่าสัตว์
แต่ไม่รวมถึง 
- การฆ่าสัตว์(ยกเว้น สัตว์ปีก) ดูกิจกรรม 10111 
- การผลิตเนื้อสัตว์สด (ยกเว้น สัตว์ปีก) แช่เย็นหรือแช่แข็ง ที่นำมาตกแต่ง หรือตัดเป็นส่วน ๆ ทำความสะอาดและบรรจุภาชนะ ดูกิจกรรม 10112 
- การแปรรูปและการถนอมผลิตภัณฑ์เนื้อสัตว์ปีก ดูหมู่ย่อย 1013 
- การผลิตเนื้อสัตว์และเนื้อสัตว์ปีกปรุงสำเร็จแช่แข็ง ดูกิจกรรม 10751 
- การผลิตอาหารปรุงสำเร็จพร้อมบริโภคบรรจุกระป๋อง ดูกิจกรรม 10752
","1"
55,1013,101,การแปรรูปและการถนอมผลิตภัณฑ์เนื้อสัตว์และเนื้อสัตว์ปีก,Processing and preserving meat and poultry meat products,"
","1"
56,1021,102,การผลิตสัตว์น้ำและผลิตภัณฑ์สัตว์น้ำสด แช่เย็นหรือแช่แข็ง,"Processing and preserving of fish and fish products, fresh, chilled or frozen","
","1"
57,1022,102,การผลิตสัตว์น้ำบรรจุกระป๋อง,Production of canned fish,"ในหมู่ย่อยนี้ได้แก่การผลิตสัตว์น้ำบรรจุกระป๋องหรือภาชนะที่ผนึกแน่นและอากาศเข้าไม่ได้ อื่น ๆ โดยมีเนื้อสัตว์น้ำเป็นส่วนประกอบหลัก ผ่านกรรมวิธีให้ความร้อนรวมถึงการบรรจุ โดยวิธีสุญญากาศ
แต่ไม่รวมถึง 
- การผลิตผลิตภัณฑ์อาหารปรุงสำเร็จแช่แข็งที่ทำจากสัตว์น้ำเป็นหลัก ดูหมู่ย่อย 1029
","1"
58,1029,102,การแปรรูปและการถนอมสัตว์น้ำอื่น ๆ,Processinf and preserving of other fish and marine products not elsewhere classified,"
","1"
59,1030,103,การแปรรูปและการถนอมผลไม้และผัก,Processing and preserving of fruit and vegetables,"หมู่ย่อยนี้รวมถึงการผลิตอาหารที่มีผลไม้และผักเป็นส่วนประกอบหลัก ยกเว้น อาหาร ปรุงสำเร็จในรูปของการแช่แข็งหรือการบรรจุกระป๋อง การถนอมผลไม้ถั่วเปลือกแข็ง หรือผักต่าง ๆ การแช่แข็งการตากหรือการอบแห้ง การแช่ในน้ำมันหรือในน้ำส้มสายชู การบรรจุกระป๋อง ฯลฯ การผลิตผลิตภัณฑ์อาหารจากผลไม้และผัก การผลิตน้ำผลไม้ และน้ำผัก การผลิตแยม แยมผิวส้มและเยลลีการแปรรูปและการถนอมมันฝรั่ง การผลิต มันฝรั่งสำเร็จรูปแช่แข็ง การผลิตมันฝรั่งบดแห้ง การผลิตอาหารว่างจากมันฝรั่ง การผลิต แผ่นมันฝรั่งกรอบ การผลิตแป้งและแป้งบดหยาบจากมันฝรั่ง การอบถั่วเปลือกแข็ง การผลิตอาหารที่ทำจากถั่วและเนยถั่ว นอกจากนี้ยังรวมถึง การปอกเปลือกมันฝรั่ง ในโรงงานอุตสาหกรรม สารสกัดเข้มข้นจากผลไม้และผักสด รวมทั้งการผลิตอาหาร สำเร็จรูปที่เน่าเสียง่าย ที่ทำจากผลไม้สดและผักสด เช่น สลัด ผักที่ปอกและหั่นแล้ว เต้าหู้ฯลฯ 
แต่ไม่รวมถึง 
- การผลิตแป้งหรือแป้งบดหยาบจากพืชผักตระกูลถั่วตากแห้ง ดูหมู่ย่อย 1061 
- การแช่อิ่มผลไม้และถั่วเปลือกแข็ง ดูหมู่ย่อย 1073 - การผลิตผักปรุงสำเร็จ ดูหมู่ย่อย 1075 
- การผลิตหัวเชื้อสังเคราะห์เข้มข้น ดูหมู่ย่อย 1079
","1"
60,1041,104,การผลิตน้ำมันพืช (ยกเว้น น้ำมันปาล์ม),Manufacture of vegetable oils,"
","1"
61,1042,104,การผลิตน้ำมันปาล์ม,Manufacture of palm oil,"การผลิตน้ำมันปาล์มดิบ รวมถึงน้ำมันเมล็ดในปาล์มดิบ การกลั่นน้ำมันปาล์ม และน้ำมันเมล็ดในปาล์มให้บริสุทธิ์ การผลิตกากปาล์มน้ำมันและผลิตภัณฑ์ ที่เหลืออยู่อื่น ๆ ที่ได้จากการผลิตน้ำมัน
","1"
62,1049,104,การผลิตน้ำมันและไขมันจากสัตว์และผลิตภัณฑ์อื่น ๆ ที่ได้จากน้ำมันพืช ซึ่งมิได้ จัดประเภทไว้ในที่อื่น,"Manufacture of other vegetable oils and fats, not elsewhere classified","
","1"
63,1050,105,การผลิตผลิตภัณฑ์นม,Manufacture of dairy products,"หมู่ย่อยนี้รวมถึงการผลิตน้ำนมสด นมพาสเจอร์ไรส์ สเตอริไลส์และ/หรือการฆ่าเชื้อด้วย ความร้อนสูงโดยผ่านหรือไม่ผ่านโฮโมจีไนส์การผลิตเครื่องดื่มที่มีนมเป็นส่วนประกอบหลัก การผลิตครีมจากน้ำนมสด พาสเจอร์ไรส์ สเตอริไลส์ โดยผ่านหรือไม่ผ่านโฮโมจีไนส์ก็ได้ การผลิตนมผง หรือนมข้นไม่ว่าจะเป็นชนิดหวานหรือชนิดจืด การผลิตนมหรือครีม ในรูปของแข็ง การผลิตเนย การผลิตโยเกิร์ต การผลิตเนยแข็งและเนยก้อน การผลิตหางนม การผลิตโปรตีนจากนมหรือน้ำตาลนม การผลิตไอศกรีมและไอศกรีมหวานเย็น เช่น น้ำแข็ง ผสมน้ำผลไม้หรือเชอร์เบต ฯลฯ
แต่ไม่รวมถึง 
- การผลิตน้ำนมดิบ (จากโค กระบือ) ดูหมู่ย่อย 0141 
- การผลิตน้ำนมดิบ (จากอูฐ) ดูหมู่ย่อย 0143 
- การผลิตน้ำนมดิบ (จากแกะ แพะ) ดูหมู่ย่อย 0144 
- การผลิตนมเทียมและเนยแข็งเทียม ดูหมู่ย่อย 1079 
- กิจกรรมร้านขายไอศกรีม ดูหมู่ย่อย 5610
","1"
64,1061,106,การผลิตผลิตภัณฑ์จากเมล็ดธัญพืช,Manufacture of grain mill products,"หมู่ย่อยนี้รวมถึงการผลิตแป้งจากเมล็ดธัญพืช การผลิตแป้งสาลีเมล็ดพืชที่กะเทาะเปลือกออก แป้งประกอบอาหารที่ทำจากข้าวสาลีข้าวไรย์ข้าวโอ๊ต ข้าวโพดหรือเมล็ดธัญพืชชนิดอื่น ๆ การสีข้าว การบด การขัด การเคลือบ การนึ่งหรือการแปรรูปข้าว การผลิตแป้งข้าวเจ้า การผลิตแป้งหรือแป้งบดหยาบจากพืชผักตระกูลถั่วตากแห้ง จากรากหรือหัวหรือจากถั่ว ที่มีเปลือกแข็ง ซึ่งบริโภคได้การผลิตอาหารเช้าที่ทำจากธัญพืช รวมทั้งการผลิตแป้งผสม หรือแป้งสำเร็จรูปสำหรับทำขนมปัง ขนมเค้ก ขนมปังกรอบหรือแพนเค้ก 
แต่ไม่รวมถึง 
- การผลิตแป้งและแป้งบดหยาบจากมันฝรั่ง ดูหมู่ย่อย 1030 
- การโม่แป้งข้าวโพดแบบเปียก ดูหมู่ย่อย 1062
","1"
65,1062,106,การผลิตสตาร์ชและผลิตภัณฑ์จากสตาร์ช,Manufacture of starches and starch products,"หมู่ย่อยนี้รวมถึงการผลิตสตาร์ชจากข้าว มันฝรั่ง ข้าวโพด ฯลฯ การโม่แป้งข้าวโพด แบบเปียก การผลิตกลูโคส น้ำเชื่อมกลูโคส มอลโตสและอินูลิน การผลิตกลูเทน ฯลฯ การผลิตโปรตีนจากข้าวสาลีการผลิตสตาร์ชมันสำปะหลังและผลิตภัณฑ์ที่ใช้แทน มันสำปะหลังที่ทำจากสตาร์ช
แต่ไม่รวมถึง 
- การผลิตน้ำตาลนม ดูหมู่ย่อย 1050 
- การผลิตน้ำตาลจากอ้อยหรือจากหัวผักกาดแดง ดูหมู่ย่อย 1072
","1"
66,1071,107,การผลิตผลิตภัณฑ์ขนมอบ,Manufacture of bakery products,"หมู่ย่อยนี้รวมถึงการผลิตผลิตภัณฑ์ขนมอบ การผลิตผลิตภัณฑ์เบเกอรี่สด แช่เยือกแข็ง และอบแห้ง การผลิตขนมปังปอนด์และโรล การผลิตเพสตรีสด ขนมเค้ก พาย ทาร์ต ฯลฯ การผลิตขนมปังร่วน ขนมปังกรอบและผลิตภัณฑ์ขนมอบกรอบอื่น ๆ การถนอมเพสตรี และเค้ก การผลิตผลิตภัณฑ์อาหารว่าง (เช่น คุกกี้ขนมปังกรอบ ขนมปังเค็ม ฯลฯ) ไม่ว่า จะเป็นชนิดเค็มหรือชนิดหวาน การผลิตตอร์ติยาส์ (tortillas) การผลิตผลิตภัณฑ์เบเกอรี่ แช่เยือกแข็ง แพนเค้ก วาฟเฟิล โรล ฯลฯ
แต่ไม่รวมถึง 
- การผลิตผลิตภัณฑ์แป้งพาสต้า ดูหมู่ย่อย 1074 
- การผลิตอาหารว่างจากมันฝรั่ง ดูหมู่ย่อย 1030 
- การผลิตขนมอบพร้อมบริโภค ดูหมวดย่อย 56
","1"
67,1072,107,การผลิตน้ำตาล,Manufacture of sugar,"หมู่ย่อยนี้รวมถึงการผลิตน้ำตาลทรายบริสุทธิ์และน้ำตาลเทียมจากอ้อย หัวผักกาดแดง เมเปิลและปาล์ม การผลิตน้ำเชื่อม การผลิตกากน้ำตาล การผลิตน้ำเชื่อมและน้ำตาล จากต้นเมเปิล 
แต่ไม่รวมถึง 
- การผลิตกลูโคส น้ำเชื่อมกลูโคส มอลโตส ดูหมู่ย่อย 1062
","1"
68,1073,107,การผลิตโกโก้ช็อกโกแลตและลูกกวาด,"Manufacture of cocoa, chocolate and sugar confectionery","หมู่ย่อยนี้รวมถึงการผลิตโกโก้ เนยโกโก้ ไขมันโกโก้ น้ำมันโกโก้การผลิตช็อกโกแลต และขนมหวานรสช็อกโกแลต การผลิตลูกอมและลูกกวาด เช่น คาราเมล นูกาท์ (nougats) ฟองดองท์ (fondant) ช็อกโกแลตขาว การผลิตหมากฝรั่ง การแช่อิ่มผลไม้ถั่วเปลือกแข็ง เปลือกผลไม้และส่วนอื่น ๆ ของพืช ฯลฯ รวมทั้งการผลิตเม็ดอมและยาอม 
แต่ไม่รวมถึง 
- การผลิตน้ำตาลทรายบริสุทธิ์ดูหมู่ย่อย 1072
","1"
69,1074,107,การผลิตมักกะโรนีเส้นก๋วยเตี๋ยว คูสคูสและผลิตภัณฑ์อาหารจำพวกแป้งที่คล้ายกัน,"Manufacture of macaroni, noodles, couscous and similar farinaceous products","หมู่ย่อยนี้รวมถึงการผลิตพาสต้า เช่น มักกะโรนีและเส้นก๋วยเตี๋ยว ทั้งสุกและไม่สุก มีไส้หรือไม่มีไส้ฯลฯ การผลิตคูสคูส และการผลิตผลิตภัณฑ์พาสต้าบรรจุกระป๋องหรือแช่แข็ง 
แต่ไม่รวมถึง 
- การผลิตคูสคูสที่ปรุงสุกแล้ว ดูหมู่ย่อย 1075 
- การผลิตซุปที่มีพาสต้าเป็นส่วนผสม ดูหมู่ย่อย 1079
","1"
70,1075,107,การผลิตอาหารปรุงสำเร็จ,Manufacture of prepared meals and dishes,"หมู่ย่อยนี้รวมถึงการผลิตอาหารปรุงสำเร็จพร้อมบริโภค (หั่นเป็นชิ้น ๆ ไว้แล้วมีเครื่องปรุง พร้อมหรือปรุงสุกแล้ว) ซึ่งผ่านกระบวนการถนอม ในรูปของการแช่แข็งหรือการบรรจุ กระป๋อง ซึ่งมักจะบรรจุหีบห่อหรือซองและติดฉลากไว้เพื่อการจำหน่าย แต่ไม่ไช่การเตรียม ไว้ปรุงเพื่อการบริโภคในทันทีเช่น ในร้านอาหาร นอกจากนี้ยังรวมถึง การผลิตเนื้อสัตว์ และเนื้อสัตว์ปีกปรุงสำเร็จ การผลิตอาหารประเภทปลาปรุงสำเร็จ รวมทั้งฟิชแอนด์ชิพส์ การผลิตผักปรุงสำเร็จ การผลิตสตูว์กระป๋องและอาหารปรุงสำเร็จที่บรรจุในภาชนะที่ปิดสนิท โดยวิธีสุญญากาศ การผลิตอาหารปรุงสำเร็จชนิดอื่น ๆ (เช่น ทีวีดินเนอร์ฯลฯ) การผลิต พิซซ่าแช่แข็งหรือพิซซ่าประเภทอื่น ๆ
แต่ไม่รวมถึง 
- การผลิตอาหารสดหรืออาหารที่มีส่วนประกอบหลักเพียงชนิดเดียว ดูหมวดย่อย 10 
- การเตรียมอาหารแบบเป็นมื้อ และแบบพร้อมบริโภค ดูหมวดย่อย 56 
- กิจกรรมการบริการอาหารของผู้รับเหมาดำเนินการ ดูหมู่ย่อย 5629
","1"
71,1076,107,การผลิตกาแฟ ชาและสมุนไพรผงสำหรับชงเป็นเครื่องดื่ม,"Manufacture of coffee, tea and herb infusion","ในหมู่ย่อยนี้ได้แก่ การผลิตกาแฟ ชาและชามาเต้ รวมถึงสมุนไพรผงสำหรับชงเป็น เครื่องดื่ม ชนิดกึ่งสำเร็จรูปหรือที่ยังไม่พร้อมดื่ม แต่ไม่รวมถึง 
- การผลิตสุรา เบียร์ไวน์และเครื่องดื่มที่ไม่มีแอลกอฮอล์ดูหมวดย่อย 11 
- การผลิตเครื่องดื่มกาแฟ ชาและชาชงสมุนไพรพร้อมดื่ม ดูกิจกรรม 11043
","1"
72,1077,107,การผลิตเครื่องปรุงอาหารประจำโต๊ะและเครื่องประกอบอาหาร,"Manufacture of processed spices, sauces, condiments, and other cooking products","
","1"
73,1079,107,การผลิตผลิตภัณฑ์อาหารอื่น ๆ ซึ่งมิได้จัดประเภทไว้ในที่อื่น,Manufacture of other food products not elsewhere classified,"หมู่ย่อยนี้รวมถึงการผลิตซุปและน้ำซุป การผลิตอาหารพิเศษ เช่น อาหารสูตรสำหรับทารก นมและอาหารสูตรต่อเนื่อง อาหารสำหรับเด็กอ่อน อาหารที่มีส่วนผสมบรรจุโดยผ่านการ โฮโมจีไนส์การผลิตน้ำผึ้งเทียมและคาราเมล การผลิตอาหารที่เน่าเสียง่าย เช่น แซนด์วิชิซซ่าสด (ที่ยังมิได้อบ) ฯลฯ การผลิตยีสต์การผลิตสารสกัดจากเนื้อสัตว์ปลาและสัตว์น้ำ จำพวกครัสตาเซียและโมลลุสก์การผลิตนมเทียมและเนยแข็งเทียม การผลิตผลิตภัณฑ์ จากไข่ โปรตีนจากไข่ขาว และการผลิตหัวเชื้อสังเคราะห์เข้มข้น
แต่ไม่รวมถึง 
- การปลูกพืชประเภทเครื่องเทศ ดูหมู่ย่อย 0128 
- การผลิตอินูลิน ดูหมู่ย่อย 1062 
- การผลิตอาหารสำเร็จรูปที่เน่าเสียง่ายที่ทำจากผลไม้สดและผักสด เช่น สลัด ผักที่ปอก หรือหั่นแล้ว เต้าหู้ฯลฯ ดูหมู่ย่อย 1030 
- การผลิตพิซซ่าแช่แข็ง ดูหมู่ย่อย 1075 การผลิตสุรา เบียร์ ไวน์และเครื่องดื่มที่ไม่มี แอลกอฮอล์ดูหมวดย่อย 11 
- การเตรียมผลิตภัณฑ์พืชสมุนไพรสำหรับใช้ทางเภสัชภัณฑ์ดูหมู่ย่อย 2100
","1"
74,1080,108,การผลิตอาหารสำเร็จรูปสำหรับเลี้ยงสัตว์,Manufacture of prepared animal feeds,"หมู่ย่อยนี้รวมถึงการผลิตอาหารสำเร็จรูปสำหรับเลี้ยงสัตว์เลี้ยง ได้แก่ สุนัข แมว นก ปลา ฯลฯ การผลิตอาหารสำเร็จรูปสำหรับเลี้ยงปศุสัตว์ในฟาร์ม ทั้งหัวอาหารและอาหารเสริม การผลิตอาหารเฉพาะฟาร์มสำหรับปศุสัตว์ในฟาร์ม นอกจากนี้ยังรวมถึงกรรมวิธีจัดการกับ ของเหลือหรือผลพลอยได้จากการฆ่าสัตว์เพื่อนำมาผลิตเป็นอาหารสัตว์
แต่ไม่รวมถึง 
- การผลิตปลาป่นสำหรับเลี้ยงสัตว์ดูหมู่ย่อย 1029 
- การผลิตกากเมล็ดพืชที่เหลือจากการแยกน้ำมัน ดูหมู่ใหญ่104 
- กิจกรรมจากผลพลอยได้จากการผลิตอาหารสัตว์โดยไม่ผ่านกรรมวิธีพิเศษ เช่น กากพืช น้ำมัน ดูหมู่ใหญ่104 กากเมล็ดธัญพืช ดูหมู่ย่อย 1061
","1"
75,1101,110,การต้ม การกลั่นและการผสมสุรา,"Distilling, rectifying and blending of spirits","หมู่ย่อยนี้รวมถึงการผลิตเครื่องดื่มที่มีแอลกอฮอล์ด้วยการต้มกลั่น เช่น วิสกี้ บรั่นดียิน สุรา เครื่องดื่มผสม ฯลฯ การผลิตสุรา รวมทั้งการผลิตแอลกอฮอล์ 
แต่ไม่รวมถึง 
- การผลิตเอธิลแอลกอฮอล์ดูหมู่ย่อย 2011 
- การผลิตเครื่องดื่มที่มีแอลกอฮอล์ที่ไม่ใช่จากการต้มกลั่น ดูหมู่ย่อย 1102, 1103
 - การบรรจุขวดและการติดฉลาก ดูหมู่ย่อย 4632 (ถ้าผลิตเป็นส่วนหนึ่งของการขายส่ง) และหมู่ย่อย 8292 (ถ้าผลิต โดยได้รับค่าตอบแทนหรือตามสัญญาจ้าง)
","1"
76,1102,110,การผลิตสุราผลไม้(ไวน์),Manufacture of wines,"หมู่ย่อยนี้รวมถึงการผลิตไวน์การผลิต sparkling wine การผลิตไวน์จากหัวเชื้อองุ่นเข้มข้น การผลิตเครื่องดื่มที่มีแอลกอฮอล์ที่ได้จากการหมักไม่ไช่การต้มกลั่น เช่น เหล้าสาเก เครื่องดื่มที่ได้จากการหมักน้ำแอปเปิ้ล น้ำลูกแพร์ เหล้าน้ำผึ้ง (mead) ไวน์ผลไม้อื่น ๆ และเครื่องดื่มผสมที่มีแอลกอฮอล์ การผลิตเหล้าเวอมุธและเหล้าที่จัดอยู่ในประเภท เดียวกัน นอกจากนี้ยังรวมถึงการผสมไวน์การผลิตไวน์ที่มีแอลกอฮอล์ต่ำหรือไม่มีแอลกอฮอล์ 
แต่ไม่รวมถึง 
- การผลิตน้ำส้มสายชูดูหมู่ย่อย 1077 
- การบรรจุขวดและการติดฉลาก ดูหมู่ย่อย 4632 (ถ้าผลิตเพื่อการขายส่ง )และ 8292 (ถ้ารับจ้างผลิต โดยได้รับค่าตอบแทนหรือตามสัญญาจ้าง)
","1"
77,1103,110,การผลิตมอลต์และสุราที่ทำจากข้าวมอลต,Manufacture of malt liquors and malt,"การผลิตสุราจากข้าวมอลต์ เช่น เบียร์ เหล้าเอล เบียร์ดำ การผลิตมอลต์ นอกจากนี้ยังรวมถึงการผลิตเบียร์ที่มีแอลกอฮอล์ต่ำหรือไม่มีแอลกอฮอล
","1"
78,1104,110,การผลิตเครื่องดื่มที่ไม่มีแอลกอฮอล์การผลิตน้ำแร่และน้ำดื่มบรรจุขวดประเภทอื่น ๆ,Manufacture of soft drinks; production of mineral waters and other bottled waters,"หมู่ย่อยนี้รวมถึงการผลิตเครื่องดื่มที่ไม่มีแอลกอฮอล์ ยกเว้น เบียร์และไวน์ที่ไม่มี แอลกอฮอล์ การผลิตน้ำแร่และน้ำดื่มบรรจุขวดชนิดอื่น ๆ การผลิตเครื่องดื่มที่ไม่มี แอลกอฮอล์และ/หรือเครื่องดื่มรสหวานที่มีการแต่งรสและกลิ่น เช่น น้ำมะนาว น้ำส้ม โคล่า น้ำผลไม้น้ำโทนิค ฯลฯ
แต่ไม่รวมถึง 
- การผลิตน้ำผลไม้และน้ำผัก ดูหมู่ย่อย 1030 - การผลิตเครื่องดื่มที่มีนมเป็นส่วนประกอบหลัก ดูหมู่ย่อย 1050 
- การผลิตผลิตภัณฑ์กาแฟ ชาและส่วนผสม ดูหมู่ย่อย 1076 
- การผลิตเครื่องดื่มที่มีแอลกอฮอล์เป็นส่วนผสมหลัก ดูหมู่ย่อย 1101, 1102, 1103 
- การผลิตไวน์ที่ไม่มีแอลกอฮอล์ดูหมู่ย่อย 1102 
- การผลิตเบียร์ที่ไม่มีแอลกอฮอล์ดูหมู่ย่อย 1103 
- การบรรจุขวดและการติดฉลาก ดูหมู่ย่อย 4632 (ถ้าผลิตเพื่อการขายส่ง)และ หมู่ย่อย 8292 (ถ้ารับจ้างผลิต โดยได้รับค่าตอบแทนหรือตามสัญญาจ้าง)
","1"
79,1200,120,การผลิตผลิตภัณฑ์จากยาสูบ,Manufacture of tobacco products,"หมู่ย่อยนี้รวมถึงกระบวนการผลิตผลิตภัณฑ์ทางการเกษตร คือใบยาสูบ ในรูป ของผลิตภัณฑ์ที่สามารถนำไปใช้ได้ รวมถึงการผลิตผลิตภัณฑ์จากใบยาสูบ และผลิตภัณฑ์ที่แทนใบยาสูบ เช่น ยาสูบ ยาเส้น ซิการ์ยาเส้นสำหรับกล้อง ยาเส้นที่ใช้เคี้ยว ยานัตถุ์ การผลิตยาสูบโดยผ่านการโฮโมจิไนส์หรือคืนรูป นอกจากนี้ยังรวมถึงการบ่มและอบใบยาสูบ แต่ไม่รวมถึง
 - การปลูกหรือการเตรียมการขั้นต้นก่อนการผลิตยาสูบ ดูหมู่ย่อย 0115 และ หมู่ย่อย 0163
","1"
80,1311,131,การเตรียมและการปั่นเส้นใยสิ่งทอ,Preparation and spinning of textile fibres,"หมู่ย่อยนี้รวมถึงการปฏิบัติงานในการเตรียมสิ่งทอ ได้แก่ การสาวไหม การล้างไหม และการลอกกาวไหม การกำจัดไขมันและสิ่งสกปรกออกจากขนแกะ การสางและการหวีเส้นใย ขนสัตว์ พืช และเส้นใยสังเคราะห์ทุกชนิด การปั่นและการผลิตด้ายหรือเส้นด้ายสำหรับ การทอหรือการเย็บเพื่อการพาณิชย์หรือนำไปผ่านกระบวนการอื่น การผลิตเส้นด้ายยืด หรือด้ายย่น การตีเกลียว การควบ การควั่นเกลียวและการจุ่มเส้นด้ายสังเคราะห์ หรือเส้นด้ายเทียม นอกจากนี้ยังรวมถึงการผลิตเส้นด้ายที่ทำจากเซลลูโลส
แต่ไม่รวมถึง 
- การเตรียมการผลิตที่กระทำร่วมกันกับการเกษตรหรือการทำฟาร์ม ดูหมวดย่อย 01 
- การนำพืชแช่น้ำหรือตากน้ำค้างเพื่อผลิตเส้นใยสิ่งทอ (เช่น ปอกระเจา แฟลกส์ ใยมะพร้าว ฯลฯ) ดูหมู่ย่อย 0116 
- การหีบฝ้าย ดูหมู่ย่อย 0163
- การผลิตเส้นใยสังเคราะห์หรือเส้นใยเทียม และกลุ่มของเส้นใยที่ผ่านกระบวนการ ยังไม่สำเร็จรูป การผลิตด้ายเส้นเดี่ยว รวมทั้งเส้นด้ายชนิดที่มีความเหนียวสูงและเส้นด้าย ที่ใช้ทอพรม ซึ่งเป็นเส้นใยสังเคราะห์หรือเส้นใยเทียม ดูหมู่ย่อย 2030 
- การผลิตไฟเบอร์กลาส ดูหมู่ย่อย 2310
","1"
81,1312,131,การทอผ้า,Weaving of textiles,"หมู่ย่อยนี้รวมถึงการผลิตผ้าทอจากด้ายฝ้าย รวมทั้งจากเส้นด้ายขนแกะชนิดหยาบและชนิด ละเอียดหรือไหม รวมทั้งเส้นด้ายสังเคราะห์หรือเส้นด้ายเทียม การผลิตผ้าทอชนิดอื่น ๆ จากแฟลกส์ป่านรามีป่านมานิลา ปอกระเจา เส้นใยพืชและเส้นด้ายพิเศษอื่น ๆ นอกจากนี้ ยังรวมถึงการผลิตผ้ากำมะหยี่หรือผ้าทอแบบเชนิลล์ ผ้าขนหนู ผ้าก๊อซ (ผ้าพันแผล) ฯลฯ การผลิตสิ่งทอจากใยแก้ว การผลิตเส้นใยคาร์บอน การผลิตเส้นด้ายอารมิดและการผลิต ผ้าหนังขนสัตว์เทียม
แต่ไม่รวมถึง 
- การผลิตผ้าถัก และผ้าถักโครเชต์ดูหมู่ย่อย 1391 
- การผลิตสิ่งทอที่ใช้ปูพื้น ดูหมู่ย่อย 1393 
- การผลิตผ้าที่ไม่ได้ทอ (non-woven) และผ้าสักหลาด ดูหมู่ย่อย 1399 
- การผลิตผ้าหน้าแคบ ดูหมู่ย่อย 1399
","1"
82,1313,131,การตกแต่งสำเร็จสิ่งทอ,Finishing of textiles,"หมู่ย่อยนี้รวมถึงการฟอกขาว การย้อมสีเส้นใย เส้นด้าย ผ้า และวัสดุสิ่งทอ รวมถึง ผ้าสำหรับตัดเครื่องแต่งกาย การตกแต่ง การอบแห้ง การอบไอน้ำ การทำผ้าให้หดตัว ได้ขนาด การซ่อมผ้าก่อนเข้าสู่กระบวนการตกแต่งสำเร็จ การควบคุมการยืดหดของผ้า และการชุบมัน สิ่งทอ วัสดุสิ่งทอและผ้าสำหรับตัดเครื่องแต่งกาย นอกจากนี้ยังรวมถึง การฟอกยีน การอัดพลีตและการจับจีบ การกันน้ำ การเคลือบหรือการฉาบผิวด้วยยาง รวมทั้งการตกแต่งสำเร็จเสื้อผ้าสำเร็จรูป และการพิมพ์ซิลค์สกรีนบนผ้าและผ้าสำหรับตัด เครื่องแต่งกาย 
แต่ไม่รวมถึง 
- การผลิตผ้าใบเคลือบยาง ที่มียางเป็นองค์ประกอบหลัก ดูหมู่ย่อย 2219
","1"
83,1391,139,การผลิตผ้าถัก และผ้าถักโครเชต,Manufacture of knitted and crocheted fabrics,"การผลิตและการแปรรูปของผ้าถัก และผ้าถักโครเชต์ผ้าขนและผ้าขนหนูผ้าตาข่าย และผ้าตกแต่งหน้าต่างที่ถักบนเครื่องจักรราเชล หรือเครื่องจักรที่คล้ายกัน ผ้าถัก และผ้าถักโครเชต์นอกจากนี้ยังรวมถึงการผลิตผ้าหนังขนสัตว์เทียมด้วยการถัก แต่ไม่รวมถึง 
- การผลิตผ้าตาข่าย และผ้าตกแต่งหน้าต่างลูกไม้ที่ถักบนเครื่องจักรราเชล (Raschel) หรือบนเครื่องจักรที่คล้ายกัน ดูหมู่ย่อย 1399 
- การผลิตเสื้อผ้าเครื่องแต่งกายด้วยการถัก และถักโครเชต์ดูหมู่ย่อย 1430
","1"
84,1392,139,การผลิตวัสดุสิ่งทอสำเร็จรูป ยกเว้น เครื่องแต่งกาย,"Manufacture of made-up textile articles, except apparel","หมู่ย่อยนี้รวมถึงการผลิตวัสดุสำเร็จรูปที่ทำจากวัสดุที่เป็นสิ่งทอ รวมทั้งผ้าถัก และผ้าถักโครเชต์ ผ้าห่ม รวมถึงผ้าปูพื้นที่ใช้ในการเดินทาง ผ้าปูเตียง ผ้าปูโต๊ะ ผ้าปูในห้องน้ำ ผ้าปูในครัว ผ้าห่มนวม ผ้าเช็ดตัวหรือผ้าเช็ดมือ ผ้านวม เบาะรองนั่ง หมอนอิง หมอน ถุงนอน ฯลฯ การผลิตวัสดุสำเร็จรูปสำหรับการตกแต่ง ผ้าม่าน ม่านแขวน ม่านบังตา ผ้าคลุมเตียง ผ้าคลุมเฟอร์นิเจอร์หรือคลุมเครื่องจักร ฯลฯ ผ้าใบคลุมของ เต็นท์ อุปกรณ์ ในการตั้งแคมป์ใบเรือ ผ้าใบบังแดด ผ้าใบคลุมรถ คลุมเครื่องจักรหรือคลุมเฟอร์นิเจอร์ฯลฯ ธง ป้ายผ้า ธงเรือ ฯลฯ ผ้าปัดฝุ่น ผ้าเช็ดจาน และวัสดุที่คล้ายกัน เสื้อชูชีพ ร่มชูชีพ ฯลฯ นอกจากนี้ยังรวมถึงการผลิตส่วนของสิ่งทอสำหรับผ้าห่มไฟฟ้า การผลิตผ้าทอมือ ที่ใช้ประดับข้างฝา และการผลิตวัสดุที่ใช้คลุมยางรถยนต์
แต่ไม่รวมถึง 
- การผลิตวัสดุสิ่งทอเพื่อใช้ในงานเทคนิคอื่น ๆ ดูหมู่ย่อย 1399
","1"
85,1393,139,การผลิตพรมและพรมหนา,Manufacture of carpets and rugs,"การผลิตสิ่งทอที่ใช้ปูพื้น พรม พรมหนา และพรมเช็ดเท้า ฉนวนกันความร้อน บนหลังคา นอกจากนี้ยังรวมถึงการผลิตผ้าสักหลาดปูพื้นด้วยเครื่องถักด้วยเข็ม 
แต่ไม่รวมถึง 
- การผลิตเสื่อและผ้าปูพื้นที่ทำจากวัสดุถักสาน ดูหมู่ย่อย 1629 - การผลิตไม้ก๊อกปูพื้น ดูหมู่ย่อย 1629 
- การผลิตเครื่องปูพื้นที่ทำจากพลาสติก เช่น ไวนิล ลิโนเลียม ดูหมู่ย่อย 2221
","1"
86,1394,139,การผลิตเชือก เชือกเส้นใหญ่ ตาข่าย แห และอวน,"Manufacture of cordage, rope, twine and netting","การผลิตเชือก เชือกเส้นใหญ่ สายเคเบิลหรือสิ่งที่มีลักษณะเป็นเชือก จุ่ม เคลือบ ฉาบหรือหุ้มด้วยยางหรือพลาสติก การผลิตแหหรืออวนที่ถัก ด้วยเชือก การผลิตผลิตภัณฑ์ที่ทำจากเชือกหรือตาข่าย แห อวน เชือกจูงเรือ เชือกสลิงหรือสายเคเบิลที่ติดกับห่วงโลหะ 
แต่ไม่รวมถึง 
- การผลิตตาข่ายคลุมผม ดูหมู่ย่อย 1413 
- การผลิตสายลวด ดูหมู่ย่อย 2595
","1"
87,1399,139,การผลิตสิ่งทอชนิดอื่น ๆ ซึ่งมิได้จัดประเภทไว้ในที่อื่น,Manufacture of other textile not elsewhere classified,"หมู่ย่อยนี้รวมถึงกิจกรรมอื่น ๆ ทั้งหมดที่เกี่ยวข้องกับสิ่งทอหรือผลิตภัณฑ์สิ่งทอ ซึ่ง มิได้ระบุไว้ในหมวดย่อย 13 หรือ14 ที่เกี่ยวข้องกับกระบวนการต่าง ๆ มากมายในการผลิต และในความหลากหลายของผลิตภัณฑ์สินค้าที่ผลิตขึ้น รวมถึงการผลิตผ้าทอหน้าแคบ รวมถึงผ้าที่มีแต่ด้ายยืนโดยไม่มีด้ายพุ่งโดยขึ้นรูปด้วยวิธีติดกาว การผลิตป้าย ผ้าแถบเครื่องหมาย การผลิตเครื่องประดับตกแต่ง เช่น แถบถักแบบเปีย พู่ห้อย พู่ประดับการผลิตผ้าสักหลาด การผลิตผ้าตาข่าย ผ้าลูกไม้และผ้าปักเป็นชิ้นเป็นเส้นหรือเป็น ลวดลาย การผลิตผ้าที่จุ่ม เคลือบ ฉาบผิว ชุบหรือหุ้มด้วยพลาสติก การผลิตเส้นด้าย ที่มีส่วนผสมของโลหะ เส้นด้ายและเส้นเชือกที่ทำจากยางหุ้มด้วยวัสดุสิ่งทอ เส้นด้ายสิ่งทอ ที่จุ่ม เคลือบ ฉาบหรือหุ้มด้วยยางหรือพลาสติก การผลิตผ้าใบยางล้อที่ทำจากเส้นใย ประดิษฐ์ที่ทนแรงดันสูง การผลิตผ้าเคลือบชนิดอื่น ๆ เช่น ผ้าลอกลาย ผ้าใบสำหรับช่างเขียน ผ้าแข็งซับในและผ้าที่มีลักษณะแข็งคล้ายกัน ผ้าที่เคลือบด้วยยางไม้หรือสารอะมิเลเซียส การผลิตวัสดุอื่น ๆ จากสิ่งทอ เช่น ไส้ตะเกียงก๊าซ ไส้ตะเกียงจากการทอหรือถัก สายพาน ลำเลียงและสายพานอื่น ๆ (ไม่ว่าจะเสริมด้วยโลหะ หรือด้วยวัสดุอื่น ๆ) ผ้าร่อน ผ้ากรอง ของตกแต่งรถยนต์การผลิตผ้าเทปชนิดอ่อนไหวต่อแรงดัน การผลิตผ้าใบสำหรับศิลปิน และผ้าลอกลาย การผลิตเชือกผูกรองเท้าที่ทำจากสิ่งทอ รวมทั้งการผลิตพัฟสำหรับผัดหน้า และถุงมือ
แต่ไม่รวมถึง 
- การผลิตผ้าสักหลาดปูพื้นจากเครื่องถักด้วยเข็ม ดูหมู่ย่อย 1393 
- การผลิตเส้นใยอัด เช่น ผ้าอนามัยแบบธรรมดาและแบบสอด ฯลฯ ดูหมู่ย่อย 1709 
- การผลิตสายพานส่งกำลังหรือสายพานลำเลียง ที่ทำจากผ้าทอหรือด้ายหรือเชือก ที่จุ่ม เคลือบ ฉาบหรือหุ้มด้วยยางหรือพลาสติก โดยมียางเป็นส่วนประกอบหลัก ดูหมู่ย่อย 2219 
- การผลิตแผ่นหนาหรือแผ่นบาง ที่ทำจากยางเซลลูลาร์หรือพลาสติก รวมกับสิ่งทอ เพื่อเสริมแรงเท่านั้น ดูหมู่ย่อย 2219 และหมู่ใหญ่222 - การผลิตผ้าที่ทอด้วยเส้นลวด ดูหมู่ย่อย 2595
","1"
88,1411,141,การผลิตเสื้อผ้าเครื่องแต่งกาย ยกเว้น การรับจ้างตัดเย็บเสื้อผ้า,"Manufacture of wearing apparel, except tailoring and dressmaking","หมู่ย่อยนี้รวมถึงการผลิตเสื้อผ้าเครื่องแต่งกาย วัสดุที่ใช้ในการผลิตอาจจะเป็นชนิดใด ๆ ก็ได้และอาจจะเคลือบ ชุบหรือทำจากยางก็ได้(ยกเว้น ขนสัตว์) สำหรับบุรุษ สตรีและเด็ก
แต่ไม่รวมถึง 
- การรับจ้างตัดเย็บเสื้อผ้า ดูกิจกรรม 14120 
- การผลิตเสื้อผ้าเครื่องแต่งกายที่ทำจากขนสัตว์(ยกเว้น เครื่องสวมศีรษะ) ดูกิจกรรม 14200 
- การผลิตรองเท้า ดูหมู่ย่อย 1520 
- การซ่อมเสื้อผ้าเครื่องแต่งกาย ดูกิจกรรม 95293
","1"
89,1412,141,การตัดเย็บเสื้อผ้าตามคำสั่งของลูกค้า,Custom tailoring and dressmaking,"การตัดเย็บเสื้อผ้าเครื่องแต่งกายและเครื่องประกอบเครื่องแต่งกายตามคำสั่งของลูกค้า
","1"
90,1413,141,การผลิตเครื่องประกอบเครื่องแต่งกายซึ่งส่วนใหญ่ทำจากสิ่งทอ,Manufacture of clothing accessories primarily made of textile,"
","1"
91,1420,142,การผลิตสิ่งของต่าง ๆ ที่ทำจากขนสัตว์,Manufacture of articles of fur,"การผลิตสิ่งของที่ทำจากขนสัตว์ เสื้อผ้าเครื่องแต่งกายที่ทำจากขนสัตว์และ เครื่องประกอบอื่น ๆ ของเครื่องแต่งกาย ส่วนประกอบของหนังสัตว์ เช่น แผ่นตัดหนังเป็นวงกลมเป็นแผ่นผืนและเป็นเส้นยาว สิ่งของที่ทำจากขนสัตว์ เช่น พรมหนา เบาะรองนั่ง ผ้าหนังที่ใช้ขัดเงาในงานอุตสาหกรรม
แต่ไม่รวมถึง 
- การผลิตขนสัตว์หยาบ ดูหมู่ใหญ่014 และหมู่ย่อย 0170 
- การผลิตหนังและหนังสัตว์ดูหมู่ย่อย 1011 
- การผลิตผ้าหนังขนสัตว์เทียม (ผ้าที่มีขนสัตว์ที่ได้จากการทอหรือการถัก) ดูหมู่ย่อย 1312 1391 
- การผลิตหมวกขนสัตว์ดูหมู่ย่อย 1413 
- การผลิตเสื้อผ้าเครื่องแต่งกายที่ตกแต่งด้วยขนสัตว์ดูหมู่ย่อย 1411 
- การตกแต่งและการย้อมสีหนังขนสัตว์ดูหมู่ย่อย 1511 
- การผลิตรองเท้าบู๊ตหรือรองเท้าที่มีหนังขนสัตว์ประกอบอยู่ด้วย ดูหมู่ย่อย 1520
","1"
92,1430,143,การผลิตเครื่องแต่งกายด้วยการถัก และถักโครเชต์,Manufacture of knitted and crocheted apparel,"หมู่ย่อยนี้รวมถึงการผลิตเสื้อผ้าเครื่องแต่งกายด้วยการถักและถักโครเชต์และสิ่งของ สำเร็จรูปอื่น ๆ เช่น เสื้อกันหนาวคอปิด เสื้อสเว้ตเตอร์ เสื้อยืด เสื้อกั๊ก และเสื้ออื่น ๆ ในประเภทเดียวกัน การผลิตชุดชั้นใน รวมทั้งถุงเท้า ถุงน่องชนิดสั้นและยาว 
แต่ไม่รวมถึง 
- การผลิตผ้าถักและผ้าถักโครเชต์ดูหมู่ย่อย 1391
","1"
93,1511,151,การฟอกและการตกแต่งเครื่องหนัง การตกแต่งและการย้อมสีหนังขนสัตว,Tanning and dressing of leather; dressing and dyeing of fur,"การฟอก การย้อมสีและการตกแต่งหนังสัตว์ การผลิต ตกแต่งหนังชามัวส์ กระดาษหนัง หนังมันหรือหนังที่มีแร่โลหะเป็นส่วนผสม การผลิตหนังอัด รวมทั้ง การขูดหนัง การแปรงขน การฟอก การย้อมสีการตัดขน การถอนขน และการย้อมสีหนังขนสัตว์
แต่ไม่รวมถึง 
- การผลิตหนังสัตว์ที่เป็นส่วนหนึ่งของฟาร์ม ดูหมู่ใหญ่014 
- การผลิตหนังสัตว์ที่ได้จากการฆ่าสัตว์ดูหมู่ย่อย 1011 
- การผลิตเสื้อผ้าเครื่องแต่งกายที่ทำจากหนัง ดูหมู่ย่อย 1411 
- การผลิตหนังเทียมที่ไม่ได้มีหนังธรรมชาติเป็นพื้นฐาน ดูหมู่ย่อย 2219 และ 2229
","1"
94,1512,151,การผลิตกระเป๋าเดินทาง กระเป๋าถือ และกระเป๋าอื่น ๆ ที่คล้ายกัน อานและเครื่อง ลากเทียมสัตว์,"Manufacture of luggage, handbags and the like, saddlery and harness","หมู่ย่อยนี้รวมถึงการผลิตกระเป๋าเดินทาง กระเป๋าถือ และกระเป๋าอื่น ๆ ที่คล้ายกัน ซึ่งทำจากเครื่องหนัง หนังอัดหรือด้วยวัสดุอื่น ๆ เช่น แผ่นพลาสติก วัสดุสิ่งทอ เส้นใยเทียม หรือกระดาษอัด โดยใช้เทคโนโลยีการผลิตวิธีเดียวกัน การผลิตอานและเครื่องลากเทียมสัตว์ การผลิตสายนาฬิกาที่ไม่ได้ทำจากโลหะ (เช่น ผ้า หนัง พลาสติก) การผลิตวัสดุอื่น ๆ อีกหลายชนิดที่ทำจากหนัง หรือหนังอัด เข็มขัดรถยนต์ เข็มขัดรัดห่อของ ฯลฯ การผลิต เชือกผูกรองเท้าหนัง การผลิตแส้ม้าและสายบังเหียน 
แต่ไม่รวมถึง 
- การผลิตเสื้อผ้าเครื่องแต่งกายที่ทำจากหนัง ดูหมู่ย่อย 1411 
- การผลิตถุงมือและหมวกที่ทำจากหนัง ดูหมู่ย่อย 1411 
- การผลิตรองเท้า ดูหมู่ย่อย 1520 
- การผลิตอานจักรยาน ดูหมู่ย่อย 3092 
- การผลิตสายนาฬิกาที่ทำจากโลหะมีค่า ดูหมู่ย่อย 3211 
- การผลิตสายนาฬิกาที่ไม่ได้ทำจากโลหะมีค่า ดูหมู่ย่อย 3212 
- การผลิตเข็มขัดนิรภัยสำหรับคนงานปีนที่สูง และเข็มขัดอื่น ๆ ที่ใช้ในการทำงาน ดูหมู่ย่อย 3290
","1"
95,1520,152,การผลิตรองเท้า,Manufacture of footwear,"หมู่ย่อยนี้รวมถึงการผลิตรองเท้าทุกประเภทด้วยวัสดุอื่น ๆ ด้วยกระบวนการต่าง ๆ รวมถึง การอัดจากแบบ การผลิตส่วนประกอบต่าง ๆ ของรองเท้าหนัง เช่น การผลิตส่วนบนของ รองเท้า และชิ้นส่วนของส่วนบน ส่วนนอกและส่วนใน การผลิตส้นรองเท้า ฯลฯ การผลิต สนับแข้ง เครื่องหุ้มขาและของใช้ที่คล้ายกัน แต่ไม่รวมถึง 
- การผลิตรองเท้าที่ทำจากผ้าที่ไม่มีส้น ดูหมู่ย่อย 1413 
- การผลิตชิ้นส่วนของรองเท้าที่เป็นไม้(เช่น ส้นรองเท้าและหุ่นทำรองเท้า) ดูหมู่ย่อย 1629 
- การผลิตชิ้นส่วนรองเท้าที่ทำจากพลาสติก ดูหมู่ย่อย 2229 
- การผลิตรองเท้าบู๊ตยาง และรองเท้าที่มีส้นและพื้นเป็นยาง และชิ้นส่วนอื่น ๆ ของรองเท้า ที่ทำจากยาง ดูหมู่ย่อย 2219 
- การผลิตรองเท้าสกีดูหมู่ย่อย 3230 - การผลิตรองเท้าสำหรับการศัลยกรรมกระดูก ดูหมู่ย่อย 3250
","1"
96,1610,161,การเลื่อยไม้และการไสไม,Sawmilling and planing of wood,"หมู่ย่อยนี้รวมถึงการเลื่อย การไสและการแปรรูปไม้ด้วยเครื่องจักร การฝาน การปอกและ การสับชิ้นไม้ท่อนซุง การผลิตไม้หมอนรถไฟ การผลิตชิ้นไม้ปูพื้นที่ยังมิได้ประกอบเข้าด้วยกัน การผลิตฝอยไม้ ฝุ่นไม้ชิ้นไม้สับ เศษชิ้นไม้ นอกจากนี้ยังรวมถึงการอบไม้และการอัด น้ำยาไม้หรือการรักษาเนื้อไม้ด้วยสารเคมีหรือวัสดุอื่น ๆ 
แต่ไม่รวมถึง 
- การทำไม้การผลิตไม้ที่ยังมิได้แปรรูป ดูหมู่ย่อย 0220 
- การผลิตแผ่นไม้บาง เพื่อทำไม้อัด แผ่นไม้อัด และแผ่นไม้สี่เหลี่ยม ดูหมู่ย่อย 1621 
- การผลิตแผ่นไม้มุงหลังคา การทำคิ้วไม้และแบบไม้ดูหมู่ย่อย 1622
","1"
97,1621,162,การผลิตแผ่นไม้บาง และผลิตภัณฑ์ไม้,Manufacture of veneer sheets and wood-based panels,"การผลิตแผ่นไม้บาง ที่จะใช้ทำไม้อัดหรือเพื่อวัตถุประสงค์อื่น ๆ ได้แก่การทำให้เรียบ การย้อมสีการเคลือบ การตกแต่ง การเสริมให้แข็งแรง (ด้วยการบุกระดาษ หรือผ้าไว้ด้านหลัง) การผลิตไม้อัดตามแบบมาตรฐานที่กำหนดให้การผลิตไม้อัด แผ่นไม้บาง แผ่นไม้ประสานและแผ่นไม้ที่มีลักษณะคล้ายกันประกอบเป็นชิ้น การผลิตแผ่นชิ้นไม้อัดและแผ่นใยไม้อัด การผลิตไม้จากการอัดด้วยแรงดันสูง รวมทั้งการผลิตไม้ที่เคลือบด้วยกาว ไม้บางอัดแผ่น
","1"
98,1622,162,การผลิตโครงสร้างที่ใช้ในการก่อสร้าง และเครื่องประกอบอาคาร,Manufacture of builders’ carpentry and joinery,"การผลิตไม้เครื่องที่ใช้ในอุตสาหกรรมการก่อสร้างเป็นหลัก เช่น คาน จันทัน ไม้ค้ำหลังคา เสาไม้รับหลังคาที่ต่อกันด้วยกาวหรือโลหะ ประตู หน้าต่าง วงกบ และกรอบบานไม้สำหรับประตูและหน้าต่างซึ่งอาจจะมีบานพับ และกลอน เป็นโลหะประกอบอยู่ด้วย บันได ระเบียง คิ้วไม้แบบไม้และแผ่นไม้มุงหลังคา พื้นไม้ปาเก้แผ่นกระดาน ที่ประกอบเข้าด้วยกันแล้ว การผลิตสิ่งก่อสร้าง สำเร็จรูปที่ทำจากไม้เป็นหลัก การผลิตบ้านเคลื่อนที่ รวมทั้งการผลิต ฉากไม้กั้นห้อง (ยกเว้น ประเภทตั้งพื้น) 
แต่ไม่รวมถึง 
- การผลิตชิ้นไม้ปูพื้นที่ยังมิได้ประกอบเข้าด้วยกัน ดูหมู่ย่อย 1610 
- การผลิตตู้ในครัว ตู้หนังสือ ตู้เสื้อผ้า ฯลฯ ดูหมู่ย่อย 3100 
- การผลิตฉากไม้กั้นห้องประเภทตั้งพื้น ดูหมู่ย่อย 3100
","1"
99,1623,162,การผลิตภาชนะบรรจุที่ทำจากไม้,Manufacture of wooden containers,"การผลิตหีบ กล่อง ลังไม้และภาชนะบรรจุที่คล้ายกันซึ่งทำจากไม้การผลิต แผ่นไม้กล่องที่ทำจากแผ่นไม้และแผ่นไม้อื่น ๆ ที่ใช้ขนย้ายสินค้าหรือ รองรับสินค้า การผลิตถังไม้ชนิดต่าง ๆ (ถังกลม ถังใหญ่และอ่าง) และ ส่วนประกอบของผลิตภัณฑ์ถังไม้แกนม้วนสายเคเบิลที่ทำจากไม้ รวมถึง การอบความร้อนหรือรมยาเพื่อควบคุมศัตรูพืชที่จะเจาะไม้ 
แต่ไม่รวมถึง 
- การผลิตกระเป๋าเดินทาง ดูหมู่ย่อย 1512 
- การผลิตหีบที่ทำจากวัสดุถักสาน ดูหมู่ย่อย 1629 
- การอบหรือรมยาภาชนะที่ทำจากไม้ที่ใช้แล้ว ดูกิจกรรม 81293
","1"
